ISO-10303-21;
HEADER;
FILE_DESCRIPTION(('Open CASCADE Model'),'2;1');
FILE_NAME('Open CASCADE Shape Model','2026-09-06T07:05:39',('Author'),(
    'Open CASCADE'),'Open CASCADE STEP processor 7.9','Open CASCADE 7.9'
  ,'Unknown');
FILE_SCHEMA(('AUTOMOTIVE_DESIGN { 1 0 10303 214 1 1 1 1 }'));
ENDSEC;
DATA;
#1 = APPLICATION_PROTOCOL_DEFINITION('international standard',
  'automotive_design',2000,#2);
#2 = APPLICATION_CONTEXT(
  'core data for automotive mechanical design processes');
#3 = SHAPE_DEFINITION_REPRESENTATION(#4,#10);
#4 = PRODUCT_DEFINITION_SHAPE('','',#5);
#5 = PRODUCT_DEFINITION('design','',#6,#9);
#6 = PRODUCT_DEFINITION_FORMATION('','',#7);
#7 = PRODUCT('Open CASCADE STEP translator 7.9 3',
  'Open CASCADE STEP translator 7.9 3','',(#8));
#8 = PRODUCT_CONTEXT('',#2,'mechanical');
#9 = PRODUCT_DEFINITION_CONTEXT('part definition',#2,'design');
#10 = ADVANCED_BREP_SHAPE_REPRESENTATION('',(#11,#15),#7528);
#11 = AXIS2_PLACEMENT_3D('',#12,#13,#14);
#12 = CARTESIAN_POINT('',(0.,0.,0.));
#13 = DIRECTION('',(0.,0.,1.));
#14 = DIRECTION('',(1.,0.,-0.));
#15 = MANIFOLD_SOLID_BREP('',#16);
#16 = CLOSED_SHELL('',(#17,#261,#499,#575,#767,#945,#1290,#1419,#2831,
    #2881,#4193,#4242,#4269,#4344,#4420,#4521,#4621,#4716,#4765,#4814,
    #4853,#4981,#5030,#5079,#5179,#5274,#5323,#5362,#5577,#5604,#5631,
    #5819,#5895,#5972,#6022,#6099,#6170,#6217,#6256,#6332,#6381,#6430,
    #6479,#6528,#6555,#6594,#6671,#6748,#6797,#6874,#6945,#6992,#7031,
    #7107,#7156,#7205,#7254,#7303,#7330,#7369,#7396,#7423,#7450,#7477,
    #7515,#7521));
#17 = ADVANCED_FACE('',(#18,#137,#168,#199,#230),#32,.T.);
#18 = FACE_BOUND('',#19,.T.);
#19 = EDGE_LOOP('',(#20,#55,#83,#111));
#20 = ORIENTED_EDGE('',*,*,#21,.F.);
#21 = EDGE_CURVE('',#22,#24,#26,.T.);
#22 = VERTEX_POINT('',#23);
#23 = CARTESIAN_POINT('',(56.860091679958,50.,39.6));
#24 = VERTEX_POINT('',#25);
#25 = CARTESIAN_POINT('',(56.860091679958,-50.,39.6));
#26 = SURFACE_CURVE('',#27,(#31,#43),.PCURVE_S1.);
#27 = LINE('',#28,#29);
#28 = CARTESIAN_POINT('',(56.860091679958,-25.,39.6));
#29 = VECTOR('',#30,1.);
#30 = DIRECTION('',(0.,-1.,-0.));
#31 = PCURVE('',#32,#37);
#32 = PLANE('',#33);
#33 = AXIS2_PLACEMENT_3D('',#34,#35,#36);
#34 = CARTESIAN_POINT('',(0.,4.622691118783E-14,39.6));
#35 = DIRECTION('',(-1.224646799147E-16,0.,1.));
#36 = DIRECTION('',(-1.,0.,-1.224646799147E-16));
#37 = DEFINITIONAL_REPRESENTATION('',(#38),#42);
#38 = LINE('',#39,#40);
#39 = CARTESIAN_POINT('',(-56.86009167995,25.));
#40 = VECTOR('',#41,1.);
#41 = DIRECTION('',(-0.,1.));
#42 = ( GEOMETRIC_REPRESENTATION_CONTEXT(2) 
PARAMETRIC_REPRESENTATION_CONTEXT() REPRESENTATION_CONTEXT('2D SPACE',''
  ) );
#43 = PCURVE('',#44,#49);
#44 = PLANE('',#45);
#45 = AXIS2_PLACEMENT_3D('',#46,#47,#48);
#46 = CARTESIAN_POINT('',(56.860091679958,-50.,35.));
#47 = DIRECTION('',(-1.,0.,-1.224646799147E-16));
#48 = DIRECTION('',(-1.224646799147E-16,0.,1.));
#49 = DEFINITIONAL_REPRESENTATION('',(#50),#54);
#50 = LINE('',#51,#52);
#51 = CARTESIAN_POINT('',(4.6,25.));
#52 = VECTOR('',#53,1.);
#53 = DIRECTION('',(0.,-1.));
#54 = ( GEOMETRIC_REPRESENTATION_CONTEXT(2) 
PARAMETRIC_REPRESENTATION_CONTEXT() REPRESENTATION_CONTEXT('2D SPACE',''
  ) );
#55 = ORIENTED_EDGE('',*,*,#56,.F.);
#56 = EDGE_CURVE('',#57,#22,#59,.T.);
#57 = VERTEX_POINT('',#58);
#58 = CARTESIAN_POINT('',(-25.,50.,39.6));
#59 = SURFACE_CURVE('',#60,(#64,#71),.PCURVE_S1.);
#60 = LINE('',#61,#62);
#61 = CARTESIAN_POINT('',(-12.5,50.,39.6));
#62 = VECTOR('',#63,1.);
#63 = DIRECTION('',(1.,0.,1.224646799147E-16));
#64 = PCURVE('',#32,#65);
#65 = DEFINITIONAL_REPRESENTATION('',(#66),#70);
#66 = LINE('',#67,#68);
#67 = CARTESIAN_POINT('',(12.5,-50.));
#68 = VECTOR('',#69,1.);
#69 = DIRECTION('',(-1.,0.));
#70 = ( GEOMETRIC_REPRESENTATION_CONTEXT(2) 
PARAMETRIC_REPRESENTATION_CONTEXT() REPRESENTATION_CONTEXT('2D SPACE',''
  ) );
#71 = PCURVE('',#72,#77);
#72 = PLANE('',#73);
#73 = AXIS2_PLACEMENT_3D('',#74,#75,#76);
#74 = CARTESIAN_POINT('',(-25.,50.,40.));
#75 = DIRECTION('',(0.,1.,0.));
#76 = DIRECTION('',(1.,0.,1.224646799147E-16));
#77 = DEFINITIONAL_REPRESENTATION('',(#78),#82);
#78 = LINE('',#79,#80);
#79 = CARTESIAN_POINT('',(12.5,0.4));
#80 = VECTOR('',#81,1.);
#81 = DIRECTION('',(1.,0.));
#82 = ( GEOMETRIC_REPRESENTATION_CONTEXT(2) 
PARAMETRIC_REPRESENTATION_CONTEXT() REPRESENTATION_CONTEXT('2D SPACE',''
  ) );
#83 = ORIENTED_EDGE('',*,*,#84,.F.);
#84 = EDGE_CURVE('',#85,#57,#87,.T.);
#85 = VERTEX_POINT('',#86);
#86 = CARTESIAN_POINT('',(-25.,-50.,39.6));
#87 = SURFACE_CURVE('',#88,(#92,#99),.PCURVE_S1.);
#88 = LINE('',#89,#90);
#89 = CARTESIAN_POINT('',(-25.,-25.,39.6));
#90 = VECTOR('',#91,1.);
#91 = DIRECTION('',(0.,1.,0.));
#92 = PCURVE('',#32,#93);
#93 = DEFINITIONAL_REPRESENTATION('',(#94),#98);
#94 = LINE('',#95,#96);
#95 = CARTESIAN_POINT('',(25.,25.));
#96 = VECTOR('',#97,1.);
#97 = DIRECTION('',(0.,-1.));
#98 = ( GEOMETRIC_REPRESENTATION_CONTEXT(2) 
PARAMETRIC_REPRESENTATION_CONTEXT() REPRESENTATION_CONTEXT('2D SPACE',''
  ) );
#99 = PCURVE('',#100,#105);
#100 = PLANE('',#101);
#101 = AXIS2_PLACEMENT_3D('',#102,#103,#104);
#102 = CARTESIAN_POINT('',(-25.,-50.,40.));
#103 = DIRECTION('',(-1.,0.,-1.224646799147E-16));
#104 = DIRECTION('',(0.,1.,0.));
#105 = DEFINITIONAL_REPRESENTATION('',(#106),#110);
#106 = LINE('',#107,#108);
#107 = CARTESIAN_POINT('',(25.,0.4));
#108 = VECTOR('',#109,1.);
#109 = DIRECTION('',(1.,0.));
#110 = ( GEOMETRIC_REPRESENTATION_CONTEXT(2) 
PARAMETRIC_REPRESENTATION_CONTEXT() REPRESENTATION_CONTEXT('2D SPACE',''
  ) );
#111 = ORIENTED_EDGE('',*,*,#112,.F.);
#112 = EDGE_CURVE('',#24,#85,#113,.T.);
#113 = SURFACE_CURVE('',#114,(#118,#125),.PCURVE_S1.);
#114 = LINE('',#115,#116);
#115 = CARTESIAN_POINT('',(62.5,-50.,39.6));
#116 = VECTOR('',#117,1.);
#117 = DIRECTION('',(-1.,0.,-1.224646799147E-16));
#118 = PCURVE('',#32,#119);
#119 = DEFINITIONAL_REPRESENTATION('',(#120),#124);
#120 = LINE('',#121,#122);
#121 = CARTESIAN_POINT('',(-62.5,50.));
#122 = VECTOR('',#123,1.);
#123 = DIRECTION('',(1.,0.));
#124 = ( GEOMETRIC_REPRESENTATION_CONTEXT(2) 
PARAMETRIC_REPRESENTATION_CONTEXT() REPRESENTATION_CONTEXT('2D SPACE',''
  ) );
#125 = PCURVE('',#126,#131);
#126 = PLANE('',#127);
#127 = AXIS2_PLACEMENT_3D('',#128,#129,#130);
#128 = CARTESIAN_POINT('',(125.,-50.,40.));
#129 = DIRECTION('',(0.,-1.,-0.));
#130 = DIRECTION('',(-1.,0.,-1.224646799147E-16));
#131 = DEFINITIONAL_REPRESENTATION('',(#132),#136);
#132 = LINE('',#133,#134);
#133 = CARTESIAN_POINT('',(62.5,0.4));
#134 = VECTOR('',#135,1.);
#135 = DIRECTION('',(1.,0.));
#136 = ( GEOMETRIC_REPRESENTATION_CONTEXT(2) 
PARAMETRIC_REPRESENTATION_CONTEXT() REPRESENTATION_CONTEXT('2D SPACE',''
  ) );
#137 = FACE_BOUND('',#138,.T.);
#138 = EDGE_LOOP('',(#139));
#139 = ORIENTED_EDGE('',*,*,#140,.F.);
#140 = EDGE_CURVE('',#141,#141,#143,.T.);
#141 = VERTEX_POINT('',#142);
#142 = CARTESIAN_POINT('',(32.5,35.,39.6));
#143 = SURFACE_CURVE('',#144,(#149,#156),.PCURVE_S1.);
#144 = CIRCLE('',#145,2.5);
#145 = AXIS2_PLACEMENT_3D('',#146,#147,#148);
#146 = CARTESIAN_POINT('',(35.,35.,39.6));
#147 = DIRECTION('',(-1.224646799147E-16,0.,1.));
#148 = DIRECTION('',(1.,0.,1.224646799147E-16));
#149 = PCURVE('',#32,#150);
#150 = DEFINITIONAL_REPRESENTATION('',(#151),#155);
#151 = CIRCLE('',#152,2.5);
#152 = AXIS2_PLACEMENT_2D('',#153,#154);
#153 = CARTESIAN_POINT('',(-35.,-35.));
#154 = DIRECTION('',(-1.,0.));
#155 = ( GEOMETRIC_REPRESENTATION_CONTEXT(2) 
PARAMETRIC_REPRESENTATION_CONTEXT() REPRESENTATION_CONTEXT('2D SPACE',''
  ) );
#156 = PCURVE('',#157,#162);
#157 = CYLINDRICAL_SURFACE('',#158,2.5);
#158 = AXIS2_PLACEMENT_3D('',#159,#160,#161);
#159 = CARTESIAN_POINT('',(35.,35.,30.));
#160 = DIRECTION('',(1.224646799147E-16,0.,-1.));
#161 = DIRECTION('',(1.,0.,1.224646799147E-16));
#162 = DEFINITIONAL_REPRESENTATION('',(#163),#167);
#163 = LINE('',#164,#165);
#164 = CARTESIAN_POINT('',(6.28318530718,-9.6));
#165 = VECTOR('',#166,1.);
#166 = DIRECTION('',(-1.,0.));
#167 = ( GEOMETRIC_REPRESENTATION_CONTEXT(2) 
PARAMETRIC_REPRESENTATION_CONTEXT() REPRESENTATION_CONTEXT('2D SPACE',''
  ) );
#168 = FACE_BOUND('',#169,.T.);
#169 = EDGE_LOOP('',(#170));
#170 = ORIENTED_EDGE('',*,*,#171,.F.);
#171 = EDGE_CURVE('',#172,#172,#174,.T.);
#172 = VERTEX_POINT('',#173);
#173 = CARTESIAN_POINT('',(32.5,-35.,39.6));
#174 = SURFACE_CURVE('',#175,(#180,#187),.PCURVE_S1.);
#175 = CIRCLE('',#176,2.5);
#176 = AXIS2_PLACEMENT_3D('',#177,#178,#179);
#177 = CARTESIAN_POINT('',(35.,-35.,39.6));
#178 = DIRECTION('',(-1.224646799147E-16,0.,1.));
#179 = DIRECTION('',(1.,0.,1.224646799147E-16));
#180 = PCURVE('',#32,#181);
#181 = DEFINITIONAL_REPRESENTATION('',(#182),#186);
#182 = CIRCLE('',#183,2.5);
#183 = AXIS2_PLACEMENT_2D('',#184,#185);
#184 = CARTESIAN_POINT('',(-35.,35.));
#185 = DIRECTION('',(-1.,0.));
#186 = ( GEOMETRIC_REPRESENTATION_CONTEXT(2) 
PARAMETRIC_REPRESENTATION_CONTEXT() REPRESENTATION_CONTEXT('2D SPACE',''
  ) );
#187 = PCURVE('',#188,#193);
#188 = CYLINDRICAL_SURFACE('',#189,2.5);
#189 = AXIS2_PLACEMENT_3D('',#190,#191,#192);
#190 = CARTESIAN_POINT('',(35.,-35.,30.));
#191 = DIRECTION('',(1.224646799147E-16,0.,-1.));
#192 = DIRECTION('',(1.,0.,1.224646799147E-16));
#193 = DEFINITIONAL_REPRESENTATION('',(#194),#198);
#194 = LINE('',#195,#196);
#195 = CARTESIAN_POINT('',(6.28318530718,-9.6));
#196 = VECTOR('',#197,1.);
#197 = DIRECTION('',(-1.,0.));
#198 = ( GEOMETRIC_REPRESENTATION_CONTEXT(2) 
PARAMETRIC_REPRESENTATION_CONTEXT() REPRESENTATION_CONTEXT('2D SPACE',''
  ) );
#199 = FACE_BOUND('',#200,.T.);
#200 = EDGE_LOOP('',(#201));
#201 = ORIENTED_EDGE('',*,*,#202,.F.);
#202 = EDGE_CURVE('',#203,#203,#205,.T.);
#203 = VERTEX_POINT('',#204);
#204 = CARTESIAN_POINT('',(-18.,40.,39.6));
#205 = SURFACE_CURVE('',#206,(#211,#218),.PCURVE_S1.);
#206 = CIRCLE('',#207,3.);
#207 = AXIS2_PLACEMENT_3D('',#208,#209,#210);
#208 = CARTESIAN_POINT('',(-15.,40.,39.6));
#209 = DIRECTION('',(-1.224646799147E-16,0.,1.));
#210 = DIRECTION('',(1.,0.,1.224646799147E-16));
#211 = PCURVE('',#32,#212);
#212 = DEFINITIONAL_REPRESENTATION('',(#213),#217);
#213 = CIRCLE('',#214,3.);
#214 = AXIS2_PLACEMENT_2D('',#215,#216);
#215 = CARTESIAN_POINT('',(15.,-40.));
#216 = DIRECTION('',(-1.,0.));
#217 = ( GEOMETRIC_REPRESENTATION_CONTEXT(2) 
PARAMETRIC_REPRESENTATION_CONTEXT() REPRESENTATION_CONTEXT('2D SPACE',''
  ) );
#218 = PCURVE('',#219,#224);
#219 = CYLINDRICAL_SURFACE('',#220,3.);
#220 = AXIS2_PLACEMENT_3D('',#221,#222,#223);
#221 = CARTESIAN_POINT('',(-15.,40.,30.));
#222 = DIRECTION('',(1.224646799147E-16,0.,-1.));
#223 = DIRECTION('',(1.,0.,1.224646799147E-16));
#224 = DEFINITIONAL_REPRESENTATION('',(#225),#229);
#225 = LINE('',#226,#227);
#226 = CARTESIAN_POINT('',(6.28318530718,-9.6));
#227 = VECTOR('',#228,1.);
#228 = DIRECTION('',(-1.,0.));
#229 = ( GEOMETRIC_REPRESENTATION_CONTEXT(2) 
PARAMETRIC_REPRESENTATION_CONTEXT() REPRESENTATION_CONTEXT('2D SPACE',''
  ) );
#230 = FACE_BOUND('',#231,.T.);
#231 = EDGE_LOOP('',(#232));
#232 = ORIENTED_EDGE('',*,*,#233,.F.);
#233 = EDGE_CURVE('',#234,#234,#236,.T.);
#234 = VERTEX_POINT('',#235);
#235 = CARTESIAN_POINT('',(-18.,-40.,39.6));
#236 = SURFACE_CURVE('',#237,(#242,#249),.PCURVE_S1.);
#237 = CIRCLE('',#238,3.);
#238 = AXIS2_PLACEMENT_3D('',#239,#240,#241);
#239 = CARTESIAN_POINT('',(-15.,-40.,39.6));
#240 = DIRECTION('',(-1.224646799147E-16,0.,1.));
#241 = DIRECTION('',(1.,0.,1.224646799147E-16));
#242 = PCURVE('',#32,#243);
#243 = DEFINITIONAL_REPRESENTATION('',(#244),#248);
#244 = CIRCLE('',#245,3.);
#245 = AXIS2_PLACEMENT_2D('',#246,#247);
#246 = CARTESIAN_POINT('',(15.,40.));
#247 = DIRECTION('',(-1.,0.));
#248 = ( GEOMETRIC_REPRESENTATION_CONTEXT(2) 
PARAMETRIC_REPRESENTATION_CONTEXT() REPRESENTATION_CONTEXT('2D SPACE',''
  ) );
#249 = PCURVE('',#250,#255);
#250 = CYLINDRICAL_SURFACE('',#251,3.);
#251 = AXIS2_PLACEMENT_3D('',#252,#253,#254);
#252 = CARTESIAN_POINT('',(-15.,-40.,30.));
#253 = DIRECTION('',(1.224646799147E-16,0.,-1.));
#254 = DIRECTION('',(1.,0.,1.224646799147E-16));
#255 = DEFINITIONAL_REPRESENTATION('',(#256),#260);
#256 = LINE('',#257,#258);
#257 = CARTESIAN_POINT('',(6.28318530718,-9.6));
#258 = VECTOR('',#259,1.);
#259 = DIRECTION('',(-1.,0.));
#260 = ( GEOMETRIC_REPRESENTATION_CONTEXT(2) 
PARAMETRIC_REPRESENTATION_CONTEXT() REPRESENTATION_CONTEXT('2D SPACE',''
  ) );
#261 = ADVANCED_FACE('',(#262,#437,#468),#277,.T.);
#262 = FACE_BOUND('',#263,.T.);
#263 = EDGE_LOOP('',(#264,#304,#332,#365,#388,#416));
#264 = ORIENTED_EDGE('',*,*,#265,.F.);
#265 = EDGE_CURVE('',#266,#268,#270,.T.);
#266 = VERTEX_POINT('',#267);
#267 = CARTESIAN_POINT('',(125.,-40.,39.6));
#268 = VERTEX_POINT('',#269);
#269 = CARTESIAN_POINT('',(115.,-50.,39.6));
#270 = SURFACE_CURVE('',#271,(#276,#292),.PCURVE_S1.);
#271 = CIRCLE('',#272,10.);
#272 = AXIS2_PLACEMENT_3D('',#273,#274,#275);
#273 = CARTESIAN_POINT('',(115.,-40.,39.6));
#274 = DIRECTION('',(1.224646799147E-16,0.,-1.));
#275 = DIRECTION('',(0.707106781187,-0.707106781187,8.659560562355E-17)
  );
#276 = PCURVE('',#277,#282);
#277 = PLANE('',#278);
#278 = AXIS2_PLACEMENT_3D('',#279,#280,#281);
#279 = CARTESIAN_POINT('',(0.,4.622691118783E-14,39.6));
#280 = DIRECTION('',(-1.224646799147E-16,0.,1.));
#281 = DIRECTION('',(-1.,0.,-1.224646799147E-16));
#282 = DEFINITIONAL_REPRESENTATION('',(#283),#291);
#283 = ( BOUNDED_CURVE() B_SPLINE_CURVE(2,(#284,#285,#286,#287,#288,#289
,#290),.UNSPECIFIED.,.T.,.F.) B_SPLINE_CURVE_WITH_KNOTS((1,2,2,2,2,1),(
    -2.094395102393,0.,2.094395102393,4.188790204786,6.28318530718,
8.377580409573),.UNSPECIFIED.) CURVE() GEOMETRIC_REPRESENTATION_ITEM() 
RATIONAL_B_SPLINE_CURVE((1.,0.5,1.,0.5,1.,0.5,1.)) REPRESENTATION_ITEM(
  '') );
#284 = CARTESIAN_POINT('',(-122.0710678118,47.071067811866));
#285 = CARTESIAN_POINT('',(-109.8236190979,59.318516525781));
#286 = CARTESIAN_POINT('',(-105.3407417371,42.588190451025));
#287 = CARTESIAN_POINT('',(-100.8578643762,25.857864376269));
#288 = CARTESIAN_POINT('',(-117.588190451,30.340741737109));
#289 = CARTESIAN_POINT('',(-134.3185165257,34.82361909795));
#290 = CARTESIAN_POINT('',(-122.0710678118,47.071067811866));
#291 = ( GEOMETRIC_REPRESENTATION_CONTEXT(2) 
PARAMETRIC_REPRESENTATION_CONTEXT() REPRESENTATION_CONTEXT('2D SPACE',''
  ) );
#292 = PCURVE('',#293,#298);
#293 = CYLINDRICAL_SURFACE('',#294,10.);
#294 = AXIS2_PLACEMENT_3D('',#295,#296,#297);
#295 = CARTESIAN_POINT('',(115.,-40.,40.));
#296 = DIRECTION('',(1.224646799147E-16,0.,-1.));
#297 = DIRECTION('',(0.707106781187,-0.707106781187,8.659560562355E-17)
  );
#298 = DEFINITIONAL_REPRESENTATION('',(#299),#303);
#299 = LINE('',#300,#301);
#300 = CARTESIAN_POINT('',(0.,0.4));
#301 = VECTOR('',#302,1.);
#302 = DIRECTION('',(1.,0.));
#303 = ( GEOMETRIC_REPRESENTATION_CONTEXT(2) 
PARAMETRIC_REPRESENTATION_CONTEXT() REPRESENTATION_CONTEXT('2D SPACE',''
  ) );
#304 = ORIENTED_EDGE('',*,*,#305,.F.);
#305 = EDGE_CURVE('',#306,#266,#308,.T.);
#306 = VERTEX_POINT('',#307);
#307 = CARTESIAN_POINT('',(125.,40.,39.6));
#308 = SURFACE_CURVE('',#309,(#313,#320),.PCURVE_S1.);
#309 = LINE('',#310,#311);
#310 = CARTESIAN_POINT('',(125.,25.,39.6));
#311 = VECTOR('',#312,1.);
#312 = DIRECTION('',(0.,-1.,-0.));
#313 = PCURVE('',#277,#314);
#314 = DEFINITIONAL_REPRESENTATION('',(#315),#319);
#315 = LINE('',#316,#317);
#316 = CARTESIAN_POINT('',(-125.,-25.));
#317 = VECTOR('',#318,1.);
#318 = DIRECTION('',(-0.,1.));
#319 = ( GEOMETRIC_REPRESENTATION_CONTEXT(2) 
PARAMETRIC_REPRESENTATION_CONTEXT() REPRESENTATION_CONTEXT('2D SPACE',''
  ) );
#320 = PCURVE('',#321,#326);
#321 = PLANE('',#322);
#322 = AXIS2_PLACEMENT_3D('',#323,#324,#325);
#323 = CARTESIAN_POINT('',(125.,50.,40.));
#324 = DIRECTION('',(1.,0.,1.224646799147E-16));
#325 = DIRECTION('',(0.,-1.,-0.));
#326 = DEFINITIONAL_REPRESENTATION('',(#327),#331);
#327 = LINE('',#328,#329);
#328 = CARTESIAN_POINT('',(25.,0.4));
#329 = VECTOR('',#330,1.);
#330 = DIRECTION('',(1.,0.));
#331 = ( GEOMETRIC_REPRESENTATION_CONTEXT(2) 
PARAMETRIC_REPRESENTATION_CONTEXT() REPRESENTATION_CONTEXT('2D SPACE',''
  ) );
#332 = ORIENTED_EDGE('',*,*,#333,.F.);
#333 = EDGE_CURVE('',#334,#306,#336,.T.);
#334 = VERTEX_POINT('',#335);
#335 = CARTESIAN_POINT('',(115.,50.,39.6));
#336 = SURFACE_CURVE('',#337,(#342,#353),.PCURVE_S1.);
#337 = CIRCLE('',#338,10.);
#338 = AXIS2_PLACEMENT_3D('',#339,#340,#341);
#339 = CARTESIAN_POINT('',(115.,40.,39.6));
#340 = DIRECTION('',(1.224646799147E-16,0.,-1.));
#341 = DIRECTION('',(0.707106781187,0.707106781187,8.659560562355E-17));
#342 = PCURVE('',#277,#343);
#343 = DEFINITIONAL_REPRESENTATION('',(#344),#352);
#344 = ( BOUNDED_CURVE() B_SPLINE_CURVE(2,(#345,#346,#347,#348,#349,#350
,#351),.UNSPECIFIED.,.T.,.F.) B_SPLINE_CURVE_WITH_KNOTS((1,2,2,2,2,1),(
    -2.094395102393,0.,2.094395102393,4.188790204786,6.28318530718,
8.377580409573),.UNSPECIFIED.) CURVE() GEOMETRIC_REPRESENTATION_ITEM() 
RATIONAL_B_SPLINE_CURVE((1.,0.5,1.,0.5,1.,0.5,1.)) REPRESENTATION_ITEM(
  '') );
#345 = CARTESIAN_POINT('',(-122.0710678118,-47.07106781186));
#346 = CARTESIAN_POINT('',(-134.3185165257,-34.82361909795));
#347 = CARTESIAN_POINT('',(-117.588190451,-30.3407417371));
#348 = CARTESIAN_POINT('',(-100.8578643762,-25.85786437626));
#349 = CARTESIAN_POINT('',(-105.3407417371,-42.58819045102));
#350 = CARTESIAN_POINT('',(-109.8236190979,-59.31851652578));
#351 = CARTESIAN_POINT('',(-122.0710678118,-47.07106781186));
#352 = ( GEOMETRIC_REPRESENTATION_CONTEXT(2) 
PARAMETRIC_REPRESENTATION_CONTEXT() REPRESENTATION_CONTEXT('2D SPACE',''
  ) );
#353 = PCURVE('',#354,#359);
#354 = CYLINDRICAL_SURFACE('',#355,10.);
#355 = AXIS2_PLACEMENT_3D('',#356,#357,#358);
#356 = CARTESIAN_POINT('',(115.,40.,40.));
#357 = DIRECTION('',(1.224646799147E-16,0.,-1.));
#358 = DIRECTION('',(0.707106781187,0.707106781187,8.659560562355E-17));
#359 = DEFINITIONAL_REPRESENTATION('',(#360),#364);
#360 = LINE('',#361,#362);
#361 = CARTESIAN_POINT('',(-6.28318530718,0.4));
#362 = VECTOR('',#363,1.);
#363 = DIRECTION('',(1.,0.));
#364 = ( GEOMETRIC_REPRESENTATION_CONTEXT(2) 
PARAMETRIC_REPRESENTATION_CONTEXT() REPRESENTATION_CONTEXT('2D SPACE',''
  ) );
#365 = ORIENTED_EDGE('',*,*,#366,.F.);
#366 = EDGE_CURVE('',#367,#334,#369,.T.);
#367 = VERTEX_POINT('',#368);
#368 = CARTESIAN_POINT('',(64.860091679958,50.,39.6));
#369 = SURFACE_CURVE('',#370,(#374,#381),.PCURVE_S1.);
#370 = LINE('',#371,#372);
#371 = CARTESIAN_POINT('',(-12.5,50.,39.6));
#372 = VECTOR('',#373,1.);
#373 = DIRECTION('',(1.,0.,1.224646799147E-16));
#374 = PCURVE('',#277,#375);
#375 = DEFINITIONAL_REPRESENTATION('',(#376),#380);
#376 = LINE('',#377,#378);
#377 = CARTESIAN_POINT('',(12.5,-50.));
#378 = VECTOR('',#379,1.);
#379 = DIRECTION('',(-1.,0.));
#380 = ( GEOMETRIC_REPRESENTATION_CONTEXT(2) 
PARAMETRIC_REPRESENTATION_CONTEXT() REPRESENTATION_CONTEXT('2D SPACE',''
  ) );
#381 = PCURVE('',#72,#382);
#382 = DEFINITIONAL_REPRESENTATION('',(#383),#387);
#383 = LINE('',#384,#385);
#384 = CARTESIAN_POINT('',(12.5,0.4));
#385 = VECTOR('',#386,1.);
#386 = DIRECTION('',(1.,0.));
#387 = ( GEOMETRIC_REPRESENTATION_CONTEXT(2) 
PARAMETRIC_REPRESENTATION_CONTEXT() REPRESENTATION_CONTEXT('2D SPACE',''
  ) );
#388 = ORIENTED_EDGE('',*,*,#389,.F.);
#389 = EDGE_CURVE('',#390,#367,#392,.T.);
#390 = VERTEX_POINT('',#391);
#391 = CARTESIAN_POINT('',(64.860091679958,-50.,39.6));
#392 = SURFACE_CURVE('',#393,(#397,#404),.PCURVE_S1.);
#393 = LINE('',#394,#395);
#394 = CARTESIAN_POINT('',(64.860091679958,-25.,39.6));
#395 = VECTOR('',#396,1.);
#396 = DIRECTION('',(0.,1.,0.));
#397 = PCURVE('',#277,#398);
#398 = DEFINITIONAL_REPRESENTATION('',(#399),#403);
#399 = LINE('',#400,#401);
#400 = CARTESIAN_POINT('',(-64.86009167995,25.));
#401 = VECTOR('',#402,1.);
#402 = DIRECTION('',(0.,-1.));
#403 = ( GEOMETRIC_REPRESENTATION_CONTEXT(2) 
PARAMETRIC_REPRESENTATION_CONTEXT() REPRESENTATION_CONTEXT('2D SPACE',''
  ) );
#404 = PCURVE('',#405,#410);
#405 = PLANE('',#406);
#406 = AXIS2_PLACEMENT_3D('',#407,#408,#409);
#407 = CARTESIAN_POINT('',(64.860091679958,-50.,40.));
#408 = DIRECTION('',(-1.,0.,-1.224646799147E-16));
#409 = DIRECTION('',(-1.224646799147E-16,0.,1.));
#410 = DEFINITIONAL_REPRESENTATION('',(#411),#415);
#411 = LINE('',#412,#413);
#412 = CARTESIAN_POINT('',(-0.4,25.));
#413 = VECTOR('',#414,1.);
#414 = DIRECTION('',(0.,1.));
#415 = ( GEOMETRIC_REPRESENTATION_CONTEXT(2) 
PARAMETRIC_REPRESENTATION_CONTEXT() REPRESENTATION_CONTEXT('2D SPACE',''
  ) );
#416 = ORIENTED_EDGE('',*,*,#417,.F.);
#417 = EDGE_CURVE('',#268,#390,#418,.T.);
#418 = SURFACE_CURVE('',#419,(#423,#430),.PCURVE_S1.);
#419 = LINE('',#420,#421);
#420 = CARTESIAN_POINT('',(62.5,-50.,39.6));
#421 = VECTOR('',#422,1.);
#422 = DIRECTION('',(-1.,0.,-1.224646799147E-16));
#423 = PCURVE('',#277,#424);
#424 = DEFINITIONAL_REPRESENTATION('',(#425),#429);
#425 = LINE('',#426,#427);
#426 = CARTESIAN_POINT('',(-62.5,50.));
#427 = VECTOR('',#428,1.);
#428 = DIRECTION('',(1.,0.));
#429 = ( GEOMETRIC_REPRESENTATION_CONTEXT(2) 
PARAMETRIC_REPRESENTATION_CONTEXT() REPRESENTATION_CONTEXT('2D SPACE',''
  ) );
#430 = PCURVE('',#126,#431);
#431 = DEFINITIONAL_REPRESENTATION('',(#432),#436);
#432 = LINE('',#433,#434);
#433 = CARTESIAN_POINT('',(62.5,0.4));
#434 = VECTOR('',#435,1.);
#435 = DIRECTION('',(1.,0.));
#436 = ( GEOMETRIC_REPRESENTATION_CONTEXT(2) 
PARAMETRIC_REPRESENTATION_CONTEXT() REPRESENTATION_CONTEXT('2D SPACE',''
  ) );
#437 = FACE_BOUND('',#438,.T.);
#438 = EDGE_LOOP('',(#439));
#439 = ORIENTED_EDGE('',*,*,#440,.F.);
#440 = EDGE_CURVE('',#441,#441,#443,.T.);
#441 = VERTEX_POINT('',#442);
#442 = CARTESIAN_POINT('',(112.,40.,39.6));
#443 = SURFACE_CURVE('',#444,(#449,#456),.PCURVE_S1.);
#444 = CIRCLE('',#445,3.);
#445 = AXIS2_PLACEMENT_3D('',#446,#447,#448);
#446 = CARTESIAN_POINT('',(115.,40.,39.6));
#447 = DIRECTION('',(-1.224646799147E-16,0.,1.));
#448 = DIRECTION('',(1.,0.,1.224646799147E-16));
#449 = PCURVE('',#277,#450);
#450 = DEFINITIONAL_REPRESENTATION('',(#451),#455);
#451 = CIRCLE('',#452,3.);
#452 = AXIS2_PLACEMENT_2D('',#453,#454);
#453 = CARTESIAN_POINT('',(-115.,-40.));
#454 = DIRECTION('',(-1.,0.));
#455 = ( GEOMETRIC_REPRESENTATION_CONTEXT(2) 
PARAMETRIC_REPRESENTATION_CONTEXT() REPRESENTATION_CONTEXT('2D SPACE',''
  ) );
#456 = PCURVE('',#457,#462);
#457 = CYLINDRICAL_SURFACE('',#458,3.);
#458 = AXIS2_PLACEMENT_3D('',#459,#460,#461);
#459 = CARTESIAN_POINT('',(115.,40.,30.));
#460 = DIRECTION('',(1.224646799147E-16,0.,-1.));
#461 = DIRECTION('',(1.,0.,1.224646799147E-16));
#462 = DEFINITIONAL_REPRESENTATION('',(#463),#467);
#463 = LINE('',#464,#465);
#464 = CARTESIAN_POINT('',(6.28318530718,-9.6));
#465 = VECTOR('',#466,1.);
#466 = DIRECTION('',(-1.,0.));
#467 = ( GEOMETRIC_REPRESENTATION_CONTEXT(2) 
PARAMETRIC_REPRESENTATION_CONTEXT() REPRESENTATION_CONTEXT('2D SPACE',''
  ) );
#468 = FACE_BOUND('',#469,.T.);
#469 = EDGE_LOOP('',(#470));
#470 = ORIENTED_EDGE('',*,*,#471,.F.);
#471 = EDGE_CURVE('',#472,#472,#474,.T.);
#472 = VERTEX_POINT('',#473);
#473 = CARTESIAN_POINT('',(112.,-40.,39.6));
#474 = SURFACE_CURVE('',#475,(#480,#487),.PCURVE_S1.);
#475 = CIRCLE('',#476,3.);
#476 = AXIS2_PLACEMENT_3D('',#477,#478,#479);
#477 = CARTESIAN_POINT('',(115.,-40.,39.6));
#478 = DIRECTION('',(-1.224646799147E-16,0.,1.));
#479 = DIRECTION('',(1.,0.,1.224646799147E-16));
#480 = PCURVE('',#277,#481);
#481 = DEFINITIONAL_REPRESENTATION('',(#482),#486);
#482 = CIRCLE('',#483,3.);
#483 = AXIS2_PLACEMENT_2D('',#484,#485);
#484 = CARTESIAN_POINT('',(-115.,40.));
#485 = DIRECTION('',(-1.,0.));
#486 = ( GEOMETRIC_REPRESENTATION_CONTEXT(2) 
PARAMETRIC_REPRESENTATION_CONTEXT() REPRESENTATION_CONTEXT('2D SPACE',''
  ) );
#487 = PCURVE('',#488,#493);
#488 = CYLINDRICAL_SURFACE('',#489,3.);
#489 = AXIS2_PLACEMENT_3D('',#490,#491,#492);
#490 = CARTESIAN_POINT('',(115.,-40.,30.));
#491 = DIRECTION('',(1.224646799147E-16,0.,-1.));
#492 = DIRECTION('',(1.,0.,1.224646799147E-16));
#493 = DEFINITIONAL_REPRESENTATION('',(#494),#498);
#494 = LINE('',#495,#496);
#495 = CARTESIAN_POINT('',(6.28318530718,-9.6));
#496 = VECTOR('',#497,1.);
#497 = DIRECTION('',(-1.,0.));
#498 = ( GEOMETRIC_REPRESENTATION_CONTEXT(2) 
PARAMETRIC_REPRESENTATION_CONTEXT() REPRESENTATION_CONTEXT('2D SPACE',''
  ) );
#499 = ADVANCED_FACE('',(#500),#44,.F.);
#500 = FACE_BOUND('',#501,.T.);
#501 = EDGE_LOOP('',(#502,#503,#526,#554));
#502 = ORIENTED_EDGE('',*,*,#21,.T.);
#503 = ORIENTED_EDGE('',*,*,#504,.F.);
#504 = EDGE_CURVE('',#505,#24,#507,.T.);
#505 = VERTEX_POINT('',#506);
#506 = CARTESIAN_POINT('',(56.860091679958,-50.,36.));
#507 = SURFACE_CURVE('',#508,(#512,#519),.PCURVE_S1.);
#508 = LINE('',#509,#510);
#509 = CARTESIAN_POINT('',(56.860091679958,-50.,37.5));
#510 = VECTOR('',#511,1.);
#511 = DIRECTION('',(-1.224646799147E-16,0.,1.));
#512 = PCURVE('',#44,#513);
#513 = DEFINITIONAL_REPRESENTATION('',(#514),#518);
#514 = LINE('',#515,#516);
#515 = CARTESIAN_POINT('',(2.5,0.));
#516 = VECTOR('',#517,1.);
#517 = DIRECTION('',(1.,0.));
#518 = ( GEOMETRIC_REPRESENTATION_CONTEXT(2) 
PARAMETRIC_REPRESENTATION_CONTEXT() REPRESENTATION_CONTEXT('2D SPACE',''
  ) );
#519 = PCURVE('',#126,#520);
#520 = DEFINITIONAL_REPRESENTATION('',(#521),#525);
#521 = LINE('',#522,#523);
#522 = CARTESIAN_POINT('',(68.139908320042,2.5));
#523 = VECTOR('',#524,1.);
#524 = DIRECTION('',(0.,-1.));
#525 = ( GEOMETRIC_REPRESENTATION_CONTEXT(2) 
PARAMETRIC_REPRESENTATION_CONTEXT() REPRESENTATION_CONTEXT('2D SPACE',''
  ) );
#526 = ORIENTED_EDGE('',*,*,#527,.T.);
#527 = EDGE_CURVE('',#505,#528,#530,.T.);
#528 = VERTEX_POINT('',#529);
#529 = CARTESIAN_POINT('',(56.860091679958,50.,36.));
#530 = SURFACE_CURVE('',#531,(#535,#542),.PCURVE_S1.);
#531 = LINE('',#532,#533);
#532 = CARTESIAN_POINT('',(56.860091679958,-50.,36.));
#533 = VECTOR('',#534,1.);
#534 = DIRECTION('',(0.,1.,0.));
#535 = PCURVE('',#44,#536);
#536 = DEFINITIONAL_REPRESENTATION('',(#537),#541);
#537 = LINE('',#538,#539);
#538 = CARTESIAN_POINT('',(1.,0.));
#539 = VECTOR('',#540,1.);
#540 = DIRECTION('',(0.,1.));
#541 = ( GEOMETRIC_REPRESENTATION_CONTEXT(2) 
PARAMETRIC_REPRESENTATION_CONTEXT() REPRESENTATION_CONTEXT('2D SPACE',''
  ) );
#542 = PCURVE('',#543,#548);
#543 = PLANE('',#544);
#544 = AXIS2_PLACEMENT_3D('',#545,#546,#547);
#545 = CARTESIAN_POINT('',(66.860091679958,-50.,36.));
#546 = DIRECTION('',(-1.224646799147E-16,0.,1.));
#547 = DIRECTION('',(1.,0.,1.224646799147E-16));
#548 = DEFINITIONAL_REPRESENTATION('',(#549),#553);
#549 = LINE('',#550,#551);
#550 = CARTESIAN_POINT('',(-10.,0.));
#551 = VECTOR('',#552,1.);
#552 = DIRECTION('',(0.,1.));
#553 = ( GEOMETRIC_REPRESENTATION_CONTEXT(2) 
PARAMETRIC_REPRESENTATION_CONTEXT() REPRESENTATION_CONTEXT('2D SPACE',''
  ) );
#554 = ORIENTED_EDGE('',*,*,#555,.F.);
#555 = EDGE_CURVE('',#22,#528,#556,.T.);
#556 = SURFACE_CURVE('',#557,(#561,#568),.PCURVE_S1.);
#557 = LINE('',#558,#559);
#558 = CARTESIAN_POINT('',(56.860091679958,50.,37.5));
#559 = VECTOR('',#560,1.);
#560 = DIRECTION('',(1.224646799147E-16,0.,-1.));
#561 = PCURVE('',#44,#562);
#562 = DEFINITIONAL_REPRESENTATION('',(#563),#567);
#563 = LINE('',#564,#565);
#564 = CARTESIAN_POINT('',(2.5,100.));
#565 = VECTOR('',#566,1.);
#566 = DIRECTION('',(-1.,0.));
#567 = ( GEOMETRIC_REPRESENTATION_CONTEXT(2) 
PARAMETRIC_REPRESENTATION_CONTEXT() REPRESENTATION_CONTEXT('2D SPACE',''
  ) );
#568 = PCURVE('',#72,#569);
#569 = DEFINITIONAL_REPRESENTATION('',(#570),#574);
#570 = LINE('',#571,#572);
#571 = CARTESIAN_POINT('',(81.860091679958,2.5));
#572 = VECTOR('',#573,1.);
#573 = DIRECTION('',(0.,1.));
#574 = ( GEOMETRIC_REPRESENTATION_CONTEXT(2) 
PARAMETRIC_REPRESENTATION_CONTEXT() REPRESENTATION_CONTEXT('2D SPACE',''
  ) );
#575 = ADVANCED_FACE('',(#576),#354,.T.);
#576 = FACE_BOUND('',#577,.T.);
#577 = EDGE_LOOP('',(#578,#579,#602,#713,#746));
#578 = ORIENTED_EDGE('',*,*,#333,.T.);
#579 = ORIENTED_EDGE('',*,*,#580,.T.);
#580 = EDGE_CURVE('',#306,#581,#583,.T.);
#581 = VERTEX_POINT('',#582);
#582 = CARTESIAN_POINT('',(125.,39.999999999996,21.414483391663));
#583 = SURFACE_CURVE('',#584,(#588,#595),.PCURVE_S1.);
#584 = LINE('',#585,#586);
#585 = CARTESIAN_POINT('',(125.,40.,40.));
#586 = VECTOR('',#587,1.);
#587 = DIRECTION('',(1.224646799147E-16,0.,-1.));
#588 = PCURVE('',#354,#589);
#589 = DEFINITIONAL_REPRESENTATION('',(#590),#594);
#590 = LINE('',#591,#592);
#591 = CARTESIAN_POINT('',(0.785398163397,0.));
#592 = VECTOR('',#593,1.);
#593 = DIRECTION('',(0.,1.));
#594 = ( GEOMETRIC_REPRESENTATION_CONTEXT(2) 
PARAMETRIC_REPRESENTATION_CONTEXT() REPRESENTATION_CONTEXT('2D SPACE',''
  ) );
#595 = PCURVE('',#321,#596);
#596 = DEFINITIONAL_REPRESENTATION('',(#597),#601);
#597 = LINE('',#598,#599);
#598 = CARTESIAN_POINT('',(10.,0.));
#599 = VECTOR('',#600,1.);
#600 = DIRECTION('',(0.,1.));
#601 = ( GEOMETRIC_REPRESENTATION_CONTEXT(2) 
PARAMETRIC_REPRESENTATION_CONTEXT() REPRESENTATION_CONTEXT('2D SPACE',''
  ) );
#602 = ORIENTED_EDGE('',*,*,#603,.T.);
#603 = EDGE_CURVE('',#581,#604,#606,.T.);
#604 = VERTEX_POINT('',#605);
#605 = CARTESIAN_POINT('',(123.79782876949,44.753757349991,15.));
#606 = SURFACE_CURVE('',#607,(#614,#643),.PCURVE_S1.);
#607 = B_SPLINE_CURVE_WITH_KNOTS('',3,(#608,#609,#610,#611,#612,#613),
  .UNSPECIFIED.,.F.,.F.,(4,2,4),(-8.062500019776,-6.643873457714,
    -6.421853706835),.UNSPECIFIED.);
#608 = CARTESIAN_POINT('',(125.,39.999999999993,21.414483391661));
#609 = CARTESIAN_POINT('',(125.,41.456884645484,19.383029664058));
#610 = CARTESIAN_POINT('',(124.68248252284,42.869076669756,
    17.457723662426));
#611 = CARTESIAN_POINT('',(124.00678532055,44.350444295174,
    15.520803384824));
#612 = CARTESIAN_POINT('',(123.9068134086,44.55205833114,15.259205161683
    ));
#613 = CARTESIAN_POINT('',(123.79782876949,44.753757349991,15.));
#614 = PCURVE('',#354,#615);
#615 = DEFINITIONAL_REPRESENTATION('',(#616),#642);
#616 = B_SPLINE_CURVE_WITH_KNOTS('',3,(#617,#618,#619,#620,#621,#622,
    #623,#624,#625,#626,#627,#628,#629,#630,#631,#632,#633,#634,#635,
    #636,#637,#638,#639,#640,#641),.UNSPECIFIED.,.F.,.F.,(4,1,1,1,1,1,1,
    1,1,1,1,1,1,1,1,1,1,1,1,1,1,1,4),(-8.062500019776,-7.987925187369,
    -7.913350354963,-7.838775522556,-7.76420069015,-7.689625857744,
    -7.615051025337,-7.540476192931,-7.465901360524,-7.391326528118,
    -7.316751695712,-7.242176863305,-7.167602030899,-7.093027198492,
    -7.018452366086,-6.94387753368,-6.869302701273,-6.794727868867,
    -6.72015303646,-6.645578204054,-6.571003371648,-6.496428539241,
    -6.421853706835),.QUASI_UNIFORM_KNOTS.);
#617 = CARTESIAN_POINT('',(0.785398163398,18.585516608339));
#618 = CARTESIAN_POINT('',(0.777739577907,18.692306742775));
#619 = CARTESIAN_POINT('',(0.762447054261,18.905300348122));
#620 = CARTESIAN_POINT('',(0.739577999877,19.222904947406));
#621 = CARTESIAN_POINT('',(0.716774399763,19.538497919794));
#622 = CARTESIAN_POINT('',(0.694032207718,19.851953447129));
#623 = CARTESIAN_POINT('',(0.671347524763,20.163145711245));
#624 = CARTESIAN_POINT('',(0.648716616522,20.471948894006));
#625 = CARTESIAN_POINT('',(0.626135902667,20.778237177169));
#626 = CARTESIAN_POINT('',(0.60360195293,21.081884742882));
#627 = CARTESIAN_POINT('',(0.581111480729,21.382765771846));
#628 = CARTESIAN_POINT('',(0.558661336003,21.680754450152));
#629 = CARTESIAN_POINT('',(0.536248500133,21.975724943781));
#630 = CARTESIAN_POINT('',(0.513870070112,22.267551493758));
#631 = CARTESIAN_POINT('',(0.491523280667,22.556108061053));
#632 = CARTESIAN_POINT('',(0.469205382646,22.841269651799));
#633 = CARTESIAN_POINT('',(0.446914055902,23.122907371545));
#634 = CARTESIAN_POINT('',(0.424645825706,23.400906883001));
#635 = CARTESIAN_POINT('',(0.402401928502,23.675099520828));
#636 = CARTESIAN_POINT('',(0.380166374944,23.945519374712));
#637 = CARTESIAN_POINT('',(0.357987772872,24.211443842297));
#638 = CARTESIAN_POINT('',(0.335673911824,24.474974334364));
#639 = CARTESIAN_POINT('',(0.313008591865,24.738290904787));
#640 = CARTESIAN_POINT('',(0.297707712534,24.912934745874));
#641 = CARTESIAN_POINT('',(0.29000710397,25.));
#642 = ( GEOMETRIC_REPRESENTATION_CONTEXT(2) 
PARAMETRIC_REPRESENTATION_CONTEXT() REPRESENTATION_CONTEXT('2D SPACE',''
  ) );
#643 = PCURVE('',#644,#685);
#644 = B_SPLINE_SURFACE_WITH_KNOTS('',3,3,(
    (#645,#646,#647,#648,#649,#650,#651,#652,#653,#654)
    ,(#655,#656,#657,#658,#659,#660,#661,#662,#663,#664)
    ,(#665,#666,#667,#668,#669,#670,#671,#672,#673,#674)
    ,(#675,#676,#677,#678,#679,#680,#681,#682,#683,#684
  )),.UNSPECIFIED.,.F.,.F.,.F.,(4,4),(4,1,1,1,1,1,1,4),(
    6.66793421623E-03,64.962306445677),(40.0608486355,55.38511890237,
    107.1469122691,158.9087056358,210.6704990025,262.4322923692,
    314.1940857359,365.95587910224),.UNSPECIFIED.);
#645 = CARTESIAN_POINT('',(143.57516757472,26.754352114498,
    33.119827661861));
#646 = CARTESIAN_POINT('',(137.7924350847,27.804985121825,
    34.215062367925));
#647 = CARTESIAN_POINT('',(113.47540859493,31.500600058613,
    37.742627672918));
#648 = CARTESIAN_POINT('',(59.791722895918,34.757157244077,
    32.234826691873));
#649 = CARTESIAN_POINT('',(5.029842450354,36.658108825062,
    25.615895129308));
#650 = CARTESIAN_POINT('',(-23.62130628167,41.947795008101,
    12.269931321017));
#651 = CARTESIAN_POINT('',(-49.42371612392,46.622284493146,
    2.540397826109));
#652 = CARTESIAN_POINT('',(-73.36533646714,51.633272659399,
    -2.474794074194));
#653 = CARTESIAN_POINT('',(-97.45808687825,55.890122279467,
    -2.799979568492));
#654 = CARTESIAN_POINT('',(-132.2538894386,55.891846776491,
    -2.800231856145));
#655 = CARTESIAN_POINT('',(144.26011603106,32.580485932935,
    25.66368112635));
#656 = CARTESIAN_POINT('',(138.45588986118,33.827326691108,
    26.098049597887));
#657 = CARTESIAN_POINT('',(113.83454497821,38.62469515542,
    27.176002647424));
#658 = CARTESIAN_POINT('',(58.041376316558,46.501782557868,
    23.630657897519));
#659 = CARTESIAN_POINT('',(7.80537490464,52.798999944049,13.750186005484
    ));
#660 = CARTESIAN_POINT('',(-19.23065941807,56.627980273092,
    4.789683272881));
#661 = CARTESIAN_POINT('',(-41.63474030188,61.954765128996,
    -2.706188279679));
#662 = CARTESIAN_POINT('',(-68.19469694774,67.126250269495,
    -2.794501196112));
#663 = CARTESIAN_POINT('',(-97.4635695891,67.172815490255,
    -2.800227413581));
#664 = CARTESIAN_POINT('',(-132.2538894386,67.13257460945,
    -2.800231856109));
#665 = CARTESIAN_POINT('',(144.92292413131,36.994074586583,
    19.236847414717));
#666 = CARTESIAN_POINT('',(139.07383610943,38.409773397716,
    19.436689858362));
#667 = CARTESIAN_POINT('',(114.05600639092,44.30896317327,
    19.739087428615));
#668 = CARTESIAN_POINT('',(56.532904014515,57.045719814867,
    15.787448027329));
#669 = CARTESIAN_POINT('',(10.393683616818,65.461911178649,
    6.652259283021));
#670 = CARTESIAN_POINT('',(-15.41167386301,69.424758155598,
    -2.537842615677));
#671 = CARTESIAN_POINT('',(-31.6368870948,81.903349378439,
    -2.798575835282));
#672 = CARTESIAN_POINT('',(-62.69015319251,83.713745972253,
    -2.80013094448));
#673 = CARTESIAN_POINT('',(-97.46366613461,85.109024300023,
    -2.800231777924));
#674 = CARTESIAN_POINT('',(-132.2538894386,87.086078823761,
    -2.800231856089));
#675 = CARTESIAN_POINT('',(145.53802515393,40.873753367657,
    12.421249169468));
#676 = CARTESIAN_POINT('',(139.65109662454,42.452034229089,
    12.34979575438));
#677 = CARTESIAN_POINT('',(114.292219867,49.364740069629,11.682511185697
    ));
#678 = CARTESIAN_POINT('',(55.323668379638,67.217922538899,
    7.818206072783));
#679 = CARTESIAN_POINT('',(13.134940427677,79.699924947178,
    -0.924479335322));
#680 = CARTESIAN_POINT('',(-12.55652615335,78.921384406667,
    -2.793585124745));
#681 = CARTESIAN_POINT('',(-20.79995414812,103.40472706218,
    -2.800202695173));
#682 = CARTESIAN_POINT('',(-56.13546105996,103.49558196202,
    -2.800230079219));
#683 = CARTESIAN_POINT('',(-97.46366783461,103.56927059243,
    -2.800231854726));
#684 = CARTESIAN_POINT('',(-132.2538894386,103.67375037056,
    -2.800231856132));
#685 = DEFINITIONAL_REPRESENTATION('',(#686),#712);
#686 = B_SPLINE_CURVE_WITH_KNOTS('',3,(#687,#688,#689,#690,#691,#692,
    #693,#694,#695,#696,#697,#698,#699,#700,#701,#702,#703,#704,#705,
    #706,#707,#708,#709,#710,#711),.UNSPECIFIED.,.F.,.F.,(4,1,1,1,1,1,1,
    1,1,1,1,1,1,1,1,1,1,1,1,1,1,1,4),(-8.062500019776,-7.987925187369,
    -7.913350354963,-7.838775522556,-7.76420069015,-7.689625857744,
    -7.615051025337,-7.540476192931,-7.465901360524,-7.391326528118,
    -7.316751695712,-7.242176863305,-7.167602030899,-7.093027198492,
    -7.018452366086,-6.94387753368,-6.869302701273,-6.794727868867,
    -6.72015303646,-6.645578204054,-6.571003371648,-6.496428539241,
    -6.421853706835),.QUASI_UNIFORM_KNOTS.);
#687 = CARTESIAN_POINT('',(37.373268113381,57.171265626203));
#688 = CARTESIAN_POINT('',(37.677911809168,57.175648008075));
#689 = CARTESIAN_POINT('',(38.286136787024,57.185834352388));
#690 = CARTESIAN_POINT('',(39.194744454917,57.205325003983));
#691 = CARTESIAN_POINT('',(40.099080089085,57.228973227623));
#692 = CARTESIAN_POINT('',(40.998600324511,57.25672530801));
#693 = CARTESIAN_POINT('',(41.892761968492,57.288527463332));
#694 = CARTESIAN_POINT('',(42.781022563724,57.324325855823));
#695 = CARTESIAN_POINT('',(43.662841142962,57.364066622561));
#696 = CARTESIAN_POINT('',(44.537678922927,57.407695901122));
#697 = CARTESIAN_POINT('',(45.404999992157,57.455159855935));
#698 = CARTESIAN_POINT('',(46.264272002503,57.506404707044));
#699 = CARTESIAN_POINT('',(47.114966747227,57.561376748394));
#700 = CARTESIAN_POINT('',(47.956561060991,57.620022405326));
#701 = CARTESIAN_POINT('',(48.788536395225,57.682288145227));
#702 = CARTESIAN_POINT('',(49.610383198118,57.748120935893));
#703 = CARTESIAN_POINT('',(50.421587208596,57.817466659292));
#704 = CARTESIAN_POINT('',(51.221683078739,57.890276155492));
#705 = CARTESIAN_POINT('',(52.010056540422,57.966482790037));
#706 = CARTESIAN_POINT('',(52.786684823312,58.046086296923));
#707 = CARTESIAN_POINT('',(53.549375266713,58.12883999538));
#708 = CARTESIAN_POINT('',(54.304072637128,58.215418235611));
#709 = CARTESIAN_POINT('',(55.056929717966,58.30672737213));
#710 = CARTESIAN_POINT('',(55.55534388311,58.370636534797));
#711 = CARTESIAN_POINT('',(55.803567085139,58.403372390353));
#712 = ( GEOMETRIC_REPRESENTATION_CONTEXT(2) 
PARAMETRIC_REPRESENTATION_CONTEXT() REPRESENTATION_CONTEXT('2D SPACE',''
  ) );
#713 = ORIENTED_EDGE('',*,*,#714,.T.);
#714 = EDGE_CURVE('',#604,#715,#717,.T.);
#715 = VERTEX_POINT('',#716);
#716 = CARTESIAN_POINT('',(115.,50.,15.));
#717 = SURFACE_CURVE('',#718,(#723,#730),.PCURVE_S1.);
#718 = CIRCLE('',#719,10.);
#719 = AXIS2_PLACEMENT_3D('',#720,#721,#722);
#720 = CARTESIAN_POINT('',(115.,40.,15.));
#721 = DIRECTION('',(-1.224646799147E-16,0.,1.));
#722 = DIRECTION('',(0.707106781187,0.707106781187,8.659560562355E-17));
#723 = PCURVE('',#354,#724);
#724 = DEFINITIONAL_REPRESENTATION('',(#725),#729);
#725 = LINE('',#726,#727);
#726 = CARTESIAN_POINT('',(6.28318530718,25.));
#727 = VECTOR('',#728,1.);
#728 = DIRECTION('',(-1.,0.));
#729 = ( GEOMETRIC_REPRESENTATION_CONTEXT(2) 
PARAMETRIC_REPRESENTATION_CONTEXT() REPRESENTATION_CONTEXT('2D SPACE',''
  ) );
#730 = PCURVE('',#731,#736);
#731 = PLANE('',#732);
#732 = AXIS2_PLACEMENT_3D('',#733,#734,#735);
#733 = CARTESIAN_POINT('',(2.84217094304E-14,4.622691118783E-14,15.));
#734 = DIRECTION('',(1.224646799147E-16,0.,-1.));
#735 = DIRECTION('',(-1.,0.,-1.224646799147E-16));
#736 = DEFINITIONAL_REPRESENTATION('',(#737),#745);
#737 = ( BOUNDED_CURVE() B_SPLINE_CURVE(2,(#738,#739,#740,#741,#742,#743
,#744),.UNSPECIFIED.,.T.,.F.) B_SPLINE_CURVE_WITH_KNOTS((1,2,2,2,2,1),(
    -2.094395102393,0.,2.094395102393,4.188790204786,6.28318530718,
8.377580409573),.UNSPECIFIED.) CURVE() GEOMETRIC_REPRESENTATION_ITEM() 
RATIONAL_B_SPLINE_CURVE((1.,0.5,1.,0.5,1.,0.5,1.)) REPRESENTATION_ITEM(
  '') );
#738 = CARTESIAN_POINT('',(-122.0710678118,47.071067811865));
#739 = CARTESIAN_POINT('',(-109.8236190979,59.318516525781));
#740 = CARTESIAN_POINT('',(-105.3407417371,42.588190451025));
#741 = CARTESIAN_POINT('',(-100.8578643762,25.857864376269));
#742 = CARTESIAN_POINT('',(-117.588190451,30.340741737109));
#743 = CARTESIAN_POINT('',(-134.3185165257,34.82361909795));
#744 = CARTESIAN_POINT('',(-122.0710678118,47.071067811865));
#745 = ( GEOMETRIC_REPRESENTATION_CONTEXT(2) 
PARAMETRIC_REPRESENTATION_CONTEXT() REPRESENTATION_CONTEXT('2D SPACE',''
  ) );
#746 = ORIENTED_EDGE('',*,*,#747,.T.);
#747 = EDGE_CURVE('',#715,#334,#748,.T.);
#748 = SURFACE_CURVE('',#749,(#753,#760),.PCURVE_S1.);
#749 = LINE('',#750,#751);
#750 = CARTESIAN_POINT('',(115.,50.,40.));
#751 = VECTOR('',#752,1.);
#752 = DIRECTION('',(-1.224646799147E-16,0.,1.));
#753 = PCURVE('',#354,#754);
#754 = DEFINITIONAL_REPRESENTATION('',(#755),#759);
#755 = LINE('',#756,#757);
#756 = CARTESIAN_POINT('',(-0.785398163397,0.));
#757 = VECTOR('',#758,1.);
#758 = DIRECTION('',(0.,-1.));
#759 = ( GEOMETRIC_REPRESENTATION_CONTEXT(2) 
PARAMETRIC_REPRESENTATION_CONTEXT() REPRESENTATION_CONTEXT('2D SPACE',''
  ) );
#760 = PCURVE('',#72,#761);
#761 = DEFINITIONAL_REPRESENTATION('',(#762),#766);
#762 = LINE('',#763,#764);
#763 = CARTESIAN_POINT('',(140.,1.714505518806E-14));
#764 = VECTOR('',#765,1.);
#765 = DIRECTION('',(0.,-1.));
#766 = ( GEOMETRIC_REPRESENTATION_CONTEXT(2) 
PARAMETRIC_REPRESENTATION_CONTEXT() REPRESENTATION_CONTEXT('2D SPACE',''
  ) );
#767 = ADVANCED_FACE('',(#768),#72,.T.);
#768 = FACE_BOUND('',#769,.T.);
#769 = EDGE_LOOP('',(#770,#771,#772,#795,#816,#817,#818,#841,#896,#924)
  );
#770 = ORIENTED_EDGE('',*,*,#56,.T.);
#771 = ORIENTED_EDGE('',*,*,#555,.T.);
#772 = ORIENTED_EDGE('',*,*,#773,.F.);
#773 = EDGE_CURVE('',#774,#528,#776,.T.);
#774 = VERTEX_POINT('',#775);
#775 = CARTESIAN_POINT('',(64.860091679958,50.,36.));
#776 = SURFACE_CURVE('',#777,(#781,#788),.PCURVE_S1.);
#777 = LINE('',#778,#779);
#778 = CARTESIAN_POINT('',(20.930045839979,50.,36.));
#779 = VECTOR('',#780,1.);
#780 = DIRECTION('',(-1.,0.,-1.224646799147E-16));
#781 = PCURVE('',#72,#782);
#782 = DEFINITIONAL_REPRESENTATION('',(#783),#787);
#783 = LINE('',#784,#785);
#784 = CARTESIAN_POINT('',(45.930045839979,4.));
#785 = VECTOR('',#786,1.);
#786 = DIRECTION('',(-1.,0.));
#787 = ( GEOMETRIC_REPRESENTATION_CONTEXT(2) 
PARAMETRIC_REPRESENTATION_CONTEXT() REPRESENTATION_CONTEXT('2D SPACE',''
  ) );
#788 = PCURVE('',#543,#789);
#789 = DEFINITIONAL_REPRESENTATION('',(#790),#794);
#790 = LINE('',#791,#792);
#791 = CARTESIAN_POINT('',(-45.93004583997,100.));
#792 = VECTOR('',#793,1.);
#793 = DIRECTION('',(-1.,0.));
#794 = ( GEOMETRIC_REPRESENTATION_CONTEXT(2) 
PARAMETRIC_REPRESENTATION_CONTEXT() REPRESENTATION_CONTEXT('2D SPACE',''
  ) );
#795 = ORIENTED_EDGE('',*,*,#796,.F.);
#796 = EDGE_CURVE('',#367,#774,#797,.T.);
#797 = SURFACE_CURVE('',#798,(#802,#809),.PCURVE_S1.);
#798 = LINE('',#799,#800);
#799 = CARTESIAN_POINT('',(64.860091679958,50.,40.));
#800 = VECTOR('',#801,1.);
#801 = DIRECTION('',(1.224646799147E-16,0.,-1.));
#802 = PCURVE('',#72,#803);
#803 = DEFINITIONAL_REPRESENTATION('',(#804),#808);
#804 = LINE('',#805,#806);
#805 = CARTESIAN_POINT('',(89.860091679958,1.100468736469E-14));
#806 = VECTOR('',#807,1.);
#807 = DIRECTION('',(0.,1.));
#808 = ( GEOMETRIC_REPRESENTATION_CONTEXT(2) 
PARAMETRIC_REPRESENTATION_CONTEXT() REPRESENTATION_CONTEXT('2D SPACE',''
  ) );
#809 = PCURVE('',#405,#810);
#810 = DEFINITIONAL_REPRESENTATION('',(#811),#815);
#811 = LINE('',#812,#813);
#812 = CARTESIAN_POINT('',(0.,100.));
#813 = VECTOR('',#814,1.);
#814 = DIRECTION('',(-1.,0.));
#815 = ( GEOMETRIC_REPRESENTATION_CONTEXT(2) 
PARAMETRIC_REPRESENTATION_CONTEXT() REPRESENTATION_CONTEXT('2D SPACE',''
  ) );
#816 = ORIENTED_EDGE('',*,*,#366,.T.);
#817 = ORIENTED_EDGE('',*,*,#747,.F.);
#818 = ORIENTED_EDGE('',*,*,#819,.F.);
#819 = EDGE_CURVE('',#820,#715,#822,.T.);
#820 = VERTEX_POINT('',#821);
#821 = CARTESIAN_POINT('',(100.42217267659,50.,15.));
#822 = SURFACE_CURVE('',#823,(#827,#834),.PCURVE_S1.);
#823 = LINE('',#824,#825);
#824 = CARTESIAN_POINT('',(-25.,50.,15.));
#825 = VECTOR('',#826,1.);
#826 = DIRECTION('',(1.,0.,1.224646799147E-16));
#827 = PCURVE('',#72,#828);
#828 = DEFINITIONAL_REPRESENTATION('',(#829),#833);
#829 = LINE('',#830,#831);
#830 = CARTESIAN_POINT('',(-3.061616997868E-15,25.));
#831 = VECTOR('',#832,1.);
#832 = DIRECTION('',(1.,0.));
#833 = ( GEOMETRIC_REPRESENTATION_CONTEXT(2) 
PARAMETRIC_REPRESENTATION_CONTEXT() REPRESENTATION_CONTEXT('2D SPACE',''
  ) );
#834 = PCURVE('',#731,#835);
#835 = DEFINITIONAL_REPRESENTATION('',(#836),#840);
#836 = LINE('',#837,#838);
#837 = CARTESIAN_POINT('',(25.,50.));
#838 = VECTOR('',#839,1.);
#839 = DIRECTION('',(-1.,0.));
#840 = ( GEOMETRIC_REPRESENTATION_CONTEXT(2) 
PARAMETRIC_REPRESENTATION_CONTEXT() REPRESENTATION_CONTEXT('2D SPACE',''
  ) );
#841 = ORIENTED_EDGE('',*,*,#842,.T.);
#842 = EDGE_CURVE('',#820,#843,#845,.T.);
#843 = VERTEX_POINT('',#844);
#844 = CARTESIAN_POINT('',(6.027714512775,50.,15.));
#845 = SURFACE_CURVE('',#846,(#855,#867),.PCURVE_S1.);
#846 = B_SPLINE_CURVE_WITH_KNOTS('',3,(#847,#848,#849,#850,#851,#852,
    #853,#854),.UNSPECIFIED.,.F.,.F.,(4,2,2,4),(0.206272645715,
    5.410338620353,8.069896891792,12.240632994824),.UNSPECIFIED.);
#847 = CARTESIAN_POINT('',(100.42217267659,50.,15.));
#848 = CARTESIAN_POINT('',(83.610105733403,50.,19.071200644053));
#849 = CARTESIAN_POINT('',(66.65835756522,50.,19.802531021589));
#850 = CARTESIAN_POINT('',(46.328945619589,50.,19.461054885435));
#851 = CARTESIAN_POINT('',(39.318538969593,50.,19.076614710548));
#852 = CARTESIAN_POINT('',(21.775997585821,50.,17.560576826002));
#853 = CARTESIAN_POINT('',(12.954471889852,50.,16.274100627875));
#854 = CARTESIAN_POINT('',(6.027714512775,50.,15.));
#855 = PCURVE('',#72,#856);
#856 = DEFINITIONAL_REPRESENTATION('',(#857),#866);
#857 = B_SPLINE_CURVE_WITH_KNOTS('',3,(#858,#859,#860,#861,#862,#863,
    #864,#865),.UNSPECIFIED.,.F.,.F.,(4,2,2,4),(0.206272645715,
    5.410338620353,8.069896891792,12.240632994824),.UNSPECIFIED.);
#858 = CARTESIAN_POINT('',(125.42217267659,25.));
#859 = CARTESIAN_POINT('',(108.6101057334,20.928799355947));
#860 = CARTESIAN_POINT('',(91.65835756522,20.197468978411));
#861 = CARTESIAN_POINT('',(71.328945619589,20.538945114565));
#862 = CARTESIAN_POINT('',(64.318538969593,20.923385289452));
#863 = CARTESIAN_POINT('',(46.775997585821,22.439423173998));
#864 = CARTESIAN_POINT('',(37.954471889852,23.725899372125));
#865 = CARTESIAN_POINT('',(31.027714512775,25.));
#866 = ( GEOMETRIC_REPRESENTATION_CONTEXT(2) 
PARAMETRIC_REPRESENTATION_CONTEXT() REPRESENTATION_CONTEXT('2D SPACE',''
  ) );
#867 = PCURVE('',#644,#868);
#868 = DEFINITIONAL_REPRESENTATION('',(#869),#895);
#869 = B_SPLINE_CURVE_WITH_KNOTS('',3,(#870,#871,#872,#873,#874,#875,
    #876,#877,#878,#879,#880,#881,#882,#883,#884,#885,#886,#887,#888,
    #889,#890,#891,#892,#893,#894),.UNSPECIFIED.,.F.,.F.,(4,1,1,1,1,1,1,
    1,1,1,1,1,1,1,1,1,1,1,1,1,1,1,4),(0.206272645715,0.75328902522,
    1.300305404725,1.84732178423,2.394338163735,2.94135454324,
    3.488370922745,4.03538730225,4.582403681755,5.129420061259,
    5.676436440764,6.223452820269,6.770469199774,7.317485579279,
    7.864501958784,8.411518338289,8.958534717794,9.505551097299,
    10.052567476804,10.599583856309,11.146600235814,11.693616615319,
    12.240632994824),.UNSPECIFIED.);
#870 = CARTESIAN_POINT('',(52.77509706316,76.492392412012));
#871 = CARTESIAN_POINT('',(51.298440369886,77.832835792854));
#872 = CARTESIAN_POINT('',(48.532224789072,80.520421409631));
#873 = CARTESIAN_POINT('',(44.887030715849,84.564670800736));
#874 = CARTESIAN_POINT('',(41.687307319827,88.614636620279));
#875 = CARTESIAN_POINT('',(38.879626735767,92.662915614335));
#876 = CARTESIAN_POINT('',(36.415918961632,96.701873110634));
#877 = CARTESIAN_POINT('',(34.254016133388,100.72337386187));
#878 = CARTESIAN_POINT('',(32.356992075041,104.71884019884));
#879 = CARTESIAN_POINT('',(30.693520758657,108.67782238192));
#880 = CARTESIAN_POINT('',(29.233880448529,112.59045260177));
#881 = CARTESIAN_POINT('',(27.96230690459,116.38870563936));
#882 = CARTESIAN_POINT('',(26.770498344904,120.33509922147));
#883 = CARTESIAN_POINT('',(25.6628880404,124.40052491538));
#884 = CARTESIAN_POINT('',(24.6306462577,128.58462143877));
#885 = CARTESIAN_POINT('',(23.667612523115,132.88008755267));
#886 = CARTESIAN_POINT('',(22.767297647184,137.28076684924));
#887 = CARTESIAN_POINT('',(21.953455062869,141.60289640725));
#888 = CARTESIAN_POINT('',(21.207186431749,145.87257957143));
#889 = CARTESIAN_POINT('',(20.519087396387,150.07693930661));
#890 = CARTESIAN_POINT('',(19.878661880098,154.21291561517));
#891 = CARTESIAN_POINT('',(19.277277108015,158.27330199614));
#892 = CARTESIAN_POINT('',(18.706437944041,162.2521966645));
#893 = CARTESIAN_POINT('',(18.344675862768,164.83655324172));
#894 = CARTESIAN_POINT('',(18.167809921941,166.10890622944));
#895 = ( GEOMETRIC_REPRESENTATION_CONTEXT(2) 
PARAMETRIC_REPRESENTATION_CONTEXT() REPRESENTATION_CONTEXT('2D SPACE',''
  ) );
#896 = ORIENTED_EDGE('',*,*,#897,.F.);
#897 = EDGE_CURVE('',#898,#843,#900,.T.);
#898 = VERTEX_POINT('',#899);
#899 = CARTESIAN_POINT('',(-25.,50.,15.));
#900 = SURFACE_CURVE('',#901,(#905,#912),.PCURVE_S1.);
#901 = LINE('',#902,#903);
#902 = CARTESIAN_POINT('',(-25.,50.,15.));
#903 = VECTOR('',#904,1.);
#904 = DIRECTION('',(1.,0.,1.224646799147E-16));
#905 = PCURVE('',#72,#906);
#906 = DEFINITIONAL_REPRESENTATION('',(#907),#911);
#907 = LINE('',#908,#909);
#908 = CARTESIAN_POINT('',(-3.061616997868E-15,25.));
#909 = VECTOR('',#910,1.);
#910 = DIRECTION('',(1.,0.));
#911 = ( GEOMETRIC_REPRESENTATION_CONTEXT(2) 
PARAMETRIC_REPRESENTATION_CONTEXT() REPRESENTATION_CONTEXT('2D SPACE',''
  ) );
#912 = PCURVE('',#913,#918);
#913 = PLANE('',#914);
#914 = AXIS2_PLACEMENT_3D('',#915,#916,#917);
#915 = CARTESIAN_POINT('',(2.84217094304E-14,4.622691118783E-14,15.));
#916 = DIRECTION('',(1.224646799147E-16,0.,-1.));
#917 = DIRECTION('',(-1.,0.,-1.224646799147E-16));
#918 = DEFINITIONAL_REPRESENTATION('',(#919),#923);
#919 = LINE('',#920,#921);
#920 = CARTESIAN_POINT('',(25.,50.));
#921 = VECTOR('',#922,1.);
#922 = DIRECTION('',(-1.,0.));
#923 = ( GEOMETRIC_REPRESENTATION_CONTEXT(2) 
PARAMETRIC_REPRESENTATION_CONTEXT() REPRESENTATION_CONTEXT('2D SPACE',''
  ) );
#924 = ORIENTED_EDGE('',*,*,#925,.F.);
#925 = EDGE_CURVE('',#57,#898,#926,.T.);
#926 = SURFACE_CURVE('',#927,(#931,#938),.PCURVE_S1.);
#927 = LINE('',#928,#929);
#928 = CARTESIAN_POINT('',(-25.,50.,40.));
#929 = VECTOR('',#930,1.);
#930 = DIRECTION('',(1.224646799147E-16,0.,-1.));
#931 = PCURVE('',#72,#932);
#932 = DEFINITIONAL_REPRESENTATION('',(#933),#937);
#933 = LINE('',#934,#935);
#934 = CARTESIAN_POINT('',(0.,0.));
#935 = VECTOR('',#936,1.);
#936 = DIRECTION('',(0.,1.));
#937 = ( GEOMETRIC_REPRESENTATION_CONTEXT(2) 
PARAMETRIC_REPRESENTATION_CONTEXT() REPRESENTATION_CONTEXT('2D SPACE',''
  ) );
#938 = PCURVE('',#100,#939);
#939 = DEFINITIONAL_REPRESENTATION('',(#940),#944);
#940 = LINE('',#941,#942);
#941 = CARTESIAN_POINT('',(100.,0.));
#942 = VECTOR('',#943,1.);
#943 = DIRECTION('',(0.,1.));
#944 = ( GEOMETRIC_REPRESENTATION_CONTEXT(2) 
PARAMETRIC_REPRESENTATION_CONTEXT() REPRESENTATION_CONTEXT('2D SPACE',''
  ) );
#945 = ADVANCED_FACE('',(#946),#321,.T.);
#946 = FACE_BOUND('',#947,.T.);
#947 = EDGE_LOOP('',(#948,#949,#972,#1060,#1152,#1244,#1289));
#948 = ORIENTED_EDGE('',*,*,#305,.T.);
#949 = ORIENTED_EDGE('',*,*,#950,.F.);
#950 = EDGE_CURVE('',#951,#266,#953,.T.);
#951 = VERTEX_POINT('',#952);
#952 = CARTESIAN_POINT('',(125.,-39.99999999999,21.414483397305));
#953 = SURFACE_CURVE('',#954,(#958,#965),.PCURVE_S1.);
#954 = LINE('',#955,#956);
#955 = CARTESIAN_POINT('',(125.,-40.,40.));
#956 = VECTOR('',#957,1.);
#957 = DIRECTION('',(-1.224646799147E-16,0.,1.));
#958 = PCURVE('',#321,#959);
#959 = DEFINITIONAL_REPRESENTATION('',(#960),#964);
#960 = LINE('',#961,#962);
#961 = CARTESIAN_POINT('',(90.,0.));
#962 = VECTOR('',#963,1.);
#963 = DIRECTION('',(-0.,-1.));
#964 = ( GEOMETRIC_REPRESENTATION_CONTEXT(2) 
PARAMETRIC_REPRESENTATION_CONTEXT() REPRESENTATION_CONTEXT('2D SPACE',''
  ) );
#965 = PCURVE('',#293,#966);
#966 = DEFINITIONAL_REPRESENTATION('',(#967),#971);
#967 = LINE('',#968,#969);
#968 = CARTESIAN_POINT('',(5.497787143782,0.));
#969 = VECTOR('',#970,1.);
#970 = DIRECTION('',(0.,-1.));
#971 = ( GEOMETRIC_REPRESENTATION_CONTEXT(2) 
PARAMETRIC_REPRESENTATION_CONTEXT() REPRESENTATION_CONTEXT('2D SPACE',''
  ) );
#972 = ORIENTED_EDGE('',*,*,#973,.T.);
#973 = EDGE_CURVE('',#951,#974,#976,.T.);
#974 = VERTEX_POINT('',#975);
#975 = CARTESIAN_POINT('',(125.,-29.77195738518,35.306484111092));
#976 = SURFACE_CURVE('',#977,(#982,#990),.PCURVE_S1.);
#977 = B_SPLINE_CURVE_WITH_KNOTS('',3,(#978,#979,#980,#981),
  .UNSPECIFIED.,.F.,.F.,(4,4),(0.827603295615,2.320529313697),
  .PIECEWISE_BEZIER_KNOTS.);
#978 = CARTESIAN_POINT('',(125.,-39.99999999999,21.414483397303));
#979 = CARTESIAN_POINT('',(125.,-36.96726116102,25.64327984875));
#980 = CARTESIAN_POINT('',(125.,-33.62898471551,30.097634283706));
#981 = CARTESIAN_POINT('',(125.,-29.77189710267,35.306439391342));
#982 = PCURVE('',#321,#983);
#983 = DEFINITIONAL_REPRESENTATION('',(#984),#989);
#984 = B_SPLINE_CURVE_WITH_KNOTS('',3,(#985,#986,#987,#988),
  .UNSPECIFIED.,.F.,.F.,(4,4),(0.827603295615,2.320529313697),
  .PIECEWISE_BEZIER_KNOTS.);
#985 = CARTESIAN_POINT('',(89.999999999993,18.585516602697));
#986 = CARTESIAN_POINT('',(86.96726116102,14.35672015125));
#987 = CARTESIAN_POINT('',(83.62898471551,9.902365716294));
#988 = CARTESIAN_POINT('',(79.771897102671,4.693560608658));
#989 = ( GEOMETRIC_REPRESENTATION_CONTEXT(2) 
PARAMETRIC_REPRESENTATION_CONTEXT() REPRESENTATION_CONTEXT('2D SPACE',''
  ) );
#990 = PCURVE('',#991,#1032);
#991 = B_SPLINE_SURFACE_WITH_KNOTS('',3,3,(
    (#992,#993,#994,#995)
    ,(#996,#997,#998,#999)
    ,(#1000,#1001,#1002,#1003)
    ,(#1004,#1005,#1006,#1007)
    ,(#1008,#1009,#1010,#1011)
    ,(#1012,#1013,#1014,#1015)
    ,(#1016,#1017,#1018,#1019)
    ,(#1020,#1021,#1022,#1023)
    ,(#1024,#1025,#1026,#1027)
    ,(#1028,#1029,#1030,#1031
    )),.UNSPECIFIED.,.F.,.F.,.F.,(4,1,1,1,1,1,1,4),(4,4),(40.06084863551
    ,55.38511890237,107.1469122691,158.9087056358,210.6704990025,
    262.4322923692,314.1940857359,365.95587910178),(6.674660164108E-03,
    64.962306379092),.UNSPECIFIED.);
#992 = CARTESIAN_POINT('',(143.57516778745,-26.75435392839,
    33.119825345703));
#993 = CARTESIAN_POINT('',(144.26011616762,-32.58048684504,
    25.663679803067));
#994 = CARTESIAN_POINT('',(144.92292419371,-36.99407498334,
    19.236846722201));
#995 = CARTESIAN_POINT('',(145.53802515203,-40.87375335978,
    12.421249190513));
#996 = CARTESIAN_POINT('',(137.79243529074,-27.80498699666,
    34.215059846527));
#997 = CARTESIAN_POINT('',(138.45588998851,-33.82732763793,
    26.098048226677));
#998 = CARTESIAN_POINT('',(139.07383616791,-38.40977381088,
    19.436689138188));
#999 = CARTESIAN_POINT('',(139.65109662281,-42.45203422077,
    12.349795776122));
#1000 = CARTESIAN_POINT('',(113.47540870648,-31.50060227567,
    37.742624390489));
#1001 = CARTESIAN_POINT('',(113.83454502373,-38.62469632939,
    27.176001118101));
#1002 = CARTESIAN_POINT('',(114.05600641494,-44.30896368925,
    19.739086609564));
#1003 = CARTESIAN_POINT('',(114.29221986627,-49.36474005813,
    11.682511210488));
#1004 = CARTESIAN_POINT('',(59.79172235218,-34.75716089656,
    32.234824019098));
#1005 = CARTESIAN_POINT('',(58.041376005969,-46.50178473348,
    23.630656282035));
#1006 = CARTESIAN_POINT('',(56.532903892352,-57.04572085065,
    15.787447218267));
#1007 = CARTESIAN_POINT('',(55.323668383264,-67.21792251166,
    7.818206097244));
#1008 = CARTESIAN_POINT('',(5.029843312588,-36.6581138432,
    25.615891443346));
#1009 = CARTESIAN_POINT('',(7.805375437819,-52.79900255396,
    13.750184547731));
#1010 = CARTESIAN_POINT('',(10.393683895319,-65.46191263109,
    6.652258513039));
#1011 = CARTESIAN_POINT('',(13.134940419265,-79.69992490749,
    -0.924479312101));
#1012 = CARTESIAN_POINT('',(-23.62130491777,-41.94779957241,
    12.269928997367));
#1013 = CARTESIAN_POINT('',(-19.2306586317,-56.62798291215,
    4.789681763131));
#1014 = CARTESIAN_POINT('',(-15.41167357519,-69.42475911669,
    -2.537842627201));
#1015 = CARTESIAN_POINT('',(-12.55652616212,-78.92138438157,
    -2.793585123923));
#1016 = CARTESIAN_POINT('',(-49.42371370432,-46.62228926008,
    2.540396196344));
#1017 = CARTESIAN_POINT('',(-41.63473823933,-61.95476924862,
    -2.706188293485));
#1018 = CARTESIAN_POINT('',(-31.63688599317,-81.90335156799,
    -2.798575835266));
#1019 = CARTESIAN_POINT('',(-20.79995418139,-103.4047270001,
    -2.800202695163));
#1020 = CARTESIAN_POINT('',(-73.36533486082,-51.63327747619,
    -2.474794173446));
#1021 = CARTESIAN_POINT('',(-68.19469581293,-67.12625369283,
    -2.794501196986));
#1022 = CARTESIAN_POINT('',(-62.69015252494,-83.71374799061,
    -2.800130944509));
#1023 = CARTESIAN_POINT('',(-56.13546107999,-103.4955819052,
    -2.800230079158));
#1024 = CARTESIAN_POINT('',(-97.45808687971,-55.89012578837,
    -2.799979568561));
#1025 = CARTESIAN_POINT('',(-97.46356958887,-67.17281919725,
    -2.800227413569));
#1026 = CARTESIAN_POINT('',(-97.46366613425,-85.10902617885,
    -2.800231777858));
#1027 = CARTESIAN_POINT('',(-97.46366783428,-103.5692705398,
    -2.800231854722));
#1028 = CARTESIAN_POINT('',(-132.2538894377,-55.8918502724,
    -2.800231856146));
#1029 = CARTESIAN_POINT('',(-132.2538894377,-67.1325787342,
    -2.800231856148));
#1030 = CARTESIAN_POINT('',(-132.2538894377,-87.08608050445,
    -2.800231856088));
#1031 = CARTESIAN_POINT('',(-132.2538894377,-103.6737503235,
    -2.800231856132));
#1032 = DEFINITIONAL_REPRESENTATION('',(#1033),#1059);
#1033 = B_SPLINE_CURVE_WITH_KNOTS('',3,(#1034,#1035,#1036,#1037,#1038,
    #1039,#1040,#1041,#1042,#1043,#1044,#1045,#1046,#1047,#1048,#1049,
    #1050,#1051,#1052,#1053,#1054,#1055,#1056,#1057,#1058),
  .UNSPECIFIED.,.F.,.F.,(4,1,1,1,1,1,1,1,1,1,1,1,1,1,1,1,1,1,1,1,1,1,4),
  (0.827603295615,0.895463569164,0.963323842713,1.031184116262,
    1.099044389812,1.166904663361,1.23476493691,1.302625210459,
    1.370485484008,1.438345757558,1.506206031107,1.574066304656,
    1.641926578205,1.709786851754,1.777647125304,1.845507398853,
    1.913367672402,1.981227945951,2.049088219501,2.11694849305,
    2.184808766599,2.252669040148,2.320529313697),
  .QUASI_UNIFORM_KNOTS.);
#1034 = CARTESIAN_POINT('',(57.17126562598,37.373268097235));
#1035 = CARTESIAN_POINT('',(57.163377490161,36.824921710943));
#1036 = CARTESIAN_POINT('',(57.147533716208,35.727719407562));
#1037 = CARTESIAN_POINT('',(57.123556644861,34.080280604198));
#1038 = CARTESIAN_POINT('',(57.099359274227,32.431097716951));
#1039 = CARTESIAN_POINT('',(57.074932664333,30.780068939133));
#1040 = CARTESIAN_POINT('',(57.050267833847,29.127097230846));
#1041 = CARTESIAN_POINT('',(57.025355750794,27.472091076689));
#1042 = CARTESIAN_POINT('',(57.000187329499,25.814964415762));
#1043 = CARTESIAN_POINT('',(56.974753426948,24.155636749611));
#1044 = CARTESIAN_POINT('',(56.949044840332,22.494033160423));
#1045 = CARTESIAN_POINT('',(56.923052305228,20.830084313202));
#1046 = CARTESIAN_POINT('',(56.896766494503,19.163726424313));
#1047 = CARTESIAN_POINT('',(56.87017801784,17.494901203454));
#1048 = CARTESIAN_POINT('',(56.843277421837,15.823555769553));
#1049 = CARTESIAN_POINT('',(56.816055190615,14.149642543029));
#1050 = CARTESIAN_POINT('',(56.788501746882,12.47311911606));
#1051 = CARTESIAN_POINT('',(56.760607453385,10.793948103936));
#1052 = CARTESIAN_POINT('',(56.732362614728,9.112096975687));
#1053 = CARTESIAN_POINT('',(56.703757479357,7.427537880274));
#1054 = CARTESIAN_POINT('',(56.674782242277,5.740247417014));
#1055 = CARTESIAN_POINT('',(56.645427046108,4.050206551038));
#1056 = CARTESIAN_POINT('',(56.615681989282,2.35739993339));
#1057 = CARTESIAN_POINT('',(56.595585401999,1.227011576233));
#1058 = CARTESIAN_POINT('',(56.585468813381,0.66135280345));
#1059 = ( GEOMETRIC_REPRESENTATION_CONTEXT(2) 
PARAMETRIC_REPRESENTATION_CONTEXT() REPRESENTATION_CONTEXT('2D SPACE',''
  ) );
#1060 = ORIENTED_EDGE('',*,*,#1061,.T.);
#1061 = EDGE_CURVE('',#974,#1062,#1064,.T.);
#1062 = VERTEX_POINT('',#1063);
#1063 = CARTESIAN_POINT('',(125.,1.730192893123E-08,37.619168130073));
#1064 = SURFACE_CURVE('',#1065,(#1072,#1082),.PCURVE_S1.);
#1065 = B_SPLINE_CURVE_WITH_KNOTS('',3,(#1066,#1067,#1068,#1069,#1070,
    #1071),.UNSPECIFIED.,.F.,.F.,(4,2,4),(8.373645808759E-03,
    1.445327796728,2.976839374202),.UNSPECIFIED.);
#1066 = CARTESIAN_POINT('',(125.,-29.77195738518,35.306484111092));
#1067 = CARTESIAN_POINT('',(125.,-25.04299303081,36.074553449034));
#1068 = CARTESIAN_POINT('',(125.,-20.18673990991,36.636663546981));
#1069 = CARTESIAN_POINT('',(125.,-10.30290961457,37.414998980549));
#1070 = CARTESIAN_POINT('',(125.,-5.118339512874,37.61916812953));
#1071 = CARTESIAN_POINT('',(125.,3.243206882914E-08,37.61916813006));
#1072 = PCURVE('',#321,#1073);
#1073 = DEFINITIONAL_REPRESENTATION('',(#1074),#1081);
#1074 = B_SPLINE_CURVE_WITH_KNOTS('',3,(#1075,#1076,#1077,#1078,#1079,
    #1080),.UNSPECIFIED.,.F.,.F.,(4,2,4),(8.373645808759E-03,
    1.445327796728,2.976839374202),.UNSPECIFIED.);
#1075 = CARTESIAN_POINT('',(79.771957385186,4.693515888908));
#1076 = CARTESIAN_POINT('',(75.042993030816,3.925446550966));
#1077 = CARTESIAN_POINT('',(70.186739909917,3.363336453019));
#1078 = CARTESIAN_POINT('',(60.30290961457,2.585001019451));
#1079 = CARTESIAN_POINT('',(55.118339512874,2.38083187047));
#1080 = CARTESIAN_POINT('',(49.999999967568,2.38083186994));
#1081 = ( GEOMETRIC_REPRESENTATION_CONTEXT(2) 
PARAMETRIC_REPRESENTATION_CONTEXT() REPRESENTATION_CONTEXT('2D SPACE',''
  ) );
#1082 = PCURVE('',#1083,#1124);
#1083 = B_SPLINE_SURFACE_WITH_KNOTS('',3,3,(
    (#1084,#1085,#1086,#1087,#1088,#1089,#1090,#1091,#1092,#1093)
    ,(#1094,#1095,#1096,#1097,#1098,#1099,#1100,#1101,#1102,#1103)
    ,(#1104,#1105,#1106,#1107,#1108,#1109,#1110,#1111,#1112,#1113)
    ,(#1114,#1115,#1116,#1117,#1118,#1119,#1120,#1121,#1122,#1123
  )),.UNSPECIFIED.,.F.,.F.,.F.,(4,4),(4,1,1,1,1,1,1,4),(0.43015160641,
    57.27646395965),(39.15112737735,54.06537782314,104.5937683121,
    155.122158801,205.6505492899,256.1789397788,306.7073302677,
    357.23572075657),.UNSPECIFIED.);
#1084 = CARTESIAN_POINT('',(143.5437000677,-27.24874252832,
    32.837239259432));
#1085 = CARTESIAN_POINT('',(137.77898165214,-28.31298206252,
    33.911760098157));
#1086 = CARTESIAN_POINT('',(113.46516559625,-32.0808661299,
    37.37707568156));
#1087 = CARTESIAN_POINT('',(59.738525476424,-35.51489977464,
    31.907184134505));
#1088 = CARTESIAN_POINT('',(5.115022375633,-37.57105509551,
    25.233104107419));
#1089 = CARTESIAN_POINT('',(-23.49370651154,-42.87854196118,
    12.019617411547));
#1090 = CARTESIAN_POINT('',(-49.16908014169,-47.62389834789,
    2.365567792421));
#1091 = CARTESIAN_POINT('',(-73.18144951602,-52.69484554462,
    -2.484418795609));
#1092 = CARTESIAN_POINT('',(-97.46426310647,-56.87984247475,
    -2.800217380106));
#1093 = CARTESIAN_POINT('',(-132.2538894392,-56.87972400614,
    -2.800231866165));
#1094 = CARTESIAN_POINT('',(143.54783889771,-18.93959917159,
    34.655335995693));
#1095 = CARTESIAN_POINT('',(137.78383905085,-19.67931294656,
    35.619630049944));
#1096 = CARTESIAN_POINT('',(113.47263207303,-22.29823064066,
    38.594093583351));
#1097 = CARTESIAN_POINT('',(59.738544087966,-24.68510117978,
    33.73748151428));
#1098 = CARTESIAN_POINT('',(5.114952952502,-26.11425915178,
    25.938664216424));
#1099 = CARTESIAN_POINT('',(-23.49344717159,-29.80329815059,
    12.622285318223));
#1100 = CARTESIAN_POINT('',(-49.17004275724,-33.10162091889,
    3.046559693202));
#1101 = CARTESIAN_POINT('',(-73.18228514739,-36.62624988997,
    -2.465043129062));
#1102 = CARTESIAN_POINT('',(-97.4635336623,-39.53508739917,
    -2.800223802961));
#1103 = CARTESIAN_POINT('',(-132.2538894392,-39.53500505599,
    -2.80023159561));
#1104 = CARTESIAN_POINT('',(143.55018099928,-9.4863624347,
    35.684212700035));
#1105 = CARTESIAN_POINT('',(137.78658779661,-9.856866210873,
    36.586128459645));
#1106 = CARTESIAN_POINT('',(113.4768573307,-11.16861533788,
    39.28281455141));
#1107 = CARTESIAN_POINT('',(59.738554532559,-12.36413795084,
    34.773262643032));
#1108 = CARTESIAN_POINT('',(5.114913528494,-13.07996674521,
    26.337946771529));
#1109 = CARTESIAN_POINT('',(-23.49330054982,-14.92771232385,
    12.963340230193));
#1110 = CARTESIAN_POINT('',(-49.17058770611,-16.57975812098,
    3.431938855079));
#1111 = CARTESIAN_POINT('',(-73.18275827586,-18.34515490045,
    -2.454078278252));
#1112 = CARTESIAN_POINT('',(-97.46312108683,-19.80211752418,
    -2.800227437318));
#1113 = CARTESIAN_POINT('',(-132.2538894392,-19.80207627986,
    -2.80023144255));
#1114 = CARTESIAN_POINT('',(143.55018080314,5.224130793235E-08,
    35.684212730148));
#1115 = CARTESIAN_POINT('',(137.78658760025,4.712677983271E-08,
    36.586128484398));
#1116 = CARTESIAN_POINT('',(113.47685715845,1.44976701269E-08,
    39.282814545367));
#1117 = CARTESIAN_POINT('',(59.73855435725,9.417884430651E-09,
    34.773262622329));
#1118 = CARTESIAN_POINT('',(5.11491325523,2.278470902922E-08,
    26.337946728878));
#1119 = CARTESIAN_POINT('',(-23.4933008314,8.862787352626E-08,
    12.96334007842));
#1120 = CARTESIAN_POINT('',(-49.17058809836,9.691652753246E-08,
    3.431938749857));
#1121 = CARTESIAN_POINT('',(-73.1827587498,1.844593557274E-07,
    -2.454078291582));
#1122 = CARTESIAN_POINT('',(-97.46312153278,-4.214297168181E-09,
    -2.800227436327));
#1123 = CARTESIAN_POINT('',(-132.2538894392,-2.012398969686E-09,
    -2.800231442525));
#1124 = DEFINITIONAL_REPRESENTATION('',(#1125),#1151);
#1125 = B_SPLINE_CURVE_WITH_KNOTS('',3,(#1126,#1127,#1128,#1129,#1130,
    #1131,#1132,#1133,#1134,#1135,#1136,#1137,#1138,#1139,#1140,#1141,
    #1142,#1143,#1144,#1145,#1146,#1147,#1148,#1149,#1150),
  .UNSPECIFIED.,.F.,.F.,(4,1,1,1,1,1,1,1,1,1,1,1,1,1,1,1,1,1,1,1,1,1,4),
  (8.373645808759E-03,0.14330390619,0.278234166572,0.413164426953,
    0.548094687335,0.683024947716,0.817955208098,0.952885468479,
    1.087815728861,1.222745989242,1.357676249624,1.492606510006,
    1.627536770387,1.762467030769,1.89739729115,2.032327551532,
    2.167257811913,2.302188072295,2.437118332676,2.572048593058,
    2.706978853439,2.841909113821,2.976839374202),
  .QUASI_UNIFORM_KNOTS.);
#1126 = CARTESIAN_POINT('',(1.133855805044,55.237121606014));
#1127 = CARTESIAN_POINT('',(2.047132295001,55.237352355532));
#1128 = CARTESIAN_POINT('',(3.866390757663,55.237802674014));
#1129 = CARTESIAN_POINT('',(6.573748437391,55.238444177202));
#1130 = CARTESIAN_POINT('',(9.259966158483,55.23905105271));
#1131 = CARTESIAN_POINT('',(11.925306163072,55.239623418344));
#1132 = CARTESIAN_POINT('',(14.569954415422,55.240161633861));
#1133 = CARTESIAN_POINT('',(17.194020795254,55.240666244107));
#1134 = CARTESIAN_POINT('',(19.79752252725,55.241137841952));
#1135 = CARTESIAN_POINT('',(22.380480583047,55.241577005858));
#1136 = CARTESIAN_POINT('',(24.942576247181,55.241984193915));
#1137 = CARTESIAN_POINT('',(27.484449954674,55.242359869719));
#1138 = CARTESIAN_POINT('',(30.002867299791,55.242703841132));
#1139 = CARTESIAN_POINT('',(32.514131998782,55.243018302667));
#1140 = CARTESIAN_POINT('',(35.018933705655,55.243303169281));
#1141 = CARTESIAN_POINT('',(37.51723137401,55.243558350782));
#1142 = CARTESIAN_POINT('',(40.009154250265,55.243783799992));
#1143 = CARTESIAN_POINT('',(42.494761588396,55.243979477332));
#1144 = CARTESIAN_POINT('',(44.974108012399,55.244145342149));
#1145 = CARTESIAN_POINT('',(47.447226779569,55.24428133963));
#1146 = CARTESIAN_POINT('',(49.914135072652,55.244387391363));
#1147 = CARTESIAN_POINT('',(52.374832613936,55.244463382702));
#1148 = CARTESIAN_POINT('',(54.829304352403,55.244509160699));
#1149 = CARTESIAN_POINT('',(56.461443432081,55.244519379572));
#1150 = CARTESIAN_POINT('',(57.27646395965,55.244519378639));
#1151 = ( GEOMETRIC_REPRESENTATION_CONTEXT(2) 
PARAMETRIC_REPRESENTATION_CONTEXT() REPRESENTATION_CONTEXT('2D SPACE',''
  ) );
#1152 = ORIENTED_EDGE('',*,*,#1153,.T.);
#1153 = EDGE_CURVE('',#1062,#1154,#1156,.T.);
#1154 = VERTEX_POINT('',#1155);
#1155 = CARTESIAN_POINT('',(125.00001032297,29.771955878122,
    35.306483454994));
#1156 = SURFACE_CURVE('',#1157,(#1164,#1174),.PCURVE_S1.);
#1157 = B_SPLINE_CURVE_WITH_KNOTS('',3,(#1158,#1159,#1160,#1161,#1162,
    #1163),.UNSPECIFIED.,.F.,.F.,(4,2,4),(0.,1.535496689197,
    2.976200080312),.UNSPECIFIED.);
#1158 = CARTESIAN_POINT('',(125.,-3.642602047077E-08,37.619168130073));
#1159 = CARTESIAN_POINT('',(125.,5.118322260896,37.619168129532));
#1160 = CARTESIAN_POINT('',(125.,10.302874408055,37.415000358886));
#1161 = CARTESIAN_POINT('',(125.,20.186705482248,36.636667565495));
#1162 = CARTESIAN_POINT('',(125.,25.042976412989,36.07455614073));
#1163 = CARTESIAN_POINT('',(125.,29.771957173401,35.306484144797));
#1164 = PCURVE('',#321,#1165);
#1165 = DEFINITIONAL_REPRESENTATION('',(#1166),#1173);
#1166 = B_SPLINE_CURVE_WITH_KNOTS('',3,(#1167,#1168,#1169,#1170,#1171,
    #1172),.UNSPECIFIED.,.F.,.F.,(4,2,4),(0.,1.535496689197,
    2.976200080312),.UNSPECIFIED.);
#1167 = CARTESIAN_POINT('',(50.000000036426,2.380831869927));
#1168 = CARTESIAN_POINT('',(44.881677739104,2.380831870468));
#1169 = CARTESIAN_POINT('',(39.697125591945,2.584999641114));
#1170 = CARTESIAN_POINT('',(29.813294517752,3.363332434505));
#1171 = CARTESIAN_POINT('',(24.957023587011,3.92544385927));
#1172 = CARTESIAN_POINT('',(20.228042826599,4.693515855203));
#1173 = ( GEOMETRIC_REPRESENTATION_CONTEXT(2) 
PARAMETRIC_REPRESENTATION_CONTEXT() REPRESENTATION_CONTEXT('2D SPACE',''
  ) );
#1174 = PCURVE('',#1175,#1216);
#1175 = B_SPLINE_SURFACE_WITH_KNOTS('',3,3,(
    (#1176,#1177,#1178,#1179)
    ,(#1180,#1181,#1182,#1183)
    ,(#1184,#1185,#1186,#1187)
    ,(#1188,#1189,#1190,#1191)
    ,(#1192,#1193,#1194,#1195)
    ,(#1196,#1197,#1198,#1199)
    ,(#1200,#1201,#1202,#1203)
    ,(#1204,#1205,#1206,#1207)
    ,(#1208,#1209,#1210,#1211)
    ,(#1212,#1213,#1214,#1215
    )),.UNSPECIFIED.,.F.,.F.,.F.,(4,1,1,1,1,1,1,4),(4,4),(39.15112737735
    ,54.06537782314,104.5937683121,155.122158801,205.6505492899,
    256.1789397788,306.7073302677,357.23572075658),(0.430553485071,
    57.27646395963),.UNSPECIFIED.);
#1176 = CARTESIAN_POINT('',(143.54370015543,27.248566298028,
    32.837277818709));
#1177 = CARTESIAN_POINT('',(143.54783893084,18.939465506949,
    34.655350543076));
#1178 = CARTESIAN_POINT('',(143.5501809993,9.48629536622,35.684212700037
    ));
#1179 = CARTESIAN_POINT('',(143.55018080314,-5.630501417192E-08,
    35.684212730146));
#1180 = CARTESIAN_POINT('',(137.7789817551,28.312798949496,
    33.911796319721));
#1181 = CARTESIAN_POINT('',(137.78383908973,19.679174061683,
    35.619643715295));
#1182 = CARTESIAN_POINT('',(137.78658779654,9.856796523027,
    36.58612845961));
#1183 = CARTESIAN_POINT('',(137.78658760025,-5.113389747041E-08,
    36.5861284844));
#1184 = CARTESIAN_POINT('',(113.46516575459,32.080658648755,
    37.377101492774));
#1185 = CARTESIAN_POINT('',(113.4726321328,22.298073273567,
    38.594103321232));
#1186 = CARTESIAN_POINT('',(113.47685733074,11.168536376633,
    39.282814551439));
#1187 = CARTESIAN_POINT('',(113.47685715845,-1.847156957252E-08,
    39.282814545398));
#1188 = CARTESIAN_POINT('',(59.738525476903,35.51467008448,
    31.907222952556));
#1189 = CARTESIAN_POINT('',(59.738544088111,24.684926967989,
    33.737496159262));
#1190 = CARTESIAN_POINT('',(59.738554532558,12.364050537754,
    34.773262643005));
#1191 = CARTESIAN_POINT('',(59.73855435725,-1.343532646941E-08,
    34.773262622325));
#1192 = CARTESIAN_POINT('',(5.115022374112,37.570812107514,
    25.233119071423));
#1193 = CARTESIAN_POINT('',(5.114952951962,26.114074854191,
    25.938669861909));
#1194 = CARTESIAN_POINT('',(5.114913528492,13.07987427151,
    26.337946771505));
#1195 = CARTESIAN_POINT('',(5.11491325523,-2.690055417309E-08,
    26.337946728839));
#1196 = CARTESIAN_POINT('',(-23.49370650612,42.878264647959,
    12.019630193281));
#1197 = CARTESIAN_POINT('',(-23.49344716949,29.803087818687,
    12.62229014042));
#1198 = CARTESIAN_POINT('',(-23.49330054982,14.927606787412,
    12.963340230173));
#1199 = CARTESIAN_POINT('',(-23.4933008314,-9.271353156731E-08,
    12.963340078387));
#1200 = CARTESIAN_POINT('',(-49.16908016212,47.623590344954,
    2.365582235353));
#1201 = CARTESIAN_POINT('',(-49.17004276499,33.101387310085,3.0465651421
    ));
#1202 = CARTESIAN_POINT('',(-49.17058770612,16.579640905274,
    3.43193885511));
#1203 = CARTESIAN_POINT('',(-49.17058809836,-1.009293826709E-07,
    3.431938749917));
#1204 = CARTESIAN_POINT('',(-73.18144953375,52.694504746287,
    -2.484418384684));
#1205 = CARTESIAN_POINT('',(-73.18228515415,36.62599140715,
    -2.465042973962));
#1206 = CARTESIAN_POINT('',(-73.18275827587,18.345025204128,
    -2.454078278176));
#1207 = CARTESIAN_POINT('',(-73.1827587498,-1.884591406681E-07,
    -2.454078291578));
#1208 = CARTESIAN_POINT('',(-97.46426309105,56.879474610763,
    -2.800217380218));
#1209 = CARTESIAN_POINT('',(-97.46353365648,39.534808388107,
    -2.800223802991));
#1210 = CARTESIAN_POINT('',(-97.46312108683,19.801977527766,
    -2.800227437318));
#1211 = CARTESIAN_POINT('',(-97.46312153279,1.755026263206E-10,
    -2.800227436327));
#1212 = CARTESIAN_POINT('',(-132.2538894392,56.87935614288,
    -2.800231866081));
#1213 = CARTESIAN_POINT('',(-132.2538894392,39.534726045472,
    -2.800231595609));
#1214 = CARTESIAN_POINT('',(-132.2538894392,19.801936283758,
    -2.80023144255));
#1215 = CARTESIAN_POINT('',(-132.2538894392,-2.012348371272E-09,
    -2.800231442525));
#1216 = DEFINITIONAL_REPRESENTATION('',(#1217),#1243);
#1217 = B_SPLINE_CURVE_WITH_KNOTS('',3,(#1218,#1219,#1220,#1221,#1222,
    #1223,#1224,#1225,#1226,#1227,#1228,#1229,#1230,#1231,#1232,#1233,
    #1234,#1235,#1236,#1237,#1238,#1239,#1240,#1241,#1242),
  .UNSPECIFIED.,.F.,.F.,(4,1,1,1,1,1,1,1,1,1,1,1,1,1,1,1,1,1,1,1,1,1,4),
  (0.,0.135281816511,0.270563633022,0.405845449533,0.541127266044,
    0.676409082555,0.811690899065,0.946972715576,1.082254532087,
    1.217536348598,1.352818165109,1.48809998162,1.623381798131,
    1.758663614642,1.893945431153,2.029227247664,2.164509064175,
    2.299790880685,2.435072697196,2.570354513707,2.705636330218,
    2.840918146729,2.97619996324),.QUASI_UNIFORM_KNOTS.);
#1218 = CARTESIAN_POINT('',(55.244519378638,57.27646395963));
#1219 = CARTESIAN_POINT('',(55.24451937957,56.46144342444));
#1220 = CARTESIAN_POINT('',(55.244509160698,54.829304336763));
#1221 = CARTESIAN_POINT('',(55.244463382703,52.374832607403));
#1222 = CARTESIAN_POINT('',(55.24438739137,49.914135095685));
#1223 = CARTESIAN_POINT('',(55.244281339642,47.44722685203));
#1224 = CARTESIAN_POINT('',(55.244145342168,44.974108153677));
#1225 = CARTESIAN_POINT('',(55.243979477359,42.494761817146));
#1226 = CARTESIAN_POINT('',(55.243783800029,40.009154585635));
#1227 = CARTESIAN_POINT('',(55.243558350832,37.517231831278));
#1228 = CARTESIAN_POINT('',(55.243303169348,35.018934312737));
#1229 = CARTESIAN_POINT('',(55.243018302752,32.51413273486));
#1230 = CARTESIAN_POINT('',(55.242703841261,30.002868324582));
#1231 = CARTESIAN_POINT('',(55.24235986983,27.484450753026));
#1232 = CARTESIAN_POINT('',(55.241984194026,24.942576781828));
#1233 = CARTESIAN_POINT('',(55.241577005993,22.380481004922));
#1234 = CARTESIAN_POINT('',(55.241137842123,19.79752292983));
#1235 = CARTESIAN_POINT('',(55.240666244322,17.194021280636));
#1236 = CARTESIAN_POINT('',(55.240161634122,14.569955076864));
#1237 = CARTESIAN_POINT('',(55.239623418654,11.925307089904));
#1238 = CARTESIAN_POINT('',(55.239051053074,9.259967435023));
#1239 = CARTESIAN_POINT('',(55.238444177634,6.573750143466));
#1240 = CARTESIAN_POINT('',(55.237802674542,3.86639296867));
#1241 = CARTESIAN_POINT('',(55.237352356155,2.047134890116));
#1242 = CARTESIAN_POINT('',(55.237121606695,1.133858603378));
#1243 = ( GEOMETRIC_REPRESENTATION_CONTEXT(2) 
PARAMETRIC_REPRESENTATION_CONTEXT() REPRESENTATION_CONTEXT('2D SPACE',''
  ) );
#1244 = ORIENTED_EDGE('',*,*,#1245,.T.);
#1245 = EDGE_CURVE('',#1154,#581,#1246,.T.);
#1246 = SURFACE_CURVE('',#1247,(#1252,#1260),.PCURVE_S1.);
#1247 = B_SPLINE_CURVE_WITH_KNOTS('',3,(#1248,#1249,#1250,#1251),
  .UNSPECIFIED.,.F.,.F.,(4,4),(6.913970711658E-04,1.945311956913),
  .PIECEWISE_BEZIER_KNOTS.);
#1248 = CARTESIAN_POINT('',(125.,29.771897008911,35.306439512459));
#1249 = CARTESIAN_POINT('',(125.,33.62898466217,30.097634349408));
#1250 = CARTESIAN_POINT('',(125.,36.967261136416,25.643279877595));
#1251 = CARTESIAN_POINT('',(125.,39.999999999993,21.414483391661));
#1252 = PCURVE('',#321,#1253);
#1253 = DEFINITIONAL_REPRESENTATION('',(#1254),#1259);
#1254 = B_SPLINE_CURVE_WITH_KNOTS('',3,(#1255,#1256,#1257,#1258),
  .UNSPECIFIED.,.F.,.F.,(4,4),(6.913970711658E-04,1.945311956913),
  .PIECEWISE_BEZIER_KNOTS.);
#1255 = CARTESIAN_POINT('',(20.228102991089,4.693560487541));
#1256 = CARTESIAN_POINT('',(16.37101533783,9.902365650592));
#1257 = CARTESIAN_POINT('',(13.032738863584,14.356720122405));
#1258 = CARTESIAN_POINT('',(10.000000000007,18.585516608339));
#1259 = ( GEOMETRIC_REPRESENTATION_CONTEXT(2) 
PARAMETRIC_REPRESENTATION_CONTEXT() REPRESENTATION_CONTEXT('2D SPACE',''
  ) );
#1260 = PCURVE('',#644,#1261);
#1261 = DEFINITIONAL_REPRESENTATION('',(#1262),#1288);
#1262 = B_SPLINE_CURVE_WITH_KNOTS('',3,(#1263,#1264,#1265,#1266,#1267,
    #1268,#1269,#1270,#1271,#1272,#1273,#1274,#1275,#1276,#1277,#1278,
    #1279,#1280,#1281,#1282,#1283,#1284,#1285,#1286,#1287),
  .UNSPECIFIED.,.F.,.F.,(4,1,1,1,1,1,1,1,1,1,1,1,1,1,1,1,1,1,1,1,1,1,4),
  (6.913970711658E-04,8.908324070034E-02,0.17747508433,0.265866927959,
    0.354258771588,0.442650615217,0.531042458846,0.619434302475,
    0.707826146105,0.796217989734,0.884609833363,0.973001676992,
    1.061393520621,1.14978536425,1.23817720788,1.326569051509,
    1.414960895138,1.503352738767,1.591744582396,1.680136426026,
    1.768528269655,1.856920113284,1.945311956913),.UNSPECIFIED.);
#1263 = CARTESIAN_POINT('',(0.661352514004,56.585468808227));
#1264 = CARTESIAN_POINT('',(1.227011291694,56.595585396953));
#1265 = CARTESIAN_POINT('',(2.357399658633,56.615681984446));
#1266 = CARTESIAN_POINT('',(4.050206290854,56.645427041578));
#1267 = CARTESIAN_POINT('',(5.740247171307,56.674782238046));
#1268 = CARTESIAN_POINT('',(7.427537648949,56.703757475416));
#1269 = CARTESIAN_POINT('',(9.112096758654,56.732362611069));
#1270 = CARTESIAN_POINT('',(10.793947901105,56.760607450001));
#1271 = CARTESIAN_POINT('',(12.473118927346,56.788501743765));
#1272 = CARTESIAN_POINT('',(14.14964236835,56.816055187758));
#1273 = CARTESIAN_POINT('',(15.823555608832,56.843277419234));
#1274 = CARTESIAN_POINT('',(17.494901056617,56.870178015485));
#1275 = CARTESIAN_POINT('',(19.163726291292,56.896766492389));
#1276 = CARTESIAN_POINT('',(20.830084193933,56.92305230335));
#1277 = CARTESIAN_POINT('',(22.49403305485,56.949044838684));
#1278 = CARTESIAN_POINT('',(24.155636657679,56.974753425525));
#1279 = CARTESIAN_POINT('',(25.814964337427,57.000187328296));
#1280 = CARTESIAN_POINT('',(27.472091011911,57.025355749806));
#1281 = CARTESIAN_POINT('',(29.127097179593,57.05026783307));
#1282 = CARTESIAN_POINT('',(30.780068901379,57.074932663763));
#1283 = CARTESIAN_POINT('',(32.431097692678,57.099359273861));
#1284 = CARTESIAN_POINT('',(34.080280593396,57.123556644694));
#1285 = CARTESIAN_POINT('',(35.727719410229,57.147533716238));
#1286 = CARTESIAN_POINT('',(36.824921722594,57.16337749032));
#1287 = CARTESIAN_POINT('',(37.373268113381,57.171265626203));
#1288 = ( GEOMETRIC_REPRESENTATION_CONTEXT(2) 
PARAMETRIC_REPRESENTATION_CONTEXT() REPRESENTATION_CONTEXT('2D SPACE',''
  ) );
#1289 = ORIENTED_EDGE('',*,*,#580,.F.);
#1290 = ADVANCED_FACE('',(#1291),#293,.T.);
#1291 = FACE_BOUND('',#1292,.T.);
#1292 = EDGE_LOOP('',(#1293,#1294,#1317,#1350,#1418));
#1293 = ORIENTED_EDGE('',*,*,#265,.T.);
#1294 = ORIENTED_EDGE('',*,*,#1295,.T.);
#1295 = EDGE_CURVE('',#268,#1296,#1298,.T.);
#1296 = VERTEX_POINT('',#1297);
#1297 = CARTESIAN_POINT('',(115.,-50.,15.));
#1298 = SURFACE_CURVE('',#1299,(#1303,#1310),.PCURVE_S1.);
#1299 = LINE('',#1300,#1301);
#1300 = CARTESIAN_POINT('',(115.,-50.,40.));
#1301 = VECTOR('',#1302,1.);
#1302 = DIRECTION('',(1.224646799147E-16,0.,-1.));
#1303 = PCURVE('',#293,#1304);
#1304 = DEFINITIONAL_REPRESENTATION('',(#1305),#1309);
#1305 = LINE('',#1306,#1307);
#1306 = CARTESIAN_POINT('',(7.068583470577,0.));
#1307 = VECTOR('',#1308,1.);
#1308 = DIRECTION('',(0.,1.));
#1309 = ( GEOMETRIC_REPRESENTATION_CONTEXT(2) 
PARAMETRIC_REPRESENTATION_CONTEXT() REPRESENTATION_CONTEXT('2D SPACE',''
  ) );
#1310 = PCURVE('',#126,#1311);
#1311 = DEFINITIONAL_REPRESENTATION('',(#1312),#1316);
#1312 = LINE('',#1313,#1314);
#1313 = CARTESIAN_POINT('',(10.,-1.224646799147E-15));
#1314 = VECTOR('',#1315,1.);
#1315 = DIRECTION('',(0.,1.));
#1316 = ( GEOMETRIC_REPRESENTATION_CONTEXT(2) 
PARAMETRIC_REPRESENTATION_CONTEXT() REPRESENTATION_CONTEXT('2D SPACE',''
  ) );
#1317 = ORIENTED_EDGE('',*,*,#1318,.T.);
#1318 = EDGE_CURVE('',#1296,#1319,#1321,.T.);
#1319 = VERTEX_POINT('',#1320);
#1320 = CARTESIAN_POINT('',(123.79782876697,-44.75375735465,15.));
#1321 = SURFACE_CURVE('',#1322,(#1327,#1334),.PCURVE_S1.);
#1322 = CIRCLE('',#1323,10.);
#1323 = AXIS2_PLACEMENT_3D('',#1324,#1325,#1326);
#1324 = CARTESIAN_POINT('',(115.,-40.,15.));
#1325 = DIRECTION('',(-1.224646799147E-16,0.,1.));
#1326 = DIRECTION('',(0.707106781187,-0.707106781187,8.659560562355E-17)
  );
#1327 = PCURVE('',#293,#1328);
#1328 = DEFINITIONAL_REPRESENTATION('',(#1329),#1333);
#1329 = LINE('',#1330,#1331);
#1330 = CARTESIAN_POINT('',(12.566370614359,25.));
#1331 = VECTOR('',#1332,1.);
#1332 = DIRECTION('',(-1.,0.));
#1333 = ( GEOMETRIC_REPRESENTATION_CONTEXT(2) 
PARAMETRIC_REPRESENTATION_CONTEXT() REPRESENTATION_CONTEXT('2D SPACE',''
  ) );
#1334 = PCURVE('',#1335,#1340);
#1335 = PLANE('',#1336);
#1336 = AXIS2_PLACEMENT_3D('',#1337,#1338,#1339);
#1337 = CARTESIAN_POINT('',(2.84217094304E-14,4.622691118783E-14,15.));
#1338 = DIRECTION('',(1.224646799147E-16,0.,-1.));
#1339 = DIRECTION('',(-1.,0.,-1.224646799147E-16));
#1340 = DEFINITIONAL_REPRESENTATION('',(#1341),#1349);
#1341 = ( BOUNDED_CURVE() B_SPLINE_CURVE(2,(#1342,#1343,#1344,#1345,
#1346,#1347,#1348),.UNSPECIFIED.,.T.,.F.) B_SPLINE_CURVE_WITH_KNOTS((1,2
    ,2,2,2,1),(-2.094395102393,0.,2.094395102393,4.188790204786,
6.28318530718,8.377580409573),.UNSPECIFIED.) CURVE() 
GEOMETRIC_REPRESENTATION_ITEM() RATIONAL_B_SPLINE_CURVE((1.,0.5,1.,0.5,
1.,0.5,1.)) REPRESENTATION_ITEM('') );
#1342 = CARTESIAN_POINT('',(-122.0710678118,-47.07106781186));
#1343 = CARTESIAN_POINT('',(-134.3185165257,-34.82361909795));
#1344 = CARTESIAN_POINT('',(-117.588190451,-30.3407417371));
#1345 = CARTESIAN_POINT('',(-100.8578643762,-25.85786437626));
#1346 = CARTESIAN_POINT('',(-105.3407417371,-42.58819045102));
#1347 = CARTESIAN_POINT('',(-109.8236190979,-59.31851652578));
#1348 = CARTESIAN_POINT('',(-122.0710678118,-47.07106781186));
#1349 = ( GEOMETRIC_REPRESENTATION_CONTEXT(2) 
PARAMETRIC_REPRESENTATION_CONTEXT() REPRESENTATION_CONTEXT('2D SPACE',''
  ) );
#1350 = ORIENTED_EDGE('',*,*,#1351,.T.);
#1351 = EDGE_CURVE('',#1319,#951,#1352,.T.);
#1352 = SURFACE_CURVE('',#1353,(#1360,#1389),.PCURVE_S1.);
#1353 = B_SPLINE_CURVE_WITH_KNOTS('',3,(#1354,#1355,#1356,#1357,#1358,
    #1359),.UNSPECIFIED.,.F.,.F.,(4,2,4),(-2.9822346749,-2.920706503044,
    -2.110794095862),.UNSPECIFIED.);
#1354 = CARTESIAN_POINT('',(123.79782876697,-44.75375735465,15.));
#1355 = CARTESIAN_POINT('',(123.85370368267,-44.65034906011,
    15.132890897792));
#1356 = CARTESIAN_POINT('',(123.90715084728,-44.54707372431,
    15.266269509119));
#1357 = CARTESIAN_POINT('',(124.63073866609,-43.08849102522,
    17.158301668715));
#1358 = CARTESIAN_POINT('',(125.,-41.56813107484,19.227909650981));
#1359 = CARTESIAN_POINT('',(125.,-39.99999999999,21.414483397303));
#1360 = PCURVE('',#293,#1361);
#1361 = DEFINITIONAL_REPRESENTATION('',(#1362),#1388);
#1362 = B_SPLINE_CURVE_WITH_KNOTS('',3,(#1363,#1364,#1365,#1366,#1367,
    #1368,#1369,#1370,#1371,#1372,#1373,#1374,#1375,#1376,#1377,#1378,
    #1379,#1380,#1381,#1382,#1383,#1384,#1385,#1386,#1387),
  .UNSPECIFIED.,.F.,.F.,(4,1,1,1,1,1,1,1,1,1,1,1,1,1,1,1,1,1,1,1,1,1,4),
  (-2.9822346749,-2.94262373949,-2.903012804079,-2.863401868668,
    -2.823790933257,-2.784179997846,-2.744569062435,-2.704958127025,
    -2.665347191614,-2.625736256203,-2.586125320792,-2.546514385381,
    -2.50690344997,-2.46729251456,-2.427681579149,-2.388070643738,
    -2.348459708327,-2.308848772916,-2.269237837505,-2.229626902095,
    -2.190015966684,-2.150405031273,-2.110794095862),
  .QUASI_UNIFORM_KNOTS.);
#1363 = CARTESIAN_POINT('',(5.993178203739,25.));
#1364 = CARTESIAN_POINT('',(5.985588055041,24.914169630205));
#1365 = CARTESIAN_POINT('',(5.97058582543,24.742974486803));
#1366 = CARTESIAN_POINT('',(5.948385511504,24.48518545919));
#1367 = CARTESIAN_POINT('',(5.926164440459,24.22299903397));
#1368 = CARTESIAN_POINT('',(5.903922976292,23.956542070133));
#1369 = CARTESIAN_POINT('',(5.88165890901,23.685953409154));
#1370 = CARTESIAN_POINT('',(5.859370691887,23.41136868181));
#1371 = CARTESIAN_POINT('',(5.837056556951,23.132924379181));
#1372 = CARTESIAN_POINT('',(5.814714735081,22.850756761831));
#1373 = CARTESIAN_POINT('',(5.792343380374,22.56500215209));
#1374 = CARTESIAN_POINT('',(5.769940574034,22.275796855737));
#1375 = CARTESIAN_POINT('',(5.74750430729,21.983277182986));
#1376 = CARTESIAN_POINT('',(5.725032470322,21.687579442864));
#1377 = CARTESIAN_POINT('',(5.702522840006,21.388839944716));
#1378 = CARTESIAN_POINT('',(5.679973068464,21.0871949978));
#1379 = CARTESIAN_POINT('',(5.657380671941,20.782780911398));
#1380 = CARTESIAN_POINT('',(5.634743020144,20.475733994786));
#1381 = CARTESIAN_POINT('',(5.612057326257,20.166190557243));
#1382 = CARTESIAN_POINT('',(5.589320636891,19.854286908044));
#1383 = CARTESIAN_POINT('',(5.566529824978,19.540159356467));
#1384 = CARTESIAN_POINT('',(5.543681574601,19.22394421179));
#1385 = CARTESIAN_POINT('',(5.520772399073,18.905777783289));
#1386 = CARTESIAN_POINT('',(5.505456491901,18.692456847924));
#1387 = CARTESIAN_POINT('',(5.497787143781,18.585516602697));
#1388 = ( GEOMETRIC_REPRESENTATION_CONTEXT(2) 
PARAMETRIC_REPRESENTATION_CONTEXT() REPRESENTATION_CONTEXT('2D SPACE',''
  ) );
#1389 = PCURVE('',#991,#1390);
#1390 = DEFINITIONAL_REPRESENTATION('',(#1391),#1417);
#1391 = B_SPLINE_CURVE_WITH_KNOTS('',3,(#1392,#1393,#1394,#1395,#1396,
    #1397,#1398,#1399,#1400,#1401,#1402,#1403,#1404,#1405,#1406,#1407,
    #1408,#1409,#1410,#1411,#1412,#1413,#1414,#1415,#1416),
  .UNSPECIFIED.,.F.,.F.,(4,1,1,1,1,1,1,1,1,1,1,1,1,1,1,1,1,1,1,1,1,1,4),
  (-2.9822346749,-2.94262373949,-2.903012804079,-2.863401868668,
    -2.823790933257,-2.784179997846,-2.744569062435,-2.704958127025,
    -2.665347191614,-2.625736256203,-2.586125320792,-2.546514385381,
    -2.50690344997,-2.46729251456,-2.427681579149,-2.388070643738,
    -2.348459708327,-2.308848772916,-2.269237837505,-2.229626902095,
    -2.190015966684,-2.150405031273,-2.110794095862),
  .QUASI_UNIFORM_KNOTS.);
#1392 = CARTESIAN_POINT('',(58.403372392399,55.80356708484));
#1393 = CARTESIAN_POINT('',(58.371119055654,55.558856590845));
#1394 = CARTESIAN_POINT('',(58.308425752278,55.070301379902));
#1395 = CARTESIAN_POINT('',(58.218892944182,54.333291168642));
#1396 = CARTESIAN_POINT('',(58.132528062201,53.582437203379));
#1397 = CARTESIAN_POINT('',(58.049413786644,52.818193841054));
#1398 = CARTESIAN_POINT('',(57.969595949338,52.0410652386));
#1399 = CARTESIAN_POINT('',(57.893130690197,51.251553408351));
#1400 = CARTESIAN_POINT('',(57.82007178728,50.450171713853));
#1401 = CARTESIAN_POINT('',(57.750474017306,49.637440768011));
#1402 = CARTESIAN_POINT('',(57.684392220777,48.813888985577));
#1403 = CARTESIAN_POINT('',(57.621881517985,47.980051830117));
#1404 = CARTESIAN_POINT('',(57.562997216528,47.136471355467));
#1405 = CARTESIAN_POINT('',(57.507794801372,46.283695616493));
#1406 = CARTESIAN_POINT('',(57.456329902654,45.42227806707));
#1407 = CARTESIAN_POINT('',(57.408658269294,44.552776918015));
#1408 = CARTESIAN_POINT('',(57.364835740917,43.675754467121));
#1409 = CARTESIAN_POINT('',(57.324918220056,42.791776402573));
#1410 = CARTESIAN_POINT('',(57.288961644262,41.901411086282));
#1411 = CARTESIAN_POINT('',(57.257021957788,41.005228814634));
#1412 = CARTESIAN_POINT('',(57.229155084697,40.103801085618));
#1413 = CARTESIAN_POINT('',(57.205416896557,39.197699784994));
#1414 = CARTESIAN_POINT('',(57.1858632005,38.287496637901));
#1415 = CARTESIAN_POINT('',(57.175654167952,37.678339981658));
#1416 = CARTESIAN_POINT('',(57.17126562598,37.373268097235));
#1417 = ( GEOMETRIC_REPRESENTATION_CONTEXT(2) 
PARAMETRIC_REPRESENTATION_CONTEXT() REPRESENTATION_CONTEXT('2D SPACE',''
  ) );
#1418 = ORIENTED_EDGE('',*,*,#950,.T.);
#1419 = ADVANCED_FACE('',(#1420,#2517),#991,.F.);
#1420 = FACE_BOUND('',#1421,.F.);
#1421 = EDGE_LOOP('',(#1422,#1423,#1807,#1836,#1888,#1940,#1969,#2288,
    #2317,#2369,#2416,#2471,#2516));
#1422 = ORIENTED_EDGE('',*,*,#973,.T.);
#1423 = ORIENTED_EDGE('',*,*,#1424,.T.);
#1424 = EDGE_CURVE('',#974,#1425,#1427,.T.);
#1425 = VERTEX_POINT('',#1426);
#1426 = CARTESIAN_POINT('',(39.000000108226,-35.85931182324,
    29.269587887807));
#1427 = SURFACE_CURVE('',#1428,(#1529,#1668),.PCURVE_S1.);
#1428 = B_SPLINE_CURVE_WITH_KNOTS('',3,(#1429,#1430,#1431,#1432,#1433,
    #1434,#1435,#1436,#1437,#1438,#1439,#1440,#1441,#1442,#1443,#1444,
    #1445,#1446,#1447,#1448,#1449,#1450,#1451,#1452,#1453,#1454,#1455,
    #1456,#1457,#1458,#1459,#1460,#1461,#1462,#1463,#1464,#1465,#1466,
    #1467,#1468,#1469,#1470,#1471,#1472,#1473,#1474,#1475,#1476,#1477,
    #1478,#1479,#1480,#1481,#1482,#1483,#1484,#1485,#1486,#1487,#1488,
    #1489,#1490,#1491,#1492,#1493,#1494,#1495,#1496,#1497,#1498,#1499,
    #1500,#1501,#1502,#1503,#1504,#1505,#1506,#1507,#1508,#1509,#1510,
    #1511,#1512,#1513,#1514,#1515,#1516,#1517,#1518,#1519,#1520,#1521,
    #1522,#1523,#1524,#1525,#1526,#1527,#1528),.UNSPECIFIED.,.F.,.F.,(4,
    3,3,3,3,3,3,3,3,3,3,3,3,3,3,3,3,3,3,3,3,3,3,3,3,3,3,3,3,3,3,3,3,4),(
    -268.6831058881,-267.0462440078,-265.3692990588,-263.6652934601,
    -261.9117025701,-260.9690152095,-258.552635439,-256.2553645334,
    -253.9703679851,-251.7020914329,-251.3034961277,-249.4013310817,
    -247.3111979278,-245.0883133566,-242.7785994224,-241.6379770458,
    -239.8410723512,-238.1480416715,-236.5769056571,-235.0547539742,
    -233.5136059691,-232.0721315739,-231.972457964,-230.1395245355,
    -228.0618094588,-225.9803787364,-223.9010644822,-222.3069388822,
    -220.0552651998,-217.8209374914,-215.6000059548,-213.4016704026,
    -212.6414198003,-212.1361017347),.UNSPECIFIED.);
#1429 = CARTESIAN_POINT('',(125.,-29.77195738518,35.306484111092));
#1430 = CARTESIAN_POINT('',(124.20225273841,-29.87205509462,
    35.359791217095));
#1431 = CARTESIAN_POINT('',(123.39555562772,-29.97088349734,
    35.407285761203));
#1432 = CARTESIAN_POINT('',(122.58056096668,-30.06840238766,
    35.449051801429));
#1433 = CARTESIAN_POINT('',(121.74560891808,-30.16830929643,
    35.491840598111));
#1434 = CARTESIAN_POINT('',(120.90194802998,-30.26684175708,
    35.528616886987));
#1435 = CARTESIAN_POINT('',(120.05032027114,-30.3639656071,
    35.559507300902));
#1436 = CARTESIAN_POINT('',(119.18494990225,-30.46265673248,
    35.590896189542));
#1437 = CARTESIAN_POINT('',(118.31135362592,-30.55989341884,
    35.616207771859));
#1438 = CARTESIAN_POINT('',(117.43034951954,-30.65564918761,
    35.635611450598));
#1439 = CARTESIAN_POINT('',(116.52370885113,-30.7541913778,
    35.655579761908));
#1440 = CARTESIAN_POINT('',(115.60922308487,-30.85116519256,
    35.669291348222));
#1441 = CARTESIAN_POINT('',(114.68782333004,-30.94655177388,
    35.676968779327));
#1442 = CARTESIAN_POINT('',(114.1925014691,-30.99782925547,
    35.681095977583));
#1443 = CARTESIAN_POINT('',(113.69518221083,-31.04864821765,
    35.683480023208));
#1444 = CARTESIAN_POINT('',(113.1960144792,-31.09900689189,
    35.684159777255));
#1445 = CARTESIAN_POINT('',(111.91650352025,-31.22809070779,
    35.685902183056));
#1446 = CARTESIAN_POINT('',(110.6244845806,-31.3541583885,
    35.676450234195));
#1447 = CARTESIAN_POINT('',(109.32116986139,-31.47729726347,
    35.656483903587));
#1448 = CARTESIAN_POINT('',(108.08209849444,-31.5943663427,
    35.637501758911));
#1449 = CARTESIAN_POINT('',(106.83281778789,-31.70878826057,
    35.609016416994));
#1450 = CARTESIAN_POINT('',(105.57441398325,-31.82064216693,
    35.571639079933));
#1451 = CARTESIAN_POINT('',(104.32273385142,-31.93189843598,
    35.534461450615));
#1452 = CARTESIAN_POINT('',(103.06202780735,-32.04061405653,
    35.488486563972));
#1453 = CARTESIAN_POINT('',(101.79340869141,-32.14687098534,
    35.434342405077));
#1454 = CARTESIAN_POINT('',(100.53407243705,-32.25235040075,
    35.380594435019));
#1455 = CARTESIAN_POINT('',(99.266938464025,-32.35540697073,
    35.318796290593));
#1456 = CARTESIAN_POINT('',(97.993139262315,-32.45612495518,
    35.249588820563));
#1457 = CARTESIAN_POINT('',(97.769299545281,-32.47382372992,
    35.237427264419));
#1458 = CARTESIAN_POINT('',(97.545254119185,-32.49145030032,
    35.225036977985));
#1459 = CARTESIAN_POINT('',(97.321009271784,-32.50900513693,
    35.212421524956));
#1460 = CARTESIAN_POINT('',(96.250874463698,-32.59277982301,
    35.152218423025));
#1461 = CARTESIAN_POINT('',(95.176178440623,-32.67493546687,
    35.08688081142));
#1462 = CARTESIAN_POINT('',(94.09852247121,-32.75545904007,
    35.016870159895));
#1463 = CARTESIAN_POINT('',(92.914374715516,-32.84393979013,
    34.939941197192));
#1464 = CARTESIAN_POINT('',(91.72665376695,-32.93044981244,
    34.857369866574));
#1465 = CARTESIAN_POINT('',(90.537514965325,-33.01499027411,
    34.769823496655));
#1466 = CARTESIAN_POINT('',(89.272849941403,-33.10490018609,
    34.676716761045));
#1467 = CARTESIAN_POINT('',(88.006582693221,-33.19258236143,
    34.577983409354));
#1468 = CARTESIAN_POINT('',(86.741322216486,-33.27805972215,
    34.474482844067));
#1469 = CARTESIAN_POINT('',(85.426638678067,-33.36687596286,
    34.366939384122));
#1470 = CARTESIAN_POINT('',(84.113044203042,-33.45331186221,
    34.254250013256));
#1471 = CARTESIAN_POINT('',(82.803454604135,-33.53741524886,
    34.13742638609));
#1472 = CARTESIAN_POINT('',(82.156730705304,-33.57894861945,
    34.079734547594));
#1473 = CARTESIAN_POINT('',(81.510983126282,-33.61991347318,
    34.021035085791));
#1474 = CARTESIAN_POINT('',(80.8665595971,-33.66031732773,33.96145263464
    ));
#1475 = CARTESIAN_POINT('',(79.851352734051,-33.72396843384,
    33.867588102099));
#1476 = CARTESIAN_POINT('',(78.839252013227,-33.78623745742,
    33.771513937014));
#1477 = CARTESIAN_POINT('',(77.832556058773,-33.84710499027,
    33.673816420195));
#1478 = CARTESIAN_POINT('',(76.88405437074,-33.90445394195,
    33.581766522498));
#1479 = CARTESIAN_POINT('',(75.940351280361,-33.96055900294,
    33.488276359871));
#1480 = CARTESIAN_POINT('',(75.003325795288,-34.01541524984,
    33.393845802898));
#1481 = CARTESIAN_POINT('',(74.133764183869,-34.06632196178,
    33.306214048376));
#1482 = CARTESIAN_POINT('',(73.269953400524,-34.11615339741,
    33.217772932352));
#1483 = CARTESIAN_POINT('',(72.413351436837,-34.16491264291,
    33.128921442611));
#1484 = CARTESIAN_POINT('',(71.583456310907,-34.21215168963,
    33.04284013368));
#1485 = CARTESIAN_POINT('',(70.760327786889,-34.25838446358,
    32.956373988931));
#1486 = CARTESIAN_POINT('',(69.945245633102,-34.30361865143,
    32.869879440504));
#1487 = CARTESIAN_POINT('',(69.119991324054,-34.34941735805,
    32.782305447543));
#1488 = CARTESIAN_POINT('',(68.302986061353,-34.39419246538,
    32.694702718711));
#1489 = CARTESIAN_POINT('',(67.495503160742,-34.4379558176,
    32.607429026931));
#1490 = CARTESIAN_POINT('',(66.740244144742,-34.47888877891,
    32.525799753387));
#1491 = CARTESIAN_POINT('',(65.993315373431,-34.51893670733,
    32.444458437844));
#1492 = CARTESIAN_POINT('',(65.255709701919,-34.55811150387,
    32.36368409121));
#1493 = CARTESIAN_POINT('',(65.204706492872,-34.56082032298,
    32.358098788594));
#1494 = CARTESIAN_POINT('',(65.153747840551,-34.56352496803,
    32.352516190706));
#1495 = CARTESIAN_POINT('',(65.102834064267,-34.56622544324,
    32.34693638699));
#1496 = CARTESIAN_POINT('',(64.166562540905,-34.61588544138,
    32.244327393782));
#1497 = CARTESIAN_POINT('',(63.245481294296,-34.66413096479,
    32.142669126142));
#1498 = CARTESIAN_POINT('',(62.338973409804,-34.71111613411,
    32.042210475989));
#1499 = CARTESIAN_POINT('',(61.311404667055,-34.76437600332,
    31.928335935455));
#1500 = CARTESIAN_POINT('',(60.302555295617,-34.8160169934,
    31.815996437101));
#1501 = CARTESIAN_POINT('',(59.310993248186,-34.86627139635,
    31.704918488371));
#1502 = CARTESIAN_POINT('',(58.317657957916,-34.91661567089,
    31.593641895312));
#1503 = CARTESIAN_POINT('',(57.341671677796,-34.96556815005,
    31.48363163635));
#1504 = CARTESIAN_POINT('',(56.381638100468,-35.0133389877,
    31.374630442347));
#1505 = CARTESIAN_POINT('',(55.422580717328,-35.06106125038,
    31.265740084397));
#1506 = CARTESIAN_POINT('',(54.479443448361,-35.10760404402,
    31.157856988905));
#1507 = CARTESIAN_POINT('',(53.550880234489,-35.15315713057,
    31.050738427896));
#1508 = CARTESIAN_POINT('',(52.838988615682,-35.18808082779,
    30.968614987443));
#1509 = CARTESIAN_POINT('',(52.135664047542,-35.22242238726,
    30.886941217075));
#1510 = CARTESIAN_POINT('',(51.440319188706,-35.25626065906,
    30.805611905761));
#1511 = CARTESIAN_POINT('',(50.458157106357,-35.30405660818,
    30.69073571916));
#1512 = CARTESIAN_POINT('',(49.491995325636,-35.35085763903,
    30.576554223798));
#1513 = CARTESIAN_POINT('',(48.540601488625,-35.39684981525,
    30.462825226361));
#1514 = CARTESIAN_POINT('',(47.596536800967,-35.44248768655,
    30.349972350647));
#1515 = CARTESIAN_POINT('',(46.667013287845,-35.48732890317,
    30.237565255301));
#1516 = CARTESIAN_POINT('',(45.7508752996,-35.53154079247,30.1253754415)
  );
#1517 = CARTESIAN_POINT('',(44.840230123291,-35.57548760425,
    30.013858274785));
#1518 = CARTESIAN_POINT('',(43.942810327079,-35.61881242703,
    29.902555991168));
#1519 = CARTESIAN_POINT('',(43.057530703563,-35.66166820655,
    29.791249087916));
#1520 = CARTESIAN_POINT('',(42.181258005382,-35.70408796698,
    29.681074632469));
#1521 = CARTESIAN_POINT('',(41.31687963065,-35.74604801066,
    29.570895828502));
#1522 = CARTESIAN_POINT('',(40.463393445964,-35.78768810707,
    29.46050183598));
#1523 = CARTESIAN_POINT('',(40.168232234004,-35.80208850574,
    29.42232427059));
#1524 = CARTESIAN_POINT('',(39.874374161277,-35.81645057503,
    29.384120974847));
#1525 = CARTESIAN_POINT('',(39.581779225332,-35.83077990906,
    29.345883227853));
#1526 = CARTESIAN_POINT('',(39.387299264879,-35.84030423082,
    29.320467628983));
#1527 = CARTESIAN_POINT('',(39.193373577191,-35.84981446472,
    29.295036289651));
#1528 = CARTESIAN_POINT('',(39.000000108226,-35.85931182324,
    29.269587887807));
#1529 = PCURVE('',#991,#1530);
#1530 = DEFINITIONAL_REPRESENTATION('',(#1531),#1667);
#1531 = B_SPLINE_CURVE_WITH_KNOTS('',3,(#1532,#1533,#1534,#1535,#1536,
    #1537,#1538,#1539,#1540,#1541,#1542,#1543,#1544,#1545,#1546,#1547,
    #1548,#1549,#1550,#1551,#1552,#1553,#1554,#1555,#1556,#1557,#1558,
    #1559,#1560,#1561,#1562,#1563,#1564,#1565,#1566,#1567,#1568,#1569,
    #1570,#1571,#1572,#1573,#1574,#1575,#1576,#1577,#1578,#1579,#1580,
    #1581,#1582,#1583,#1584,#1585,#1586,#1587,#1588,#1589,#1590,#1591,
    #1592,#1593,#1594,#1595,#1596,#1597,#1598,#1599,#1600,#1601,#1602,
    #1603,#1604,#1605,#1606,#1607,#1608,#1609,#1610,#1611,#1612,#1613,
    #1614,#1615,#1616,#1617,#1618,#1619,#1620,#1621,#1622,#1623,#1624,
    #1625,#1626,#1627,#1628,#1629,#1630,#1631,#1632,#1633,#1634,#1635,
    #1636,#1637,#1638,#1639,#1640,#1641,#1642,#1643,#1644,#1645,#1646,
    #1647,#1648,#1649,#1650,#1651,#1652,#1653,#1654,#1655,#1656,#1657,
    #1658,#1659,#1660,#1661,#1662,#1663,#1664,#1665,#1666),
  .UNSPECIFIED.,.F.,.F.,(4,1,1,1,1,1,1,1,1,1,1,1,1,1,1,1,1,1,1,1,1,1,1,1
    ,1,1,1,1,1,1,1,1,1,1,1,1,1,1,1,1,1,1,1,1,1,1,1,1,1,1,1,1,1,1,1,1,1,1
    ,1,1,1,1,1,1,1,1,1,1,1,1,1,1,1,1,1,1,1,1,1,1,1,1,1,1,1,1,1,1,1,1,1,1
    ,1,1,1,1,1,1,1,1,1,1,1,1,1,1,1,1,1,1,1,1,1,1,1,1,1,1,1,1,1,1,1,1,1,1
    ,1,1,1,1,1,1,4),(-268.6831058881,-268.254719493,-267.8263330979,
    -267.3979467028,-266.9695603077,-266.5411739126,-266.1127875175,
    -265.6844011224,-265.2560147273,-264.8276283322,-264.3992419371,
    -263.970855542,-263.5424691469,-263.1140827518,-262.6856963567,
    -262.2573099616,-261.8289235665,-261.4005371714,-260.9721507763,
    -260.5437643812,-260.1153779861,-259.686991591,-259.2586051959,
    -258.8302188008,-258.4018324057,-257.9734460106,-257.5450596155,
    -257.1166732204,-256.6882868253,-256.2599004302,-255.8315140351,
    -255.40312764,-254.9747412449,-254.5463548498,-254.1179684547,
    -253.6895820596,-253.2611956645,-252.8328092694,-252.4044228743,
    -251.9760364792,-251.5476500841,-251.119263689,-250.6908772939,
    -250.2624908988,-249.8341045037,-249.4057181085,-248.9773317134,
    -248.5489453183,-248.1205589232,-247.6921725281,-247.263786133,
    -246.8353997379,-246.4070133428,-245.9786269477,-245.5502405526,
    -245.1218541575,-244.6934677624,-244.2650813673,-243.8366949722,
    -243.4083085771,-242.979922182,-242.5515357869,-242.1231493918,
    -241.6947629967,-241.2663766016,-240.8379902065,-240.4096038114,
    -239.9812174163,-239.5528310212,-239.1244446261,-238.696058231,
    -238.2676718359,-237.8392854408,-237.4108990457,-236.9825126506,
    -236.5541262555,-236.1257398604,-235.6973534653,-235.2689670702,
    -234.8405806751,-234.41219428,-233.9838078849,-233.5554214898,
    -233.1270350947,-232.6986486996,-232.2702623045,-231.8418759094,
    -231.4134895143,-230.9851031192,-230.5567167241,-230.128330329,
    -229.6999439339,-229.2715575388,-228.8431711437,-228.4147847486,
    -227.9863983535,-227.5580119583,-227.1296255632,-226.7012391681,
    -226.272852773,-225.8444663779,-225.4160799828,-224.9876935877,
    -224.5593071926,-224.1309207975,-223.7025344024,-223.2741480073,
    -222.8457616122,-222.4173752171,-221.988988822,-221.5606024269,
    -221.1322160318,-220.7038296367,-220.2754432416,-219.8470568465,
    -219.4186704514,-218.9902840563,-218.5618976612,-218.1335112661,
    -217.705124871,-217.2767384759,-216.8483520808,-216.4199656857,
    -215.9915792906,-215.5631928955,-215.1348065004,-214.7064201053,
    -214.2780337102,-213.8496473151,-213.42126092,-212.9928745249,
    -212.5644881298,-212.1361017347),.QUASI_UNIFORM_KNOTS.);
#1532 = CARTESIAN_POINT('',(56.585477734682,0.66135226221));
#1533 = CARTESIAN_POINT('',(56.765665195204,0.661357401174));
#1534 = CARTESIAN_POINT('',(57.126450857232,0.661365428147));
#1535 = CARTESIAN_POINT('',(57.668825868841,0.661371190029));
#1536 = CARTESIAN_POINT('',(58.21236131652,0.661370639202));
#1537 = CARTESIAN_POINT('',(58.757022441186,0.661365521016));
#1538 = CARTESIAN_POINT('',(59.302774616653,0.6613577413));
#1539 = CARTESIAN_POINT('',(59.8495811192,0.661346373116));
#1540 = CARTESIAN_POINT('',(60.397406281481,0.661331939424));
#1541 = CARTESIAN_POINT('',(60.946215343948,0.661316167974));
#1542 = CARTESIAN_POINT('',(61.495973408288,0.661300600668));
#1543 = CARTESIAN_POINT('',(62.046643821376,0.661284416661));
#1544 = CARTESIAN_POINT('',(62.598190963204,0.66126821441));
#1545 = CARTESIAN_POINT('',(63.150580018213,0.661253668364));
#1546 = CARTESIAN_POINT('',(63.703775982584,0.661242192248));
#1547 = CARTESIAN_POINT('',(64.257742235546,0.661233098476));
#1548 = CARTESIAN_POINT('',(64.812443287834,0.661226933614));
#1549 = CARTESIAN_POINT('',(65.3678436041,0.661225413689));
#1550 = CARTESIAN_POINT('',(65.92391025586,0.661229191395));
#1551 = CARTESIAN_POINT('',(66.480597970376,0.661239377423));
#1552 = CARTESIAN_POINT('',(67.03790587007,0.661253198445));
#1553 = CARTESIAN_POINT('',(67.595870284171,0.661265756412));
#1554 = CARTESIAN_POINT('',(68.15448211892,0.66127786105));
#1555 = CARTESIAN_POINT('',(68.713744769455,0.661289059417));
#1556 = CARTESIAN_POINT('',(69.273658559386,0.66129945548));
#1557 = CARTESIAN_POINT('',(69.834225079461,0.661309340852));
#1558 = CARTESIAN_POINT('',(70.395445316946,0.66131873386));
#1559 = CARTESIAN_POINT('',(70.957319564286,0.661327067535));
#1560 = CARTESIAN_POINT('',(71.519848534621,0.661334123778));
#1561 = CARTESIAN_POINT('',(72.083033147351,0.661339835934));
#1562 = CARTESIAN_POINT('',(72.646874580896,0.661344326371));
#1563 = CARTESIAN_POINT('',(73.21137427857,0.661347895382));
#1564 = CARTESIAN_POINT('',(73.776532584637,0.661350036589));
#1565 = CARTESIAN_POINT('',(74.34235007816,0.661350428481));
#1566 = CARTESIAN_POINT('',(74.908827613153,0.661348949333));
#1567 = CARTESIAN_POINT('',(75.475966248999,0.661345620805));
#1568 = CARTESIAN_POINT('',(76.04376749292,0.661340761256));
#1569 = CARTESIAN_POINT('',(76.612232022155,0.6613341105));
#1570 = CARTESIAN_POINT('',(77.181360246022,0.661325214035));
#1571 = CARTESIAN_POINT('',(77.751152894177,0.661313927355));
#1572 = CARTESIAN_POINT('',(78.321611201223,0.661300129975));
#1573 = CARTESIAN_POINT('',(78.892735644504,0.661284348937));
#1574 = CARTESIAN_POINT('',(79.464530544233,0.661265319721));
#1575 = CARTESIAN_POINT('',(80.036981550744,0.661249997976));
#1576 = CARTESIAN_POINT('',(80.610034768172,0.661237028224));
#1577 = CARTESIAN_POINT('',(81.183643654386,0.661226236226));
#1578 = CARTESIAN_POINT('',(81.757760145189,0.661217787841));
#1579 = CARTESIAN_POINT('',(82.332336890617,0.661212387131));
#1580 = CARTESIAN_POINT('',(82.907325453716,0.661209023851));
#1581 = CARTESIAN_POINT('',(83.482677767602,0.661207134133));
#1582 = CARTESIAN_POINT('',(84.058345908414,0.661206566734));
#1583 = CARTESIAN_POINT('',(84.63428221801,0.66120762094));
#1584 = CARTESIAN_POINT('',(85.210438852377,0.661210667758));
#1585 = CARTESIAN_POINT('',(85.786767670504,0.661214763753));
#1586 = CARTESIAN_POINT('',(86.363220774011,0.661219478442));
#1587 = CARTESIAN_POINT('',(86.939750242663,0.661224637148));
#1588 = CARTESIAN_POINT('',(87.516308235955,0.661230351906));
#1589 = CARTESIAN_POINT('',(88.092846667518,0.661236940475));
#1590 = CARTESIAN_POINT('',(88.66931761498,0.661243704823));
#1591 = CARTESIAN_POINT('',(89.245673438785,0.661250233473));
#1592 = CARTESIAN_POINT('',(89.821866229763,0.661256301055));
#1593 = CARTESIAN_POINT('',(90.397848127433,0.661261824377));
#1594 = CARTESIAN_POINT('',(90.973570402424,0.661266962272));
#1595 = CARTESIAN_POINT('',(91.548986949623,0.661271241011));
#1596 = CARTESIAN_POINT('',(92.124044149916,0.66127440439));
#1597 = CARTESIAN_POINT('',(92.698715698614,0.661276387884));
#1598 = CARTESIAN_POINT('',(93.272941961403,0.661277099642));
#1599 = CARTESIAN_POINT('',(93.846601032655,0.661276490453));
#1600 = CARTESIAN_POINT('',(94.419586278037,0.661274763083));
#1601 = CARTESIAN_POINT('',(94.99178563337,0.66127230538));
#1602 = CARTESIAN_POINT('',(95.563089862011,0.661269058834));
#1603 = CARTESIAN_POINT('',(96.133390009859,0.661265133074));
#1604 = CARTESIAN_POINT('',(96.702576049886,0.66126068586));
#1605 = CARTESIAN_POINT('',(97.270536449023,0.661255847079));
#1606 = CARTESIAN_POINT('',(97.837162105511,0.66125071252));
#1607 = CARTESIAN_POINT('',(98.402344145552,0.66124551114));
#1608 = CARTESIAN_POINT('',(98.965972081997,0.661240346252));
#1609 = CARTESIAN_POINT('',(99.52793434256,0.661235152249));
#1610 = CARTESIAN_POINT('',(100.08812283725,0.661230272857));
#1611 = CARTESIAN_POINT('',(100.64642811953,0.661225923469));
#1612 = CARTESIAN_POINT('',(101.20273856586,0.661221987312));
#1613 = CARTESIAN_POINT('',(101.75694411131,0.661218548039));
#1614 = CARTESIAN_POINT('',(102.30893679252,0.661216080214));
#1615 = CARTESIAN_POINT('',(102.8586062249,0.661214650518));
#1616 = CARTESIAN_POINT('',(103.40584035599,0.661213941746));
#1617 = CARTESIAN_POINT('',(103.95053052829,0.661214494881));
#1618 = CARTESIAN_POINT('',(104.49257027219,0.661216462454));
#1619 = CARTESIAN_POINT('',(105.03183781196,0.661220112938));
#1620 = CARTESIAN_POINT('',(105.56826455372,0.661223017173));
#1621 = CARTESIAN_POINT('',(106.10192027762,0.66122548271));
#1622 = CARTESIAN_POINT('',(106.63285316091,0.661227692965));
#1623 = CARTESIAN_POINT('',(107.16111632799,0.661229097281));
#1624 = CARTESIAN_POINT('',(107.68676211921,0.661230002848));
#1625 = CARTESIAN_POINT('',(108.20984315751,0.66123030473));
#1626 = CARTESIAN_POINT('',(108.73041136556,0.661229398842));
#1627 = CARTESIAN_POINT('',(109.24851929248,0.661227347775));
#1628 = CARTESIAN_POINT('',(109.76421985852,0.661224684293));
#1629 = CARTESIAN_POINT('',(110.27756611287,0.661221855251));
#1630 = CARTESIAN_POINT('',(110.78860969874,0.661218037569));
#1631 = CARTESIAN_POINT('',(111.29740282993,0.661213022814));
#1632 = CARTESIAN_POINT('',(111.80399802653,0.661206835155));
#1633 = CARTESIAN_POINT('',(112.30844839469,0.661199991392));
#1634 = CARTESIAN_POINT('',(112.8108067871,0.661192627783));
#1635 = CARTESIAN_POINT('',(113.31112477678,0.661184144061));
#1636 = CARTESIAN_POINT('',(113.80945464008,0.661174424537));
#1637 = CARTESIAN_POINT('',(114.30584893478,0.661163507879));
#1638 = CARTESIAN_POINT('',(114.80036096462,0.661151842988));
#1639 = CARTESIAN_POINT('',(115.29304300604,0.661139226595));
#1640 = CARTESIAN_POINT('',(115.78394688392,0.661125441666));
#1641 = CARTESIAN_POINT('',(116.27312540571,0.66111033911));
#1642 = CARTESIAN_POINT('',(116.76063060625,0.661094729633));
#1643 = CARTESIAN_POINT('',(117.24648797804,0.661081919066));
#1644 = CARTESIAN_POINT('',(117.73073857742,0.661070697254));
#1645 = CARTESIAN_POINT('',(118.21342045449,0.661061088414));
#1646 = CARTESIAN_POINT('',(118.69457282706,0.66105295323));
#1647 = CARTESIAN_POINT('',(119.17423523354,0.661046459748));
#1648 = CARTESIAN_POINT('',(119.65244660991,0.661041382385));
#1649 = CARTESIAN_POINT('',(120.12924507275,0.661037349899));
#1650 = CARTESIAN_POINT('',(120.60466933124,0.661034172509));
#1651 = CARTESIAN_POINT('',(121.07875834748,0.661031726453));
#1652 = CARTESIAN_POINT('',(121.55155159635,0.661030032086));
#1653 = CARTESIAN_POINT('',(122.02308838676,0.66102896536));
#1654 = CARTESIAN_POINT('',(122.49340672565,0.661028229068));
#1655 = CARTESIAN_POINT('',(122.96254522521,0.66102765329));
#1656 = CARTESIAN_POINT('',(123.43054279896,0.661027097815));
#1657 = CARTESIAN_POINT('',(123.89743879898,0.661026492981));
#1658 = CARTESIAN_POINT('',(124.36327282506,0.661025712991));
#1659 = CARTESIAN_POINT('',(124.82808287714,0.66102455109));
#1660 = CARTESIAN_POINT('',(125.29190746147,0.661022870917));
#1661 = CARTESIAN_POINT('',(125.75478541741,0.661020537769));
#1662 = CARTESIAN_POINT('',(126.21675613032,0.66101740378));
#1663 = CARTESIAN_POINT('',(126.6778589104,0.661013381889));
#1664 = CARTESIAN_POINT('',(127.1381319358,0.661008116239));
#1665 = CARTESIAN_POINT('',(127.4444544213,0.661004288112));
#1666 = CARTESIAN_POINT('',(127.5974907489,0.661002369014));
#1667 = ( GEOMETRIC_REPRESENTATION_CONTEXT(2) 
PARAMETRIC_REPRESENTATION_CONTEXT() REPRESENTATION_CONTEXT('2D SPACE',''
  ) );
#1668 = PCURVE('',#1083,#1669);
#1669 = DEFINITIONAL_REPRESENTATION('',(#1670),#1806);
#1670 = B_SPLINE_CURVE_WITH_KNOTS('',3,(#1671,#1672,#1673,#1674,#1675,
    #1676,#1677,#1678,#1679,#1680,#1681,#1682,#1683,#1684,#1685,#1686,
    #1687,#1688,#1689,#1690,#1691,#1692,#1693,#1694,#1695,#1696,#1697,
    #1698,#1699,#1700,#1701,#1702,#1703,#1704,#1705,#1706,#1707,#1708,
    #1709,#1710,#1711,#1712,#1713,#1714,#1715,#1716,#1717,#1718,#1719,
    #1720,#1721,#1722,#1723,#1724,#1725,#1726,#1727,#1728,#1729,#1730,
    #1731,#1732,#1733,#1734,#1735,#1736,#1737,#1738,#1739,#1740,#1741,
    #1742,#1743,#1744,#1745,#1746,#1747,#1748,#1749,#1750,#1751,#1752,
    #1753,#1754,#1755,#1756,#1757,#1758,#1759,#1760,#1761,#1762,#1763,
    #1764,#1765,#1766,#1767,#1768,#1769,#1770,#1771,#1772,#1773,#1774,
    #1775,#1776,#1777,#1778,#1779,#1780,#1781,#1782,#1783,#1784,#1785,
    #1786,#1787,#1788,#1789,#1790,#1791,#1792,#1793,#1794,#1795,#1796,
    #1797,#1798,#1799,#1800,#1801,#1802,#1803,#1804,#1805),
  .UNSPECIFIED.,.F.,.F.,(4,1,1,1,1,1,1,1,1,1,1,1,1,1,1,1,1,1,1,1,1,1,1,1
    ,1,1,1,1,1,1,1,1,1,1,1,1,1,1,1,1,1,1,1,1,1,1,1,1,1,1,1,1,1,1,1,1,1,1
    ,1,1,1,1,1,1,1,1,1,1,1,1,1,1,1,1,1,1,1,1,1,1,1,1,1,1,1,1,1,1,1,1,1,1
    ,1,1,1,1,1,1,1,1,1,1,1,1,1,1,1,1,1,1,1,1,1,1,1,1,1,1,1,1,1,1,1,1,1,1
    ,1,1,1,1,1,1,4),(-268.6831058881,-268.254719493,-267.8263330979,
    -267.3979467028,-266.9695603077,-266.5411739126,-266.1127875175,
    -265.6844011224,-265.2560147273,-264.8276283322,-264.3992419371,
    -263.970855542,-263.5424691469,-263.1140827518,-262.6856963567,
    -262.2573099616,-261.8289235665,-261.4005371714,-260.9721507763,
    -260.5437643812,-260.1153779861,-259.686991591,-259.2586051959,
    -258.8302188008,-258.4018324057,-257.9734460106,-257.5450596155,
    -257.1166732204,-256.6882868253,-256.2599004302,-255.8315140351,
    -255.40312764,-254.9747412449,-254.5463548498,-254.1179684547,
    -253.6895820596,-253.2611956645,-252.8328092694,-252.4044228743,
    -251.9760364792,-251.5476500841,-251.119263689,-250.6908772939,
    -250.2624908988,-249.8341045037,-249.4057181085,-248.9773317134,
    -248.5489453183,-248.1205589232,-247.6921725281,-247.263786133,
    -246.8353997379,-246.4070133428,-245.9786269477,-245.5502405526,
    -245.1218541575,-244.6934677624,-244.2650813673,-243.8366949722,
    -243.4083085771,-242.979922182,-242.5515357869,-242.1231493918,
    -241.6947629967,-241.2663766016,-240.8379902065,-240.4096038114,
    -239.9812174163,-239.5528310212,-239.1244446261,-238.696058231,
    -238.2676718359,-237.8392854408,-237.4108990457,-236.9825126506,
    -236.5541262555,-236.1257398604,-235.6973534653,-235.2689670702,
    -234.8405806751,-234.41219428,-233.9838078849,-233.5554214898,
    -233.1270350947,-232.6986486996,-232.2702623045,-231.8418759094,
    -231.4134895143,-230.9851031192,-230.5567167241,-230.128330329,
    -229.6999439339,-229.2715575388,-228.8431711437,-228.4147847486,
    -227.9863983535,-227.5580119583,-227.1296255632,-226.7012391681,
    -226.272852773,-225.8444663779,-225.4160799828,-224.9876935877,
    -224.5593071926,-224.1309207975,-223.7025344024,-223.2741480073,
    -222.8457616122,-222.4173752171,-221.988988822,-221.5606024269,
    -221.1322160318,-220.7038296367,-220.2754432416,-219.8470568465,
    -219.4186704514,-218.9902840563,-218.5618976612,-218.1335112661,
    -217.705124871,-217.2767384759,-216.8483520808,-216.4199656857,
    -215.9915792906,-215.5631928955,-215.1348065004,-214.7064201053,
    -214.2780337102,-213.8496473151,-213.42126092,-212.9928745249,
    -212.5644881298,-212.1361017347),.QUASI_UNIFORM_KNOTS.);
#1671 = CARTESIAN_POINT('',(1.133855805044,55.237121606014));
#1672 = CARTESIAN_POINT('',(1.133848759974,55.413014786406));
#1673 = CARTESIAN_POINT('',(1.13383817396,55.765202284273));
#1674 = CARTESIAN_POINT('',(1.133831554957,56.294651992466));
#1675 = CARTESIAN_POINT('',(1.133832768375,56.825234835372));
#1676 = CARTESIAN_POINT('',(1.133840999937,57.356916805198));
#1677 = CARTESIAN_POINT('',(1.13385552183,57.889664042169));
#1678 = CARTESIAN_POINT('',(1.133874602577,58.423440603418));
#1679 = CARTESIAN_POINT('',(1.133897012599,58.958211598638));
#1680 = CARTESIAN_POINT('',(1.13392196885,59.493943054876));
#1681 = CARTESIAN_POINT('',(1.133948644281,60.030600874437));
#1682 = CARTESIAN_POINT('',(1.13397532217,60.568149199948));
#1683 = CARTESIAN_POINT('',(1.13400080604,61.106553214076));
#1684 = CARTESIAN_POINT('',(1.134024317926,61.645778920718));
#1685 = CARTESIAN_POINT('',(1.134045004132,62.185792146246));
#1686 = CARTESIAN_POINT('',(1.134061158161,62.726557082073));
#1687 = CARTESIAN_POINT('',(1.134071601222,63.268039061869));
#1688 = CARTESIAN_POINT('',(1.134075435248,63.810203412385));
#1689 = CARTESIAN_POINT('',(1.134072081454,64.353018008666));
#1690 = CARTESIAN_POINT('',(1.134058359779,64.896438584739));
#1691 = CARTESIAN_POINT('',(1.134039866508,65.440464492457));
#1692 = CARTESIAN_POINT('',(1.134023416398,65.985131373109));
#1693 = CARTESIAN_POINT('',(1.134007242797,66.530430292307));
#1694 = CARTESIAN_POINT('',(1.133991958368,67.076364577134));
#1695 = CARTESIAN_POINT('',(1.133977606384,67.622934544751));
#1696 = CARTESIAN_POINT('',(1.133964490925,68.170141766317));
#1697 = CARTESIAN_POINT('',(1.133952779701,68.717987211711));
#1698 = CARTESIAN_POINT('',(1.133942466631,69.266471146733));
#1699 = CARTESIAN_POINT('',(1.133933651102,69.815594260338));
#1700 = CARTESIAN_POINT('',(1.133926482682,70.36535744903));
#1701 = CARTESIAN_POINT('',(1.133921173187,70.915761870939));
#1702 = CARTESIAN_POINT('',(1.133917996425,71.466808952823));
#1703 = CARTESIAN_POINT('',(1.133916960981,72.018499008604));
#1704 = CARTESIAN_POINT('',(1.13391813374,72.57083258818));
#1705 = CARTESIAN_POINT('',(1.133921648061,73.123810519269));
#1706 = CARTESIAN_POINT('',(1.133927685847,73.677433837426));
#1707 = CARTESIAN_POINT('',(1.133936533021,74.23170403274));
#1708 = CARTESIAN_POINT('',(1.133948277868,74.78662175338));
#1709 = CARTESIAN_POINT('',(1.133962950434,75.342187373339));
#1710 = CARTESIAN_POINT('',(1.133980645871,75.898401594781));
#1711 = CARTESIAN_POINT('',(1.134001619455,76.455265618675));
#1712 = CARTESIAN_POINT('',(1.134025788393,77.012779928743));
#1713 = CARTESIAN_POINT('',(1.134054558638,77.570948719165));
#1714 = CARTESIAN_POINT('',(1.134078737805,78.129758017743));
#1715 = CARTESIAN_POINT('',(1.134098580048,78.689155171108));
#1716 = CARTESIAN_POINT('',(1.134114196005,79.249094753661));
#1717 = CARTESIAN_POINT('',(1.134126095934,79.809529886787));
#1718 = CARTESIAN_POINT('',(1.134135080339,80.370414429898));
#1719 = CARTESIAN_POINT('',(1.134140958445,80.931701050103));
#1720 = CARTESIAN_POINT('',(1.134143764491,81.493342804778));
#1721 = CARTESIAN_POINT('',(1.134143795889,82.055292922185));
#1722 = CARTESIAN_POINT('',(1.1341416301,82.617504925813));
#1723 = CARTESIAN_POINT('',(1.13413795619,83.179932166888));
#1724 = CARTESIAN_POINT('',(1.134132550382,83.742527594154));
#1725 = CARTESIAN_POINT('',(1.13412550506,84.305244432508));
#1726 = CARTESIAN_POINT('',(1.134117109597,84.868035906999));
#1727 = CARTESIAN_POINT('',(1.134107861035,85.430855345183));
#1728 = CARTESIAN_POINT('',(1.134098485369,85.993655856097));
#1729 = CARTESIAN_POINT('',(1.134088882821,86.556390614114));
#1730 = CARTESIAN_POINT('',(1.134079108126,87.119013091671));
#1731 = CARTESIAN_POINT('',(1.134069410801,87.681476515928));
#1732 = CARTESIAN_POINT('',(1.134060178034,88.243734175087));
#1733 = CARTESIAN_POINT('',(1.134052073806,88.805738534889));
#1734 = CARTESIAN_POINT('',(1.134045125874,89.367444557706));
#1735 = CARTESIAN_POINT('',(1.134039486562,89.928799889169));
#1736 = CARTESIAN_POINT('',(1.13403581189,90.489778867923));
#1737 = CARTESIAN_POINT('',(1.134033930252,91.050323268618));
#1738 = CARTESIAN_POINT('',(1.134033287833,91.610314069363));
#1739 = CARTESIAN_POINT('',(1.134033807773,92.169647189692));
#1740 = CARTESIAN_POINT('',(1.134035821803,92.728213276118));
#1741 = CARTESIAN_POINT('',(1.134038885956,93.285905678151));
#1742 = CARTESIAN_POINT('',(1.134042566131,93.842618034217));
#1743 = CARTESIAN_POINT('',(1.134046733975,94.398242949069));
#1744 = CARTESIAN_POINT('',(1.134051576699,94.952671565361));
#1745 = CARTESIAN_POINT('',(1.13405669424,95.505797378371));
#1746 = CARTESIAN_POINT('',(1.13406175948,96.057514118783));
#1747 = CARTESIAN_POINT('',(1.134066695563,96.60771394075));
#1748 = CARTESIAN_POINT('',(1.134071507162,97.156287928421));
#1749 = CARTESIAN_POINT('',(1.134075800193,97.703130584986));
#1750 = CARTESIAN_POINT('',(1.134079370548,98.24813508557));
#1751 = CARTESIAN_POINT('',(1.134082181256,98.791192459037));
#1752 = CARTESIAN_POINT('',(1.134084030632,99.332195266228));
#1753 = CARTESIAN_POINT('',(1.134084643582,99.871038148323));
#1754 = CARTESIAN_POINT('',(1.134083868168,100.40761335434));
#1755 = CARTESIAN_POINT('',(1.134081612036,100.94181147592));
#1756 = CARTESIAN_POINT('',(1.134077584687,101.47352648103));
#1757 = CARTESIAN_POINT('',(1.134071762148,102.00265445039));
#1758 = CARTESIAN_POINT('',(1.134063406066,102.52907651035));
#1759 = CARTESIAN_POINT('',(1.134055189996,103.05272558891));
#1760 = CARTESIAN_POINT('',(1.13404794027,103.57366985519));
#1761 = CARTESIAN_POINT('',(1.134041700548,104.09195635636));
#1762 = CARTESIAN_POINT('',(1.13403639131,104.60763690617));
#1763 = CARTESIAN_POINT('',(1.134031253837,105.12076260152));
#1764 = CARTESIAN_POINT('',(1.134027035695,105.63138481608));
#1765 = CARTESIAN_POINT('',(1.13402425014,106.13955419318));
#1766 = CARTESIAN_POINT('',(1.13402289731,106.64532202605));
#1767 = CARTESIAN_POINT('',(1.134022407929,107.14873999088));
#1768 = CARTESIAN_POINT('',(1.134022289086,107.64985988517));
#1769 = CARTESIAN_POINT('',(1.134023481518,108.14873207634));
#1770 = CARTESIAN_POINT('',(1.13402625043,108.64540751798));
#1771 = CARTESIAN_POINT('',(1.134030590176,109.13993747337));
#1772 = CARTESIAN_POINT('',(1.134035928331,109.63237379988));
#1773 = CARTESIAN_POINT('',(1.13404209847,110.12276808957));
#1774 = CARTESIAN_POINT('',(1.134049841436,110.61117065507));
#1775 = CARTESIAN_POINT('',(1.134059323523,111.09763251703));
#1776 = CARTESIAN_POINT('',(1.134070519831,111.5822049774));
#1777 = CARTESIAN_POINT('',(1.134082890616,112.06494008276));
#1778 = CARTESIAN_POINT('',(1.134096695294,112.54588885026));
#1779 = CARTESIAN_POINT('',(1.134112235911,113.025101857));
#1780 = CARTESIAN_POINT('',(1.134129745257,113.50263064284));
#1781 = CARTESIAN_POINT('',(1.134148102514,113.97852602637));
#1782 = CARTESIAN_POINT('',(1.134162543439,114.45281299311));
#1783 = CARTESIAN_POINT('',(1.134174758961,114.92553157149));
#1784 = CARTESIAN_POINT('',(1.134184709128,115.39671889775));
#1785 = CARTESIAN_POINT('',(1.134192600394,115.86641324297));
#1786 = CARTESIAN_POINT('',(1.134198219534,116.33465320155));
#1787 = CARTESIAN_POINT('',(1.134201850984,116.80147676533));
#1788 = CARTESIAN_POINT('',(1.134204038482,117.26692112393));
#1789 = CARTESIAN_POINT('',(1.134205062188,117.7310240513));
#1790 = CARTESIAN_POINT('',(1.13420510063,118.19382357031));
#1791 = CARTESIAN_POINT('',(1.134204115165,118.65535820839));
#1792 = CARTESIAN_POINT('',(1.1342022369,119.11566632559));
#1793 = CARTESIAN_POINT('',(1.13419995696,119.57478501009));
#1794 = CARTESIAN_POINT('',(1.134197553518,120.03275194397));
#1795 = CARTESIAN_POINT('',(1.134195233204,120.48960510371));
#1796 = CARTESIAN_POINT('',(1.134193070149,120.945382895));
#1797 = CARTESIAN_POINT('',(1.134191161815,121.40012396214));
#1798 = CARTESIAN_POINT('',(1.134189913718,121.85386539225));
#1799 = CARTESIAN_POINT('',(1.134189590092,122.30664476759));
#1800 = CARTESIAN_POINT('',(1.134190405176,122.75849999442));
#1801 = CARTESIAN_POINT('',(1.1341925205,123.20946950967));
#1802 = CARTESIAN_POINT('',(1.134196012454,123.65959167852));
#1803 = CARTESIAN_POINT('',(1.134201520986,124.10890376168));
#1804 = CARTESIAN_POINT('',(1.134205755434,124.4079314288));
#1805 = CARTESIAN_POINT('',(1.134207903961,124.55732330903));
#1806 = ( GEOMETRIC_REPRESENTATION_CONTEXT(2) 
PARAMETRIC_REPRESENTATION_CONTEXT() REPRESENTATION_CONTEXT('2D SPACE',''
  ) );
#1807 = ORIENTED_EDGE('',*,*,#1808,.F.);
#1808 = EDGE_CURVE('',#1809,#1425,#1811,.T.);
#1809 = VERTEX_POINT('',#1810);
#1810 = CARTESIAN_POINT('',(39.,-37.30940107675,28.183777678682));
#1811 = SURFACE_CURVE('',#1812,(#1817,#1823),.PCURVE_S1.);
#1812 = B_SPLINE_CURVE_WITH_KNOTS('',3,(#1813,#1814,#1815,#1816),
  .UNSPECIFIED.,.F.,.F.,(4,4),(-0.181220357474,-4.896478785435E-05),
  .PIECEWISE_BEZIER_KNOTS.);
#1813 = CARTESIAN_POINT('',(39.,-37.30940107675,28.183777678682));
#1814 = CARTESIAN_POINT('',(39.,-36.82546608373,28.544950855924));
#1815 = CARTESIAN_POINT('',(39.,-36.34214586692,28.906859269409));
#1816 = CARTESIAN_POINT('',(39.,-35.85931270366,29.269589038746));
#1817 = PCURVE('',#991,#1818);
#1818 = DEFINITIONAL_REPRESENTATION('',(#1819),#1822);
#1819 = B_SPLINE_CURVE_WITH_KNOTS('',1,(#1820,#1821),.UNSPECIFIED.,.F.,
  .F.,(2,2),(-0.181220357474,-4.896478785435E-05),
  .PIECEWISE_BEZIER_KNOTS.);
#1820 = CARTESIAN_POINT('',(127.6261342575,3.029318974623));
#1821 = CARTESIAN_POINT('',(127.59749074771,0.661002385613));
#1822 = ( GEOMETRIC_REPRESENTATION_CONTEXT(2) 
PARAMETRIC_REPRESENTATION_CONTEXT() REPRESENTATION_CONTEXT('2D SPACE',''
  ) );
#1823 = PCURVE('',#1824,#1829);
#1824 = PLANE('',#1825);
#1825 = AXIS2_PLACEMENT_3D('',#1826,#1827,#1828);
#1826 = CARTESIAN_POINT('',(39.,-37.30940107675,15.));
#1827 = DIRECTION('',(1.,0.,1.224646799147E-16));
#1828 = DIRECTION('',(0.,1.,0.));
#1829 = DEFINITIONAL_REPRESENTATION('',(#1830),#1835);
#1830 = B_SPLINE_CURVE_WITH_KNOTS('',3,(#1831,#1832,#1833,#1834),
  .UNSPECIFIED.,.F.,.F.,(4,4),(-0.181220357474,-4.896478785435E-05),
  .PIECEWISE_BEZIER_KNOTS.);
#1831 = CARTESIAN_POINT('',(-9.947598300641E-14,13.183777678682));
#1832 = CARTESIAN_POINT('',(0.483934993024,13.544950855924));
#1833 = CARTESIAN_POINT('',(0.967255209831,13.906859269409));
#1834 = CARTESIAN_POINT('',(1.450088373095,14.269589038746));
#1835 = ( GEOMETRIC_REPRESENTATION_CONTEXT(2) 
PARAMETRIC_REPRESENTATION_CONTEXT() REPRESENTATION_CONTEXT('2D SPACE',''
  ) );
#1836 = ORIENTED_EDGE('',*,*,#1837,.F.);
#1837 = EDGE_CURVE('',#1838,#1809,#1840,.T.);
#1838 = VERTEX_POINT('',#1839);
#1839 = CARTESIAN_POINT('',(35.,-39.61880215351,26.099801702764));
#1840 = SURFACE_CURVE('',#1841,(#1846,#1875),.PCURVE_S1.);
#1841 = B_SPLINE_CURVE_WITH_KNOTS('',3,(#1842,#1843,#1844,#1845),
  .UNSPECIFIED.,.F.,.F.,(4,4),(-0.560251294306,-5.485965087301E-02),
  .PIECEWISE_BEZIER_KNOTS.);
#1842 = CARTESIAN_POINT('',(35.,-39.61880215351,26.099801702764));
#1843 = CARTESIAN_POINT('',(36.329932052367,-38.85096552507,
    26.790254876657));
#1844 = CARTESIAN_POINT('',(37.669288671904,-38.07768762024,
    27.48751071044));
#1845 = CARTESIAN_POINT('',(39.,-37.30940107675,28.183777678682));
#1846 = PCURVE('',#991,#1847);
#1847 = DEFINITIONAL_REPRESENTATION('',(#1848),#1874);
#1848 = B_SPLINE_CURVE_WITH_KNOTS('',3,(#1849,#1850,#1851,#1852,#1853,
    #1854,#1855,#1856,#1857,#1858,#1859,#1860,#1861,#1862,#1863,#1864,
    #1865,#1866,#1867,#1868,#1869,#1870,#1871,#1872,#1873),
  .UNSPECIFIED.,.F.,.F.,(4,1,1,1,1,1,1,1,1,1,1,1,1,1,1,1,1,1,1,1,1,1,4),
  (-0.560251294306,-0.537278946877,-0.514306599448,-0.49133425202,
    -0.468361904591,-0.445389557162,-0.422417209733,-0.399444862304,
    -0.376472514876,-0.353500167447,-0.330527820018,-0.307555472589,
    -0.284583125161,-0.261610777732,-0.238638430303,-0.215666082874,
    -0.192693735446,-0.169721388017,-0.146749040588,-0.123776693159,
    -0.100804345731,-7.783199830178E-02,-5.485965087301E-02),
  .UNSPECIFIED.);
#1849 = CARTESIAN_POINT('',(131.51126558566,6.38784309081));
#1850 = CARTESIAN_POINT('',(131.4511739191,6.337908635179));
#1851 = CARTESIAN_POINT('',(131.33108290306,6.237934186258));
#1852 = CARTESIAN_POINT('',(131.1512314578,6.087663456334));
#1853 = CARTESIAN_POINT('',(130.97167324965,5.937091206525));
#1854 = CARTESIAN_POINT('',(130.79241632934,5.786225042706));
#1855 = CARTESIAN_POINT('',(130.6134686786,5.635072616153));
#1856 = CARTESIAN_POINT('',(130.43483820131,5.483641629942));
#1857 = CARTESIAN_POINT('',(130.25653272735,5.331939837233));
#1858 = CARTESIAN_POINT('',(130.07856001307,5.179975041721));
#1859 = CARTESIAN_POINT('',(129.90092774266,5.027755097486));
#1860 = CARTESIAN_POINT('',(129.72364352926,4.875287908995));
#1861 = CARTESIAN_POINT('',(129.54671491616,4.722581431043));
#1862 = CARTESIAN_POINT('',(129.37014937794,4.569643668704));
#1863 = CARTESIAN_POINT('',(129.19395432168,4.41648267726));
#1864 = CARTESIAN_POINT('',(129.01813708809,4.26310656212));
#1865 = CARTESIAN_POINT('',(128.84270495269,4.109523478734));
#1866 = CARTESIAN_POINT('',(128.66766512697,3.955741632492));
#1867 = CARTESIAN_POINT('',(128.49302475955,3.801769278583));
#1868 = CARTESIAN_POINT('',(128.31879093724,3.647614721989));
#1869 = CARTESIAN_POINT('',(128.14497068668,3.493286316904));
#1870 = CARTESIAN_POINT('',(127.97157097356,3.338792468244));
#1871 = CARTESIAN_POINT('',(127.79859871094,3.184141625292));
#1872 = CARTESIAN_POINT('',(127.6835733928,3.080942078211));
#1873 = CARTESIAN_POINT('',(127.6261342575,3.029318974623));
#1874 = ( GEOMETRIC_REPRESENTATION_CONTEXT(2) 
PARAMETRIC_REPRESENTATION_CONTEXT() REPRESENTATION_CONTEXT('2D SPACE',''
  ) );
#1875 = PCURVE('',#1876,#1881);
#1876 = PLANE('',#1877);
#1877 = AXIS2_PLACEMENT_3D('',#1878,#1879,#1880);
#1878 = CARTESIAN_POINT('',(35.,-39.61880215351,15.));
#1879 = DIRECTION('',(0.5,-0.866025403784,6.123233995737E-17));
#1880 = DIRECTION('',(0.866025403784,0.5,1.060575238725E-16));
#1881 = DEFINITIONAL_REPRESENTATION('',(#1882),#1887);
#1882 = B_SPLINE_CURVE_WITH_KNOTS('',3,(#1883,#1884,#1885,#1886),
  .UNSPECIFIED.,.F.,.F.,(4,4),(-0.560251294306,-5.485965087301E-02),
  .PIECEWISE_BEZIER_KNOTS.);
#1883 = CARTESIAN_POINT('',(-2.30926389122E-14,11.099801702764));
#1884 = CARTESIAN_POINT('',(1.535673256876,11.790254876657));
#1885 = CARTESIAN_POINT('',(3.082229066537,12.48751071044));
#1886 = CARTESIAN_POINT('',(4.618802153517,13.183777678682));
#1887 = ( GEOMETRIC_REPRESENTATION_CONTEXT(2) 
PARAMETRIC_REPRESENTATION_CONTEXT() REPRESENTATION_CONTEXT('2D SPACE',''
  ) );
#1888 = ORIENTED_EDGE('',*,*,#1889,.F.);
#1889 = EDGE_CURVE('',#1890,#1838,#1892,.T.);
#1890 = VERTEX_POINT('',#1891);
#1891 = CARTESIAN_POINT('',(31.,-37.30940107675,27.386775731545));
#1892 = SURFACE_CURVE('',#1893,(#1898,#1927),.PCURVE_S1.);
#1893 = B_SPLINE_CURVE_WITH_KNOTS('',3,(#1894,#1895,#1896,#1897),
  .UNSPECIFIED.,.F.,.F.,(4,4),(-0.529162611533,-5.190346900125E-02),
  .PIECEWISE_BEZIER_KNOTS.);
#1894 = CARTESIAN_POINT('',(31.,-37.30940107675,27.386775731545));
#1895 = CARTESIAN_POINT('',(32.328716947348,-38.07653616398,
    26.964733139104));
#1896 = CARTESIAN_POINT('',(33.671201168576,-38.85161979049,
    26.533316463132));
#1897 = CARTESIAN_POINT('',(35.,-39.61880215351,26.099801702764));
#1898 = PCURVE('',#991,#1899);
#1899 = DEFINITIONAL_REPRESENTATION('',(#1900),#1926);
#1900 = B_SPLINE_CURVE_WITH_KNOTS('',3,(#1901,#1902,#1903,#1904,#1905,
    #1906,#1907,#1908,#1909,#1910,#1911,#1912,#1913,#1914,#1915,#1916,
    #1917,#1918,#1919,#1920,#1921,#1922,#1923,#1924,#1925),
  .UNSPECIFIED.,.F.,.F.,(4,1,1,1,1,1,1,1,1,1,1,1,1,1,1,1,1,1,1,1,1,1,4),
  (-0.529162611533,-0.507469014145,-0.485775416758,-0.46408181937,
    -0.442388221982,-0.420694624594,-0.399001027206,-0.377307429819,
    -0.355613832431,-0.333920235043,-0.312226637655,-0.290533040267,
    -0.268839442879,-0.247145845492,-0.225452248104,-0.203758650716,
    -0.182065053328,-0.16037145594,-0.138677858553,-0.116984261165,
    -9.529066377689E-02,-7.359706638907E-02,-5.190346900125E-02),
  .UNSPECIFIED.);
#1901 = CARTESIAN_POINT('',(135.32902752763,2.29039417686));
#1902 = CARTESIAN_POINT('',(135.27113175895,2.350463633458));
#1903 = CARTESIAN_POINT('',(135.15530953752,2.470815077554));
#1904 = CARTESIAN_POINT('',(134.9814986485,2.651968377867));
#1905 = CARTESIAN_POINT('',(134.80762470352,2.833736411014));
#1906 = CARTESIAN_POINT('',(134.63370218388,3.016107575485));
#1907 = CARTESIAN_POINT('',(134.45974555867,3.199070135853));
#1908 = CARTESIAN_POINT('',(134.28576928343,3.382612202373));
#1909 = CARTESIAN_POINT('',(134.1117878011,3.566721733868));
#1910 = CARTESIAN_POINT('',(133.93781554243,3.751386534442));
#1911 = CARTESIAN_POINT('',(133.76386692636,3.936594251906));
#1912 = CARTESIAN_POINT('',(133.58995636057,4.122332375822));
#1913 = CARTESIAN_POINT('',(133.41609824182,4.308588235714));
#1914 = CARTESIAN_POINT('',(133.2423069564,4.495348999302));
#1915 = CARTESIAN_POINT('',(133.06859688053,4.682601670807));
#1916 = CARTESIAN_POINT('',(132.89498238073,4.870333089299));
#1917 = CARTESIAN_POINT('',(132.72147781415,5.058529927131));
#1918 = CARTESIAN_POINT('',(132.54809752898,5.24717868837));
#1919 = CARTESIAN_POINT('',(132.37485586473,5.436265707455));
#1920 = CARTESIAN_POINT('',(132.20176715253,5.625777147358));
#1921 = CARTESIAN_POINT('',(132.02884571549,5.815698999848));
#1922 = CARTESIAN_POINT('',(131.85610586875,6.006017078205));
#1923 = CARTESIAN_POINT('',(131.68356192058,6.196717038424));
#1924 = CARTESIAN_POINT('',(131.56867275307,6.324095209044));
#1925 = CARTESIAN_POINT('',(131.51126558566,6.38784309081));
#1926 = ( GEOMETRIC_REPRESENTATION_CONTEXT(2) 
PARAMETRIC_REPRESENTATION_CONTEXT() REPRESENTATION_CONTEXT('2D SPACE',''
  ) );
#1927 = PCURVE('',#1928,#1933);
#1928 = PLANE('',#1929);
#1929 = AXIS2_PLACEMENT_3D('',#1930,#1931,#1932);
#1930 = CARTESIAN_POINT('',(31.,-37.30940107675,15.));
#1931 = DIRECTION('',(-0.5,-0.866025403784,-6.123233995737E-17));
#1932 = DIRECTION('',(0.866025403784,-0.5,1.060575238725E-16));
#1933 = DEFINITIONAL_REPRESENTATION('',(#1934),#1939);
#1934 = B_SPLINE_CURVE_WITH_KNOTS('',3,(#1935,#1936,#1937,#1938),
  .UNSPECIFIED.,.F.,.F.,(4,4),(-0.529162611533,-5.190346900125E-02),
  .PIECEWISE_BEZIER_KNOTS.);
#1935 = CARTESIAN_POINT('',(-7.105427357601E-14,12.386775731545));
#1936 = CARTESIAN_POINT('',(1.534270174456,11.964733139104));
#1937 = CARTESIAN_POINT('',(3.084437427474,11.533316463132));
#1938 = CARTESIAN_POINT('',(4.618802153517,11.099801702764));
#1939 = ( GEOMETRIC_REPRESENTATION_CONTEXT(2) 
PARAMETRIC_REPRESENTATION_CONTEXT() REPRESENTATION_CONTEXT('2D SPACE',''
  ) );
#1940 = ORIENTED_EDGE('',*,*,#1941,.F.);
#1941 = EDGE_CURVE('',#1942,#1890,#1944,.T.);
#1942 = VERTEX_POINT('',#1943);
#1943 = CARTESIAN_POINT('',(31.00000114315,-36.26420226256,
    28.158182761658));
#1944 = SURFACE_CURVE('',#1945,(#1950,#1956),.PCURVE_S1.);
#1945 = B_SPLINE_CURVE_WITH_KNOTS('',3,(#1946,#1947,#1948,#1949),
  .UNSPECIFIED.,.F.,.F.,(4,4),(-0.19196681965,-6.205876247281E-02),
  .PIECEWISE_BEZIER_KNOTS.);
#1946 = CARTESIAN_POINT('',(31.,-36.26421027808,28.158193389456));
#1947 = CARTESIAN_POINT('',(31.,-36.61229070282,27.900605813509));
#1948 = CARTESIAN_POINT('',(31.,-36.96067852241,27.643470318998));
#1949 = CARTESIAN_POINT('',(31.,-37.30940107675,27.386775731545));
#1950 = PCURVE('',#991,#1951);
#1951 = DEFINITIONAL_REPRESENTATION('',(#1952),#1955);
#1952 = B_SPLINE_CURVE_WITH_KNOTS('',1,(#1953,#1954),.UNSPECIFIED.,.F.,
  .F.,(2,2),(-0.19196681965,-6.205876247281E-02),
  .PIECEWISE_BEZIER_KNOTS.);
#1953 = CARTESIAN_POINT('',(135.27326238307,0.66095302426));
#1954 = CARTESIAN_POINT('',(135.32902752763,2.29039417686));
#1955 = ( GEOMETRIC_REPRESENTATION_CONTEXT(2) 
PARAMETRIC_REPRESENTATION_CONTEXT() REPRESENTATION_CONTEXT('2D SPACE',''
  ) );
#1956 = PCURVE('',#1957,#1962);
#1957 = PLANE('',#1958);
#1958 = AXIS2_PLACEMENT_3D('',#1959,#1960,#1961);
#1959 = CARTESIAN_POINT('',(31.,-32.69059892324,15.));
#1960 = DIRECTION('',(-1.,0.,-1.224646799147E-16));
#1961 = DIRECTION('',(0.,-1.,-0.));
#1962 = DEFINITIONAL_REPRESENTATION('',(#1963),#1968);
#1963 = B_SPLINE_CURVE_WITH_KNOTS('',3,(#1964,#1965,#1966,#1967),
  .UNSPECIFIED.,.F.,.F.,(4,4),(-0.19196681965,-6.205876247281E-02),
  .PIECEWISE_BEZIER_KNOTS.);
#1964 = CARTESIAN_POINT('',(3.573611354841,13.158193389456));
#1965 = CARTESIAN_POINT('',(3.921691779586,12.900605813509));
#1966 = CARTESIAN_POINT('',(4.270079599175,12.643470318998));
#1967 = CARTESIAN_POINT('',(4.618802153517,12.386775731545));
#1968 = ( GEOMETRIC_REPRESENTATION_CONTEXT(2) 
PARAMETRIC_REPRESENTATION_CONTEXT() REPRESENTATION_CONTEXT('2D SPACE',''
  ) );
#1969 = ORIENTED_EDGE('',*,*,#1970,.T.);
#1970 = EDGE_CURVE('',#1942,#1971,#1973,.T.);
#1971 = VERTEX_POINT('',#1972);
#1972 = CARTESIAN_POINT('',(-10.50124481336,-40.11987649576,
    17.849753653396));
#1973 = SURFACE_CURVE('',#1974,(#2054,#2171),.PCURVE_S1.);
#1974 = B_SPLINE_CURVE_WITH_KNOTS('',3,(#1975,#1976,#1977,#1978,#1979,
    #1980,#1981,#1982,#1983,#1984,#1985,#1986,#1987,#1988,#1989,#1990,
    #1991,#1992,#1993,#1994,#1995,#1996,#1997,#1998,#1999,#2000,#2001,
    #2002,#2003,#2004,#2005,#2006,#2007,#2008,#2009,#2010,#2011,#2012,
    #2013,#2014,#2015,#2016,#2017,#2018,#2019,#2020,#2021,#2022,#2023,
    #2024,#2025,#2026,#2027,#2028,#2029,#2030,#2031,#2032,#2033,#2034,
    #2035,#2036,#2037,#2038,#2039,#2040,#2041,#2042,#2043,#2044,#2045,
    #2046,#2047,#2048,#2049,#2050,#2051,#2052,#2053),.UNSPECIFIED.,.F.,
  .F.,(4,3,3,3,3,3,3,3,3,3,3,3,3,3,3,3,3,3,3,3,3,3,3,3,3,3,4),(
    -204.8748854629,-202.9759007185,-200.0005405956,-197.0599855414,
    -194.1688632605,-193.3103816367,-191.4137967942,-189.4715632343,
    -187.6202664836,-185.7861926518,-183.9774412224,-183.6448625548,
    -181.887763268,-181.6723354694,-179.7188500969,-177.7298550742,
    -175.6715325019,-173.979343473,-172.0458354845,-170.0115202038,
    -167.9027018607,-165.64305567,-164.3138243911,-162.1330494531,
    -159.9622762712,-157.9904016147,-157.123904375),.UNSPECIFIED.);
#1975 = CARTESIAN_POINT('',(31.00000114315,-36.26420226256,
    28.158182761658));
#1976 = CARTESIAN_POINT('',(30.331390883813,-36.29939346827,
    28.059724237641));
#1977 = CARTESIAN_POINT('',(29.670178241646,-36.33463052407,
    27.960772897624));
#1978 = CARTESIAN_POINT('',(29.016264331378,-36.36996800961,
    27.861267103188));
#1979 = CARTESIAN_POINT('',(27.991701402089,-36.42533535558,
    27.705359809234));
#1980 = CARTESIAN_POINT('',(26.985083132522,-36.48095619282,
    27.548095349737));
#1981 = CARTESIAN_POINT('',(25.995747547606,-36.53702193304,
    27.38919628356));
#1982 = CARTESIAN_POINT('',(25.017984979598,-36.5924318293,
    27.232155981597));
#1983 = CARTESIAN_POINT('',(24.057102991098,-36.64827609744,
    27.073519289774));
#1984 = CARTESIAN_POINT('',(23.11251274177,-36.70473298519,
    26.913017710005));
#1985 = CARTESIAN_POINT('',(22.183801710749,-36.76024079343,
    26.755214273293));
#1986 = CARTESIAN_POINT('',(21.27083920112,-36.81634063616,
    26.595608289042));
#1987 = CARTESIAN_POINT('',(20.373115784509,-36.8731981141,
    26.433941232162));
#1988 = CARTESIAN_POINT('',(20.106548347504,-36.89008121181,
    26.385936276289));
#1989 = CARTESIAN_POINT('',(19.84132491204,-36.90703109431,
    26.337749560443));
#1990 = CARTESIAN_POINT('',(19.577433028117,-36.92405206234,
    26.289374225384));
#1991 = CARTESIAN_POINT('',(18.994434705052,-36.96165532498,
    26.182501900256));
#1992 = CARTESIAN_POINT('',(18.41802279902,-36.99962274028,
    26.074724464926));
#1993 = CARTESIAN_POINT('',(17.847544649117,-37.03805080532,
    25.965863691622));
#1994 = CARTESIAN_POINT('',(17.263335715736,-37.07740379175,
    25.854382758883));
#1995 = CARTESIAN_POINT('',(16.685349257717,-37.11723976983,
    25.741765854498));
#1996 = CARTESIAN_POINT('',(16.112940492487,-37.15766705531,
    25.627809958312));
#1997 = CARTESIAN_POINT('',(15.567332328219,-37.19620150544,
    25.519189561311));
#1998 = CARTESIAN_POINT('',(15.026792050226,-37.2352731567,
    25.409352620584));
#1999 = CARTESIAN_POINT('',(14.490811217749,-37.2749808764,
    25.298112091746));
#2000 = CARTESIAN_POINT('',(13.95981670334,-37.31431918864,
    25.187906451892));
#2001 = CARTESIAN_POINT('',(13.433297126524,-37.35428173009,
    25.07632328571));
#2002 = CARTESIAN_POINT('',(12.910807337688,-37.39497043605,
    24.963168847409));
#2003 = CARTESIAN_POINT('',(12.395531378751,-37.43509736757,
    24.851576692023));
#2004 = CARTESIAN_POINT('',(11.884174658241,-37.47593049758,
    24.738456410684));
#2005 = CARTESIAN_POINT('',(11.376359074413,-37.51757408608,
    24.623609659315));
#2006 = CARTESIAN_POINT('',(11.282986028524,-37.52523117425,
    24.602492562228));
#2007 = CARTESIAN_POINT('',(11.189732840416,-37.53291568228,
    24.581317059195));
#2008 = CARTESIAN_POINT('',(11.096597344858,-37.54062828486,
    24.560081867826));
#2009 = CARTESIAN_POINT('',(10.604538386207,-37.58137596295,
    24.447890848824));
#2010 = CARTESIAN_POINT('',(10.115604012863,-37.62284855949,
    24.334004651559));
#2011 = CARTESIAN_POINT('',(9.629490082235,-37.66515449468,
    24.218217938396));
#2012 = CARTESIAN_POINT('',(9.569890459847,-37.67034138114,
    24.204021998006));
#2013 = CARTESIAN_POINT('',(9.510333295138,-37.67554080378,
    24.189797472296));
#2014 = CARTESIAN_POINT('',(9.450818079432,-37.68075297065,
    24.175543968251));
#2015 = CARTESIAN_POINT('',(8.911137945168,-37.7280165633,
    24.046294113651));
#2016 = CARTESIAN_POINT('',(8.374902774803,-37.77632758909,
    23.914662247511));
#2017 = CARTESIAN_POINT('',(7.841435954809,-37.82575277645,
    23.780515608092));
#2018 = CARTESIAN_POINT('',(7.298271995326,-37.87607639446,
    23.643930506475));
#2019 = CARTESIAN_POINT('',(6.757978097044,-37.92755508688,
    23.504738234389));
#2020 = CARTESIAN_POINT('',(6.21989442781,-37.98026522009,
    23.362789615429));
#2021 = CARTESIAN_POINT('',(5.663055547101,-38.03481259488,
    23.215893296846));
#2022 = CARTESIAN_POINT('',(5.108583718889,-38.09067878876,
    23.066044967897));
#2023 = CARTESIAN_POINT('',(4.555803952273,-38.14795416813,
    22.913072043021));
#2024 = CARTESIAN_POINT('',(4.101352415325,-38.19504142738,
    22.78730987693));
#2025 = CARTESIAN_POINT('',(3.648045667362,-38.24308125677,
    22.659435655525));
#2026 = CARTESIAN_POINT('',(3.19553472406,-38.29212628542,
    22.529351353578));
#2027 = CARTESIAN_POINT('',(2.678492296312,-38.34816550626,
    22.380716045888));
#2028 = CARTESIAN_POINT('',(2.162524400069,-38.40552704254,
    22.229205455751));
#2029 = CARTESIAN_POINT('',(1.646945267874,-38.4642949373,
    22.074613466013));
#2030 = CARTESIAN_POINT('',(1.104485390139,-38.52612681338,
    21.911961514808));
#2031 = CARTESIAN_POINT('',(0.562455912689,-38.58951558648,
    21.745898181671));
#2032 = CARTESIAN_POINT('',(2.011704759002E-02,-38.65456348683,
    21.576181518758));
#2033 = CARTESIAN_POINT('',(-0.542083982788,-38.7219936471,
    21.40024929464));
#2034 = CARTESIAN_POINT('',(-1.104617094004,-38.79120681201,
    21.220390793971));
#2035 = CARTESIAN_POINT('',(-1.668248053894,-38.8623198759,
    21.036340373029));
#2036 = CARTESIAN_POINT('',(-2.272191279081,-38.93851912011,
    20.839126215662));
#2037 = CARTESIAN_POINT('',(-2.877394541399,-39.01689996983,
    20.63709823297));
#2038 = CARTESIAN_POINT('',(-3.484740262167,-39.09760697413,
    20.429944068896));
#2039 = CARTESIAN_POINT('',(-3.842009879171,-39.14508266965,
    20.308086144605));
#2040 = CARTESIAN_POINT('',(-4.200019772471,-39.19336329578,
    20.184454708213));
#2041 = CARTESIAN_POINT('',(-4.558942375152,-39.24247784647,
    20.058990233768));
#2042 = CARTESIAN_POINT('',(-5.147801085498,-39.32305658619,
    19.8531496206));
#2043 = CARTESIAN_POINT('',(-5.739164415816,-39.40585768124,
    19.642359284409));
#2044 = CARTESIAN_POINT('',(-6.334056786087,-39.49110484013,
    19.42627084684));
#2045 = CARTESIAN_POINT('',(-6.92622078293,-39.57596102731,
    19.21117346241));
#2046 = CARTESIAN_POINT('',(-7.521879627738,-39.66324124245,
    18.9908254069));
#2047 = CARTESIAN_POINT('',(-8.122013529845,-39.75316082695,
    18.764923120895));
#2048 = CARTESIAN_POINT('',(-8.667159767112,-39.83484147018,
    18.559719280931));
#2049 = CARTESIAN_POINT('',(-9.215996956745,-39.91870014276,
    18.349932171863));
#2050 = CARTESIAN_POINT('',(-9.769259650215,-40.00489045348,
    18.135375120904));
#2051 = CARTESIAN_POINT('',(-10.01237885412,-40.04276490259,
    18.041092712137));
#2052 = CARTESIAN_POINT('',(-10.25635274232,-40.08108946282,
    17.945889822731));
#2053 = CARTESIAN_POINT('',(-10.50124481336,-40.11987649576,
    17.849753653396));
#2054 = PCURVE('',#991,#2055);
#2055 = DEFINITIONAL_REPRESENTATION('',(#2056),#2170);
#2056 = B_SPLINE_CURVE_WITH_KNOTS('',3,(#2057,#2058,#2059,#2060,#2061,
    #2062,#2063,#2064,#2065,#2066,#2067,#2068,#2069,#2070,#2071,#2072,
    #2073,#2074,#2075,#2076,#2077,#2078,#2079,#2080,#2081,#2082,#2083,
    #2084,#2085,#2086,#2087,#2088,#2089,#2090,#2091,#2092,#2093,#2094,
    #2095,#2096,#2097,#2098,#2099,#2100,#2101,#2102,#2103,#2104,#2105,
    #2106,#2107,#2108,#2109,#2110,#2111,#2112,#2113,#2114,#2115,#2116,
    #2117,#2118,#2119,#2120,#2121,#2122,#2123,#2124,#2125,#2126,#2127,
    #2128,#2129,#2130,#2131,#2132,#2133,#2134,#2135,#2136,#2137,#2138,
    #2139,#2140,#2141,#2142,#2143,#2144,#2145,#2146,#2147,#2148,#2149,
    #2150,#2151,#2152,#2153,#2154,#2155,#2156,#2157,#2158,#2159,#2160,
    #2161,#2162,#2163,#2164,#2165,#2166,#2167,#2168,#2169),
  .UNSPECIFIED.,.F.,.F.,(4,1,1,1,1,1,1,1,1,1,1,1,1,1,1,1,1,1,1,1,1,1,1,1
    ,1,1,1,1,1,1,1,1,1,1,1,1,1,1,1,1,1,1,1,1,1,1,1,1,1,1,1,1,1,1,1,1,1,1
    ,1,1,1,1,1,1,1,1,1,1,1,1,1,1,1,1,1,1,1,1,1,1,1,1,1,1,1,1,1,1,1,1,1,1
    ,1,1,1,1,1,1,1,1,1,1,1,1,1,1,1,1,1,1,4),(-204.8748854629,
    -204.4407856348,-204.0066858068,-203.5725859787,-203.1384861506,
    -202.7043863226,-202.2702864945,-201.8361866664,-201.4020868383,
    -200.9679870103,-200.5338871822,-200.0997873541,-199.6656875261,
    -199.231587698,-198.7974878699,-198.3633880418,-197.9292882138,
    -197.4951883857,-197.0610885576,-196.6269887295,-196.1928889015,
    -195.7587890734,-195.3246892453,-194.8905894173,-194.4564895892,
    -194.0223897611,-193.588289933,-193.154190105,-192.7200902769,
    -192.2859904488,-191.8518906208,-191.4177907927,-190.9836909646,
    -190.5495911365,-190.1154913085,-189.6813914804,-189.2472916523,
    -188.8131918243,-188.3790919962,-187.9449921681,-187.51089234,
    -187.076792512,-186.6426926839,-186.2085928558,-185.7744930278,
    -185.3403931997,-184.9062933716,-184.4721935435,-184.0380937155,
    -183.6039938874,-183.1698940593,-182.7357942313,-182.3016944032,
    -181.8675945751,-181.433494747,-180.999394919,-180.5652950909,
    -180.1311952628,-179.6970954347,-179.2629956067,-178.8288957786,
    -178.3947959505,-177.9606961225,-177.5265962944,-177.0924964663,
    -176.6583966382,-176.2242968102,-175.7901969821,-175.356097154,
    -174.921997326,-174.4878974979,-174.0537976698,-173.6196978417,
    -173.1855980137,-172.7514981856,-172.3173983575,-171.8832985295,
    -171.4491987014,-171.0150988733,-170.5809990452,-170.1468992172,
    -169.7127993891,-169.278699561,-168.844599733,-168.4104999049,
    -167.9764000768,-167.5423002487,-167.1082004207,-166.6741005926,
    -166.2400007645,-165.8059009365,-165.3718011084,-164.9377012803,
    -164.5036014522,-164.0695016242,-163.6354017961,-163.201301968,
    -162.7672021399,-162.3331023119,-161.8990024838,-161.4649026557,
    -161.0308028277,-160.5967029996,-160.1626031715,-159.7285033434,
    -159.2944035154,-158.8603036873,-158.4262038592,-157.9921040312,
    -157.5580042031,-157.123904375),.QUASI_UNIFORM_KNOTS.);
#2057 = CARTESIAN_POINT('',(135.27326239331,0.660952870506));
#2058 = CARTESIAN_POINT('',(135.42421400739,0.66095417917));
#2059 = CARTESIAN_POINT('',(135.72588945644,0.660957233605));
#2060 = CARTESIAN_POINT('',(136.17772599698,0.660963182148));
#2061 = CARTESIAN_POINT('',(136.6288925328,0.66097054545));
#2062 = CARTESIAN_POINT('',(137.07939595803,0.660979398323));
#2063 = CARTESIAN_POINT('',(137.52924246387,0.660989948246));
#2064 = CARTESIAN_POINT('',(137.97843830602,0.661003180858));
#2065 = CARTESIAN_POINT('',(138.42699678197,0.661018347228));
#2066 = CARTESIAN_POINT('',(138.87492992943,0.661035043995));
#2067 = CARTESIAN_POINT('',(139.32225028879,0.661052784363));
#2068 = CARTESIAN_POINT('',(139.76897044569,0.661071107572));
#2069 = CARTESIAN_POINT('',(140.21510312051,0.661089551169));
#2070 = CARTESIAN_POINT('',(140.66066129027,0.661107633542));
#2071 = CARTESIAN_POINT('',(141.10565721112,0.661124875032));
#2072 = CARTESIAN_POINT('',(141.5501030211,0.661140859781));
#2073 = CARTESIAN_POINT('',(141.99401106507,0.661155147419));
#2074 = CARTESIAN_POINT('',(142.43739381595,0.661167291535));
#2075 = CARTESIAN_POINT('',(142.88026390157,0.661176828173));
#2076 = CARTESIAN_POINT('',(143.32263409968,0.661183284968));
#2077 = CARTESIAN_POINT('',(143.76451735484,0.661186137461));
#2078 = CARTESIAN_POINT('',(144.20592571884,0.661184992085));
#2079 = CARTESIAN_POINT('',(144.64687138846,0.661179464576));
#2080 = CARTESIAN_POINT('',(145.08736670888,0.661169140725));
#2081 = CARTESIAN_POINT('',(145.52742421845,0.661153567463));
#2082 = CARTESIAN_POINT('',(145.96705649094,0.661132309503));
#2083 = CARTESIAN_POINT('',(146.40627674676,0.661104713127));
#2084 = CARTESIAN_POINT('',(146.84509637429,0.661070817537));
#2085 = CARTESIAN_POINT('',(147.28353062759,0.661028650002));
#2086 = CARTESIAN_POINT('',(147.72157155301,0.660986397248));
#2087 = CARTESIAN_POINT('',(148.15927674781,0.660945411557));
#2088 = CARTESIAN_POINT('',(148.59670008632,0.660906254076));
#2089 = CARTESIAN_POINT('',(149.03389751949,0.660869294827));
#2090 = CARTESIAN_POINT('',(149.47092568836,0.660834447176));
#2091 = CARTESIAN_POINT('',(149.90783826005,0.660802839782));
#2092 = CARTESIAN_POINT('',(150.34468968484,0.660775301876));
#2093 = CARTESIAN_POINT('',(150.78153521831,0.660752331071));
#2094 = CARTESIAN_POINT('',(151.21843158976,0.660733816854));
#2095 = CARTESIAN_POINT('',(151.65543379787,0.660720340639));
#2096 = CARTESIAN_POINT('',(152.09259554199,0.660713071918));
#2097 = CARTESIAN_POINT('',(152.52997189489,0.660712585248));
#2098 = CARTESIAN_POINT('',(152.96761905634,0.660718968632));
#2099 = CARTESIAN_POINT('',(153.4055931482,0.660732314469));
#2100 = CARTESIAN_POINT('',(153.84394754767,0.660753968539));
#2101 = CARTESIAN_POINT('',(154.28273713397,0.660784602474));
#2102 = CARTESIAN_POINT('',(154.72201772463,0.6608244636));
#2103 = CARTESIAN_POINT('',(155.16184604489,0.660873350062));
#2104 = CARTESIAN_POINT('',(155.60227582884,0.660932502152));
#2105 = CARTESIAN_POINT('',(156.04336055057,0.66100318017));
#2106 = CARTESIAN_POINT('',(156.4851599484,0.661084129193));
#2107 = CARTESIAN_POINT('',(156.92771546688,0.661181031169));
#2108 = CARTESIAN_POINT('',(157.37113887115,0.661272885623));
#2109 = CARTESIAN_POINT('',(157.81551729336,0.661349385704));
#2110 = CARTESIAN_POINT('',(158.26089946897,0.661414800954));
#2111 = CARTESIAN_POINT('',(158.70734634126,0.66146852351));
#2112 = CARTESIAN_POINT('',(159.15491582082,0.661511139957));
#2113 = CARTESIAN_POINT('',(159.60366558915,0.661543496595));
#2114 = CARTESIAN_POINT('',(160.05365201579,0.661566833303));
#2115 = CARTESIAN_POINT('',(160.50493264806,0.661581946797));
#2116 = CARTESIAN_POINT('',(160.95756591163,0.661589263437));
#2117 = CARTESIAN_POINT('',(161.41161095109,0.661588951371));
#2118 = CARTESIAN_POINT('',(161.86712383602,0.661582375285));
#2119 = CARTESIAN_POINT('',(162.32416168623,0.661570474814));
#2120 = CARTESIAN_POINT('',(162.7827822965,0.661553938756));
#2121 = CARTESIAN_POINT('',(163.24304478693,0.661532954904));
#2122 = CARTESIAN_POINT('',(163.70500698584,0.66150822865));
#2123 = CARTESIAN_POINT('',(164.16872508339,0.661481018243));
#2124 = CARTESIAN_POINT('',(164.63425657416,0.661452122087));
#2125 = CARTESIAN_POINT('',(165.10165952798,0.661422139484));
#2126 = CARTESIAN_POINT('',(165.57099312206,0.661391297093));
#2127 = CARTESIAN_POINT('',(166.04231410109,0.661360679258));
#2128 = CARTESIAN_POINT('',(166.5156791677,0.661331290228));
#2129 = CARTESIAN_POINT('',(166.9911477281,0.661303481607));
#2130 = CARTESIAN_POINT('',(167.46877281959,0.661278926529));
#2131 = CARTESIAN_POINT('',(167.94861331988,0.661261461475));
#2132 = CARTESIAN_POINT('',(168.43074898368,0.661249845227));
#2133 = CARTESIAN_POINT('',(168.9152555183,0.661243720331));
#2134 = CARTESIAN_POINT('',(169.40221142175,0.661241942395));
#2135 = CARTESIAN_POINT('',(169.89169393861,0.661243801094));
#2136 = CARTESIAN_POINT('',(170.38377797521,0.661249199481));
#2137 = CARTESIAN_POINT('',(170.87853998272,0.661257600417));
#2138 = CARTESIAN_POINT('',(171.37605703084,0.661268294957));
#2139 = CARTESIAN_POINT('',(171.87640768325,0.661280209842));
#2140 = CARTESIAN_POINT('',(172.37966789422,0.661292975422));
#2141 = CARTESIAN_POINT('',(172.88591311008,0.661306203163));
#2142 = CARTESIAN_POINT('',(173.39521993715,0.66131929481));
#2143 = CARTESIAN_POINT('',(173.90766559787,0.661331506885));
#2144 = CARTESIAN_POINT('',(174.42332845623,0.661341981801));
#2145 = CARTESIAN_POINT('',(174.94228411247,0.661350313188));
#2146 = CARTESIAN_POINT('',(175.46460829827,0.661355882896));
#2147 = CARTESIAN_POINT('',(175.990377575,0.661358055523));
#2148 = CARTESIAN_POINT('',(176.51966899711,0.661356152798));
#2149 = CARTESIAN_POINT('',(177.05256064479,0.661349497248));
#2150 = CARTESIAN_POINT('',(177.58912787556,0.661337495565));
#2151 = CARTESIAN_POINT('',(178.12944797219,0.661319380928));
#2152 = CARTESIAN_POINT('',(178.67359475297,0.66129469377));
#2153 = CARTESIAN_POINT('',(179.22167702647,0.661256392143));
#2154 = CARTESIAN_POINT('',(179.77379148972,0.661207698907));
#2155 = CARTESIAN_POINT('',(180.33003687608,0.661150225573));
#2156 = CARTESIAN_POINT('',(180.89051218721,0.66108608633));
#2157 = CARTESIAN_POINT('',(181.45531763564,0.661017462173));
#2158 = CARTESIAN_POINT('',(182.02455148285,0.660946657881));
#2159 = CARTESIAN_POINT('',(182.59831165221,0.660875203269));
#2160 = CARTESIAN_POINT('',(183.17669680612,0.660805085634));
#2161 = CARTESIAN_POINT('',(183.75980590393,0.660738491967));
#2162 = CARTESIAN_POINT('',(184.34773852127,0.660678216152));
#2163 = CARTESIAN_POINT('',(184.94059293032,0.660626496134));
#2164 = CARTESIAN_POINT('',(185.53846780457,0.660584635081));
#2165 = CARTESIAN_POINT('',(186.1414619625,0.66055470999));
#2166 = CARTESIAN_POINT('',(186.74967429652,0.660539494937));
#2167 = CARTESIAN_POINT('',(187.36320359459,0.660541778608));
#2168 = CARTESIAN_POINT('',(187.7758336675,0.660556077292));
#2169 = CARTESIAN_POINT('',(187.98306781089,0.660566751777));
#2170 = ( GEOMETRIC_REPRESENTATION_CONTEXT(2) 
PARAMETRIC_REPRESENTATION_CONTEXT() REPRESENTATION_CONTEXT('2D SPACE',''
  ) );
#2171 = PCURVE('',#1083,#2172);
#2172 = DEFINITIONAL_REPRESENTATION('',(#2173),#2287);
#2173 = B_SPLINE_CURVE_WITH_KNOTS('',3,(#2174,#2175,#2176,#2177,#2178,
    #2179,#2180,#2181,#2182,#2183,#2184,#2185,#2186,#2187,#2188,#2189,
    #2190,#2191,#2192,#2193,#2194,#2195,#2196,#2197,#2198,#2199,#2200,
    #2201,#2202,#2203,#2204,#2205,#2206,#2207,#2208,#2209,#2210,#2211,
    #2212,#2213,#2214,#2215,#2216,#2217,#2218,#2219,#2220,#2221,#2222,
    #2223,#2224,#2225,#2226,#2227,#2228,#2229,#2230,#2231,#2232,#2233,
    #2234,#2235,#2236,#2237,#2238,#2239,#2240,#2241,#2242,#2243,#2244,
    #2245,#2246,#2247,#2248,#2249,#2250,#2251,#2252,#2253,#2254,#2255,
    #2256,#2257,#2258,#2259,#2260,#2261,#2262,#2263,#2264,#2265,#2266,
    #2267,#2268,#2269,#2270,#2271,#2272,#2273,#2274,#2275,#2276,#2277,
    #2278,#2279,#2280,#2281,#2282,#2283,#2284,#2285,#2286),
  .UNSPECIFIED.,.F.,.F.,(4,1,1,1,1,1,1,1,1,1,1,1,1,1,1,1,1,1,1,1,1,1,1,1
    ,1,1,1,1,1,1,1,1,1,1,1,1,1,1,1,1,1,1,1,1,1,1,1,1,1,1,1,1,1,1,1,1,1,1
    ,1,1,1,1,1,1,1,1,1,1,1,1,1,1,1,1,1,1,1,1,1,1,1,1,1,1,1,1,1,1,1,1,1,1
    ,1,1,1,1,1,1,1,1,1,1,1,1,1,1,1,1,1,1,4),(-204.8748854629,
    -204.4407856348,-204.0066858068,-203.5725859787,-203.1384861506,
    -202.7043863226,-202.2702864945,-201.8361866664,-201.4020868383,
    -200.9679870103,-200.5338871822,-200.0997873541,-199.6656875261,
    -199.231587698,-198.7974878699,-198.3633880418,-197.9292882138,
    -197.4951883857,-197.0610885576,-196.6269887295,-196.1928889015,
    -195.7587890734,-195.3246892453,-194.8905894173,-194.4564895892,
    -194.0223897611,-193.588289933,-193.154190105,-192.7200902769,
    -192.2859904488,-191.8518906208,-191.4177907927,-190.9836909646,
    -190.5495911365,-190.1154913085,-189.6813914804,-189.2472916523,
    -188.8131918243,-188.3790919962,-187.9449921681,-187.51089234,
    -187.076792512,-186.6426926839,-186.2085928558,-185.7744930278,
    -185.3403931997,-184.9062933716,-184.4721935435,-184.0380937155,
    -183.6039938874,-183.1698940593,-182.7357942313,-182.3016944032,
    -181.8675945751,-181.433494747,-180.999394919,-180.5652950909,
    -180.1311952628,-179.6970954347,-179.2629956067,-178.8288957786,
    -178.3947959505,-177.9606961225,-177.5265962944,-177.0924964663,
    -176.6583966382,-176.2242968102,-175.7901969821,-175.356097154,
    -174.921997326,-174.4878974979,-174.0537976698,-173.6196978417,
    -173.1855980137,-172.7514981856,-172.3173983575,-171.8832985295,
    -171.4491987014,-171.0150988733,-170.5809990452,-170.1468992172,
    -169.7127993891,-169.278699561,-168.844599733,-168.4104999049,
    -167.9764000768,-167.5423002487,-167.1082004207,-166.6741005926,
    -166.2400007645,-165.8059009365,-165.3718011084,-164.9377012803,
    -164.5036014522,-164.0695016242,-163.6354017961,-163.201301968,
    -162.7672021399,-162.3331023119,-161.8990024838,-161.4649026557,
    -161.0308028277,-160.5967029996,-160.1626031715,-159.7285033434,
    -159.2944035154,-158.8603036873,-158.4262038592,-157.9921040312,
    -157.5580042031,-157.123904375),.QUASI_UNIFORM_KNOTS.);
#2174 = CARTESIAN_POINT('',(1.134264998252,132.05028556113));
#2175 = CARTESIAN_POINT('',(1.134263017475,132.1976415937));
#2176 = CARTESIAN_POINT('',(1.134258425101,132.49213123321));
#2177 = CARTESIAN_POINT('',(1.134249541124,132.93320494828));
#2178 = CARTESIAN_POINT('',(1.134238565276,133.37362437762));
#2179 = CARTESIAN_POINT('',(1.134225378356,133.81339623953));
#2180 = CARTESIAN_POINT('',(1.134209660963,134.25252656658));
#2181 = CARTESIAN_POINT('',(1.13418979892,134.69102145038));
#2182 = CARTESIAN_POINT('',(1.134167010513,135.12889385859));
#2183 = CARTESIAN_POINT('',(1.134141938046,135.56615552988));
#2184 = CARTESIAN_POINT('',(1.134115347779,136.0028186945));
#2185 = CARTESIAN_POINT('',(1.134087945824,136.43889562742));
#2186 = CARTESIAN_POINT('',(1.134060430537,136.87439873596));
#2187 = CARTESIAN_POINT('',(1.134033483028,137.30934067729));
#2188 = CARTESIAN_POINT('',(1.134007892727,137.74373341091));
#2189 = CARTESIAN_POINT('',(1.133984401178,138.17758878438));
#2190 = CARTESIAN_POINT('',(1.133963747478,138.61091884678));
#2191 = CARTESIAN_POINT('',(1.133946660216,139.04373577272));
#2192 = CARTESIAN_POINT('',(1.13393386562,139.47605188809));
#2193 = CARTESIAN_POINT('',(1.133926078401,139.90787966535));
#2194 = CARTESIAN_POINT('',(1.133924045698,140.33923173927));
#2195 = CARTESIAN_POINT('',(1.133928509674,140.77011988237));
#2196 = CARTESIAN_POINT('',(1.133940182968,141.20055600913));
#2197 = CARTESIAN_POINT('',(1.133959786923,141.63055217863));
#2198 = CARTESIAN_POINT('',(1.133988065235,142.0601206384));
#2199 = CARTESIAN_POINT('',(1.134025706098,142.48927367003));
#2200 = CARTESIAN_POINT('',(1.134073655094,142.91802418671));
#2201 = CARTESIAN_POINT('',(1.134131944338,143.34638331187));
#2202 = CARTESIAN_POINT('',(1.134203848485,143.77436598101));
#2203 = CARTESIAN_POINT('',(1.134275885425,144.20196426956));
#2204 = CARTESIAN_POINT('',(1.134346332282,144.62923438445));
#2205 = CARTESIAN_POINT('',(1.134414352233,145.05622889281));
#2206 = CARTESIAN_POINT('',(1.134479147757,145.48300237611));
#2207 = CARTESIAN_POINT('',(1.13454027516,145.90961007689));
#2208 = CARTESIAN_POINT('',(1.134596419437,146.33610436468));
#2209 = CARTESIAN_POINT('',(1.134646472071,146.76253836261));
#2210 = CARTESIAN_POINT('',(1.134689564897,147.18896596918));
#2211 = CARTESIAN_POINT('',(1.134725269541,147.61544250372));
#2212 = CARTESIAN_POINT('',(1.134752662195,148.04202161213));
#2213 = CARTESIAN_POINT('',(1.134770375809,148.46875568371));
#2214 = CARTESIAN_POINT('',(1.134777484304,148.89569843153));
#2215 = CARTESIAN_POINT('',(1.13477342089,149.32290465463));
#2216 = CARTESIAN_POINT('',(1.134757623982,149.7504290744));
#2217 = CARTESIAN_POINT('',(1.134728587271,150.17832376053));
#2218 = CARTESIAN_POINT('',(1.134685309364,150.60664223058));
#2219 = CARTESIAN_POINT('',(1.134627117844,151.03543890637));
#2220 = CARTESIAN_POINT('',(1.134553654889,151.46476908099));
#2221 = CARTESIAN_POINT('',(1.134463583493,151.89468516746));
#2222 = CARTESIAN_POINT('',(1.134355108501,152.32523929343));
#2223 = CARTESIAN_POINT('',(1.134230004427,152.75648975249));
#2224 = CARTESIAN_POINT('',(1.13407861385,153.18847672342));
#2225 = CARTESIAN_POINT('',(1.133935160353,153.62131000017));
#2226 = CARTESIAN_POINT('',(1.133816854664,154.05507503275));
#2227 = CARTESIAN_POINT('',(1.133717116948,154.48981926613));
#2228 = CARTESIAN_POINT('',(1.133636492184,154.92560217571));
#2229 = CARTESIAN_POINT('',(1.133573699111,155.36248023295));
#2230 = CARTESIAN_POINT('',(1.133527491173,155.80050972776));
#2231 = CARTESIAN_POINT('',(1.133496248665,156.23974570037));
#2232 = CARTESIAN_POINT('',(1.133478712284,156.68024432427));
#2233 = CARTESIAN_POINT('',(1.133473901193,157.12206262033));
#2234 = CARTESIAN_POINT('',(1.133481040032,157.56525830239));
#2235 = CARTESIAN_POINT('',(1.13349841746,158.00988611269));
#2236 = CARTESIAN_POINT('',(1.133524651076,158.4560018068));
#2237 = CARTESIAN_POINT('',(1.133558557264,158.90366179174));
#2238 = CARTESIAN_POINT('',(1.133599344932,159.35292375313));
#2239 = CARTESIAN_POINT('',(1.13364582317,159.80384412872));
#2240 = CARTESIAN_POINT('',(1.133696350411,160.25647777045));
#2241 = CARTESIAN_POINT('',(1.133749656179,160.710880791));
#2242 = CARTESIAN_POINT('',(1.133804632992,161.16710985851));
#2243 = CARTESIAN_POINT('',(1.133860470501,161.62522271013));
#2244 = CARTESIAN_POINT('',(1.133915694536,162.08527473335));
#2245 = CARTESIAN_POINT('',(1.133968787246,162.54732126152));
#2246 = CARTESIAN_POINT('',(1.134019149791,163.01142028544));
#2247 = CARTESIAN_POINT('',(1.134063708724,163.47762347924));
#2248 = CARTESIAN_POINT('',(1.134096450236,163.94598815257));
#2249 = CARTESIAN_POINT('',(1.134119710932,164.41659226487));
#2250 = CARTESIAN_POINT('',(1.134134055954,164.88950975077));
#2251 = CARTESIAN_POINT('',(1.134140962622,165.36481727608));
#2252 = CARTESIAN_POINT('',(1.134141500296,165.84259029369));
#2253 = CARTESIAN_POINT('',(1.134136231462,166.32290199524));
#2254 = CARTESIAN_POINT('',(1.13412608014,166.80582707215));
#2255 = CARTESIAN_POINT('',(1.134112114668,167.29144081928));
#2256 = CARTESIAN_POINT('',(1.13409572082,167.77981998559));
#2257 = CARTESIAN_POINT('',(1.134077689477,168.27103879668));
#2258 = CARTESIAN_POINT('',(1.134058776908,168.76517098146));
#2259 = CARTESIAN_POINT('',(1.134039949048,169.26229140467));
#2260 = CARTESIAN_POINT('',(1.134022299045,169.76247553486));
#2261 = CARTESIAN_POINT('',(1.134007076374,170.26579996529));
#2262 = CARTESIAN_POINT('',(1.133995055329,170.77233859956));
#2263 = CARTESIAN_POINT('',(1.13398712877,171.28216546323));
#2264 = CARTESIAN_POINT('',(1.133984269527,171.7953554065));
#2265 = CARTESIAN_POINT('',(1.133987514731,172.31198377118));
#2266 = CARTESIAN_POINT('',(1.133997984901,172.83212692002));
#2267 = CARTESIAN_POINT('',(1.13401653191,173.35585854431));
#2268 = CARTESIAN_POINT('',(1.134044205162,173.88325422668));
#2269 = CARTESIAN_POINT('',(1.134081804854,174.41438618395));
#2270 = CARTESIAN_POINT('',(1.134140368863,174.94936126681));
#2271 = CARTESIAN_POINT('',(1.134214470026,175.48827374859));
#2272 = CARTESIAN_POINT('',(1.1343014436,176.03122002667));
#2273 = CARTESIAN_POINT('',(1.134397947743,176.57829673703));
#2274 = CARTESIAN_POINT('',(1.134500875729,177.12960173507));
#2275 = CARTESIAN_POINT('',(1.134606830562,177.6852309442));
#2276 = CARTESIAN_POINT('',(1.134712749564,178.24527988579));
#2277 = CARTESIAN_POINT('',(1.134815445584,178.80984484394));
#2278 = CARTESIAN_POINT('',(1.134911682313,179.37902240704));
#2279 = CARTESIAN_POINT('',(1.134998025243,179.95290981724));
#2280 = CARTESIAN_POINT('',(1.135071164746,180.53160297029));
#2281 = CARTESIAN_POINT('',(1.135128262662,181.11519807354));
#2282 = CARTESIAN_POINT('',(1.13516615702,181.70379153051));
#2283 = CARTESIAN_POINT('',(1.13518139411,182.29747986242));
#2284 = CARTESIAN_POINT('',(1.135170515931,182.8963594756));
#2285 = CARTESIAN_POINT('',(1.135143896278,183.29913763981));
#2286 = CARTESIAN_POINT('',(1.135125230372,183.50142405535));
#2287 = ( GEOMETRIC_REPRESENTATION_CONTEXT(2) 
PARAMETRIC_REPRESENTATION_CONTEXT() REPRESENTATION_CONTEXT('2D SPACE',''
  ) );
#2288 = ORIENTED_EDGE('',*,*,#2289,.F.);
#2289 = EDGE_CURVE('',#2290,#1971,#2292,.T.);
#2290 = VERTEX_POINT('',#2291);
#2291 = CARTESIAN_POINT('',(-10.54086275144,-42.66760098187,
    16.122352599805));
#2292 = SURFACE_CURVE('',#2293,(#2298,#2304),.PCURVE_S1.);
#2293 = B_SPLINE_CURVE_WITH_KNOTS('',3,(#2294,#2295,#2296,#2297),
  .UNSPECIFIED.,.F.,.F.,(4,4),(-0.307588977348,-5.682564904647E-05),
  .PIECEWISE_BEZIER_KNOTS.);
#2294 = CARTESIAN_POINT('',(-10.54086275144,-42.66760098187,
    16.122352599805));
#2295 = CARTESIAN_POINT('',(-10.52764911294,-41.8162808635,
    16.694681269299));
#2296 = CARTESIAN_POINT('',(-10.51445419104,-40.9661666066,
    17.271419434438));
#2297 = CARTESIAN_POINT('',(-10.50132134966,-40.12005203515,
    17.850012093559));
#2298 = PCURVE('',#991,#2299);
#2299 = DEFINITIONAL_REPRESENTATION('',(#2300),#2303);
#2300 = B_SPLINE_CURVE_WITH_KNOTS('',1,(#2301,#2302),.UNSPECIFIED.,.F.,
  .F.,(2,2),(-0.307588977348,-5.682564904647E-05),
  .PIECEWISE_BEZIER_KNOTS.);
#2301 = CARTESIAN_POINT('',(189.07038455973,4.163038350074));
#2302 = CARTESIAN_POINT('',(187.98307209451,0.660565625577));
#2303 = ( GEOMETRIC_REPRESENTATION_CONTEXT(2) 
PARAMETRIC_REPRESENTATION_CONTEXT() REPRESENTATION_CONTEXT('2D SPACE',''
  ) );
#2304 = PCURVE('',#2305,#2310);
#2305 = PLANE('',#2306);
#2306 = AXIS2_PLACEMENT_3D('',#2307,#2308,#2309);
#2307 = CARTESIAN_POINT('',(-10.54086275144,-42.66760098187,15.));
#2308 = DIRECTION('',(0.999879565589,-1.5519481845E-02,
    1.224499309532E-16));
#2309 = DIRECTION('',(1.5519481845E-02,0.999879565589,1.900588376591E-18
    ));
#2310 = DEFINITIONAL_REPRESENTATION('',(#2311),#2316);
#2311 = B_SPLINE_CURVE_WITH_KNOTS('',3,(#2312,#2313,#2314,#2315),
  .UNSPECIFIED.,.F.,.F.,(4,4),(-0.307588977348,-5.682564904647E-05),
  .PIECEWISE_BEZIER_KNOTS.);
#2312 = CARTESIAN_POINT('',(0.,1.122352599805));
#2313 = CARTESIAN_POINT('',(0.851422658961,1.694681269299));
#2314 = CARTESIAN_POINT('',(1.7016393112,2.271419434438));
#2315 = CARTESIAN_POINT('',(2.547855796232,2.850012093559));
#2316 = ( GEOMETRIC_REPRESENTATION_CONTEXT(2) 
PARAMETRIC_REPRESENTATION_CONTEXT() REPRESENTATION_CONTEXT('2D SPACE',''
  ) );
#2317 = ORIENTED_EDGE('',*,*,#2318,.F.);
#2318 = EDGE_CURVE('',#2319,#2290,#2321,.T.);
#2319 = VERTEX_POINT('',#2320);
#2320 = CARTESIAN_POINT('',(-12.2716005877,-43.63134320678,15.));
#2321 = SURFACE_CURVE('',#2322,(#2327,#2356),.PCURVE_S1.);
#2322 = B_SPLINE_CURVE_WITH_KNOTS('',3,(#2323,#2324,#2325,#2326),
  .UNSPECIFIED.,.F.,.F.,(4,4),(-0.226215221921,-5.276301468433E-02),
  .PIECEWISE_BEZIER_KNOTS.);
#2323 = CARTESIAN_POINT('',(-12.2716005877,-43.63134320678,15.));
#2324 = CARTESIAN_POINT('',(-11.67325920998,-43.2981634273,
    15.387427243042));
#2325 = CARTESIAN_POINT('',(-11.0550307464,-42.95390974399,
    15.788595900409));
#2326 = CARTESIAN_POINT('',(-10.54086275144,-42.66760098187,
    16.122352599805));
#2327 = PCURVE('',#991,#2328);
#2328 = DEFINITIONAL_REPRESENTATION('',(#2329),#2355);
#2329 = B_SPLINE_CURVE_WITH_KNOTS('',3,(#2330,#2331,#2332,#2333,#2334,
    #2335,#2336,#2337,#2338,#2339,#2340,#2341,#2342,#2343,#2344,#2345,
    #2346,#2347,#2348,#2349,#2350,#2351,#2352,#2353,#2354),
  .UNSPECIFIED.,.F.,.F.,(4,1,1,1,1,1,1,1,1,1,1,1,1,1,1,1,1,1,1,1,1,1,4),
  (-0.226215221921,-0.218331030683,-0.210446839445,-0.202562648207,
    -0.194678456969,-0.186794265731,-0.178910074493,-0.171025883255,
    -0.163141692017,-0.155257500779,-0.147373309541,-0.139489118303,
    -0.131604927065,-0.123720735827,-0.115836544589,-0.107952353351,
    -0.100068162113,-9.218397087453E-02,-8.429977963649E-02,
    -7.641558839845E-02,-6.853139716041E-02,-6.064720592237E-02,
    -5.276301468433E-02),.QUASI_UNIFORM_KNOTS.);
#2330 = CARTESIAN_POINT('',(192.38681102147,5.111478797869));
#2331 = CARTESIAN_POINT('',(192.33389397275,5.096667028622));
#2332 = CARTESIAN_POINT('',(192.22797531606,5.066989933023));
#2333 = CARTESIAN_POINT('',(192.06898063925,5.022351642409));
#2334 = CARTESIAN_POINT('',(191.9100065696,4.977628701519));
#2335 = CARTESIAN_POINT('',(191.75118931083,4.932859202331));
#2336 = CARTESIAN_POINT('',(191.59266434626,4.888081301725));
#2337 = CARTESIAN_POINT('',(191.43456633821,4.843333231989));
#2338 = CARTESIAN_POINT('',(191.27702915689,4.798653300238));
#2339 = CARTESIAN_POINT('',(191.12018587693,4.754079890602));
#2340 = CARTESIAN_POINT('',(190.96416878474,4.709651465439));
#2341 = CARTESIAN_POINT('',(190.80910938527,4.665406566581));
#2342 = CARTESIAN_POINT('',(190.65513841103,4.621383816309));
#2343 = CARTESIAN_POINT('',(190.5023858328,4.577621918141));
#2344 = CARTESIAN_POINT('',(190.35098087208,4.534159657384));
#2345 = CARTESIAN_POINT('',(190.20105201517,4.491035901455));
#2346 = CARTESIAN_POINT('',(190.05272702915,4.448289599953));
#2347 = CARTESIAN_POINT('',(189.90613297928,4.405959784489));
#2348 = CARTESIAN_POINT('',(189.76139624869,4.36408556819));
#2349 = CARTESIAN_POINT('',(189.61864255803,4.322706145151));
#2350 = CARTESIAN_POINT('',(189.47799699297,4.281860788766));
#2351 = CARTESIAN_POINT('',(189.33958401033,4.241588852909));
#2352 = CARTESIAN_POINT('',(189.20352753222,4.201929761051));
#2353 = CARTESIAN_POINT('',(189.11447632353,4.175925279689));
#2354 = CARTESIAN_POINT('',(189.07038455973,4.163038350074));
#2355 = ( GEOMETRIC_REPRESENTATION_CONTEXT(2) 
PARAMETRIC_REPRESENTATION_CONTEXT() REPRESENTATION_CONTEXT('2D SPACE',''
  ) );
#2356 = PCURVE('',#2357,#2362);
#2357 = PLANE('',#2358);
#2358 = AXIS2_PLACEMENT_3D('',#2359,#2360,#2361);
#2359 = CARTESIAN_POINT('',(-15.08064159318,-45.19552662715,15.));
#2360 = DIRECTION('',(0.486499517263,-0.873680845448,5.957900766033E-17)
  );
#2361 = DIRECTION('',(0.873680845448,0.486499517263,1.069950450854E-16)
  );
#2362 = DEFINITIONAL_REPRESENTATION('',(#2363),#2368);
#2363 = B_SPLINE_CURVE_WITH_KNOTS('',3,(#2364,#2365,#2366,#2367),
  .UNSPECIFIED.,.F.,.F.,(4,4),(-0.226215221921,-5.276301468433E-02),
  .PIECEWISE_BEZIER_KNOTS.);
#2364 = CARTESIAN_POINT('',(3.215179799488,0.));
#2365 = CARTESIAN_POINT('',(3.900031002123,0.387427243042));
#2366 = CARTESIAN_POINT('',(4.607644619611,0.788595900409));
#2367 = CARTESIAN_POINT('',(5.196152422707,1.122352599805));
#2368 = ( GEOMETRIC_REPRESENTATION_CONTEXT(2) 
PARAMETRIC_REPRESENTATION_CONTEXT() REPRESENTATION_CONTEXT('2D SPACE',''
  ) );
#2369 = ORIENTED_EDGE('',*,*,#2370,.T.);
#2370 = EDGE_CURVE('',#2319,#2371,#2373,.T.);
#2371 = VERTEX_POINT('',#2372);
#2372 = CARTESIAN_POINT('',(6.027714498019,-50.,15.));
#2373 = SURFACE_CURVE('',#2374,(#2379,#2408),.PCURVE_S1.);
#2374 = B_SPLINE_CURVE_WITH_KNOTS('',3,(#2375,#2376,#2377,#2378),
  .UNSPECIFIED.,.F.,.F.,(4,4),(0.49128670372,1.641949160788),
  .PIECEWISE_BEZIER_KNOTS.);
#2375 = CARTESIAN_POINT('',(-12.27160058571,-43.63134320764,15.));
#2376 = CARTESIAN_POINT('',(-7.630128570226,-45.61892309255,15.));
#2377 = CARTESIAN_POINT('',(-1.574030263467,-47.89185776801,15.));
#2378 = CARTESIAN_POINT('',(6.027714498019,-50.,15.));
#2379 = PCURVE('',#991,#2380);
#2380 = DEFINITIONAL_REPRESENTATION('',(#2381),#2407);
#2381 = B_SPLINE_CURVE_WITH_KNOTS('',3,(#2382,#2383,#2384,#2385,#2386,
    #2387,#2388,#2389,#2390,#2391,#2392,#2393,#2394,#2395,#2396,#2397,
    #2398,#2399,#2400,#2401,#2402,#2403,#2404,#2405,#2406),
  .UNSPECIFIED.,.F.,.F.,(4,1,1,1,1,1,1,1,1,1,1,1,1,1,1,1,1,1,1,1,1,1,4),
  (0.49128670372,0.543589542678,0.595892381635,0.648195220593,
    0.700498059551,0.752800898508,0.805103737466,0.857406576424,
    0.909709415381,0.962012254339,1.014315093297,1.066617932254,
    1.118920771212,1.17122361017,1.223526449127,1.275829288085,
    1.328132127042,1.380434966,1.432737804958,1.485040643915,
    1.537343482873,1.589646321831,1.641949160788),
  .QUASI_UNIFORM_KNOTS.);
#2382 = CARTESIAN_POINT('',(192.38681101845,5.111478799519));
#2383 = CARTESIAN_POINT('',(192.06724617515,5.286051260209));
#2384 = CARTESIAN_POINT('',(191.41970419773,5.638214677476));
#2385 = CARTESIAN_POINT('',(190.42352354671,6.175133680765));
#2386 = CARTESIAN_POINT('',(189.40282653389,6.720346069625));
#2387 = CARTESIAN_POINT('',(188.35802700806,7.273467437662));
#2388 = CARTESIAN_POINT('',(187.28957888886,7.834112270534));
#2389 = CARTESIAN_POINT('',(186.19798056952,8.401894825528));
#2390 = CARTESIAN_POINT('',(185.08377142143,8.976430689751));
#2391 = CARTESIAN_POINT('',(183.94752972921,9.557338303878));
#2392 = CARTESIAN_POINT('',(182.78986959051,10.144240624688));
#2393 = CARTESIAN_POINT('',(181.61143749228,10.736766860016));
#2394 = CARTESIAN_POINT('',(180.41290843968,11.334554272782));
#2395 = CARTESIAN_POINT('',(179.19498175107,11.937250033823));
#2396 = CARTESIAN_POINT('',(177.95837657977,12.544513108659));
#2397 = CARTESIAN_POINT('',(176.70382724423,13.156016164735));
#2398 = CARTESIAN_POINT('',(175.43207844849,13.771447485732));
#2399 = CARTESIAN_POINT('',(174.14388046734,14.390512893738));
#2400 = CARTESIAN_POINT('',(172.83998439745,15.012937643007));
#2401 = CARTESIAN_POINT('',(171.52113745763,15.638468406003));
#2402 = CARTESIAN_POINT('',(170.18807873359,16.266874906703));
#2403 = CARTESIAN_POINT('',(168.8415341862,16.897952888356));
#2404 = CARTESIAN_POINT('',(167.48221558074,17.53152216651));
#2405 = CARTESIAN_POINT('',(166.5679426299,17.955469494137));
#2406 = CARTESIAN_POINT('',(166.10890624905,18.167809912903));
#2407 = ( GEOMETRIC_REPRESENTATION_CONTEXT(2) 
PARAMETRIC_REPRESENTATION_CONTEXT() REPRESENTATION_CONTEXT('2D SPACE',''
  ) );
#2408 = PCURVE('',#913,#2409);
#2409 = DEFINITIONAL_REPRESENTATION('',(#2410),#2415);
#2410 = B_SPLINE_CURVE_WITH_KNOTS('',3,(#2411,#2412,#2413,#2414),
  .UNSPECIFIED.,.F.,.F.,(4,4),(0.49128670372,1.641949160788),
  .PIECEWISE_BEZIER_KNOTS.);
#2411 = CARTESIAN_POINT('',(12.271600585711,-43.63134320764));
#2412 = CARTESIAN_POINT('',(7.630128570226,-45.61892309255));
#2413 = CARTESIAN_POINT('',(1.574030263467,-47.89185776801));
#2414 = CARTESIAN_POINT('',(-6.027714498019,-50.));
#2415 = ( GEOMETRIC_REPRESENTATION_CONTEXT(2) 
PARAMETRIC_REPRESENTATION_CONTEXT() REPRESENTATION_CONTEXT('2D SPACE',''
  ) );
#2416 = ORIENTED_EDGE('',*,*,#2417,.T.);
#2417 = EDGE_CURVE('',#2371,#2418,#2420,.T.);
#2418 = VERTEX_POINT('',#2419);
#2419 = CARTESIAN_POINT('',(100.42217269642,-50.,15.));
#2420 = SURFACE_CURVE('',#2421,(#2430,#2459),.PCURVE_S1.);
#2421 = B_SPLINE_CURVE_WITH_KNOTS('',3,(#2422,#2423,#2424,#2425,#2426,
    #2427,#2428,#2429),.UNSPECIFIED.,.F.,.F.,(4,2,2,4),(0.26795452112,
    4.90593696236,8.684290128655,11.773896894754),.UNSPECIFIED.);
#2422 = CARTESIAN_POINT('',(6.027714498019,-50.,15.));
#2423 = CARTESIAN_POINT('',(21.253465350204,-50.,17.800608953357));
#2424 = CARTESIAN_POINT('',(36.838174761498,-50.00000000003,
    19.063000704714));
#2425 = CARTESIAN_POINT('',(58.042855845561,-50.00000000003,
    19.77932788461));
#2426 = CARTESIAN_POINT('',(67.693412692211,-50.,19.627044649167));
#2427 = CARTESIAN_POINT('',(85.008706219626,-50.,18.042464323718));
#2428 = CARTESIAN_POINT('',(92.816264879786,-50.,16.841842345683));
#2429 = CARTESIAN_POINT('',(100.42217269642,-50.,15.));
#2430 = PCURVE('',#991,#2431);
#2431 = DEFINITIONAL_REPRESENTATION('',(#2432),#2458);
#2432 = B_SPLINE_CURVE_WITH_KNOTS('',3,(#2433,#2434,#2435,#2436,#2437,
    #2438,#2439,#2440,#2441,#2442,#2443,#2444,#2445,#2446,#2447,#2448,
    #2449,#2450,#2451,#2452,#2453,#2454,#2455,#2456,#2457),
  .UNSPECIFIED.,.F.,.F.,(4,1,1,1,1,1,1,1,1,1,1,1,1,1,1,1,1,1,1,1,1,1,4),
  (0.26795452112,0.790951901739,1.313949282359,1.836946662979,
    2.359944043599,2.882941424218,3.405938804838,3.928936185458,
    4.451933566078,4.974930946697,5.497928327317,6.020925707937,
    6.543923088557,7.066920469176,7.589917849796,8.112915230416,
    8.635912611036,9.158909991655,9.681907372275,10.204904752895,
    10.727902133515,11.250899514134,11.773896894754),
  .QUASI_UNIFORM_KNOTS.);
#2433 = CARTESIAN_POINT('',(166.10890624905,18.167809912903));
#2434 = CARTESIAN_POINT('',(163.70263288891,18.502170796899));
#2435 = CARTESIAN_POINT('',(159.0650627978,19.156715864312));
#2436 = CARTESIAN_POINT('',(152.59059755615,20.118167045105));
#2437 = CARTESIAN_POINT('',(146.55227029155,21.084026949738));
#2438 = CARTESIAN_POINT('',(140.9138208252,22.069930602718));
#2439 = CARTESIAN_POINT('',(135.65534761826,23.08339234995));
#2440 = CARTESIAN_POINT('',(130.76381905628,24.126683077035));
#2441 = CARTESIAN_POINT('',(126.23889732514,25.195319146867));
#2442 = CARTESIAN_POINT('',(122.06296174034,26.287158123794));
#2443 = CARTESIAN_POINT('',(118.304144181,27.371186338668));
#2444 = CARTESIAN_POINT('',(114.71109974657,28.510684974505));
#2445 = CARTESIAN_POINT('',(111.17629160822,29.747782641048));
#2446 = CARTESIAN_POINT('',(107.72850640985,31.083070087475));
#2447 = CARTESIAN_POINT('',(104.36201739378,32.528526958299));
#2448 = CARTESIAN_POINT('',(101.07020742186,34.093899897028));
#2449 = CARTESIAN_POINT('',(97.843268400247,35.791186451926));
#2450 = CARTESIAN_POINT('',(94.676401975021,37.632069974982));
#2451 = CARTESIAN_POINT('',(91.557857198356,39.633928113745));
#2452 = CARTESIAN_POINT('',(88.474056161802,41.818917635075));
#2453 = CARTESIAN_POINT('',(85.426389577547,44.202287758503));
#2454 = CARTESIAN_POINT('',(82.412965681481,46.802548156016));
#2455 = CARTESIAN_POINT('',(79.433265674866,49.638502962115));
#2456 = CARTESIAN_POINT('',(77.469025913081,51.699111280969));
#2457 = CARTESIAN_POINT('',(76.49239239701,52.775097066401));
#2458 = ( GEOMETRIC_REPRESENTATION_CONTEXT(2) 
PARAMETRIC_REPRESENTATION_CONTEXT() REPRESENTATION_CONTEXT('2D SPACE',''
  ) );
#2459 = PCURVE('',#126,#2460);
#2460 = DEFINITIONAL_REPRESENTATION('',(#2461),#2470);
#2461 = B_SPLINE_CURVE_WITH_KNOTS('',3,(#2462,#2463,#2464,#2465,#2466,
    #2467,#2468,#2469),.UNSPECIFIED.,.F.,.F.,(4,2,2,4),(0.26795452112,
    4.90593696236,8.684290128655,11.773896894754),.UNSPECIFIED.);
#2462 = CARTESIAN_POINT('',(118.97228550198,25.));
#2463 = CARTESIAN_POINT('',(103.74653464979,22.199391046643));
#2464 = CARTESIAN_POINT('',(88.161825238502,20.936999295286));
#2465 = CARTESIAN_POINT('',(66.957144154439,20.22067211539));
#2466 = CARTESIAN_POINT('',(57.306587307789,20.372955350833));
#2467 = CARTESIAN_POINT('',(39.991293780374,21.957535676282));
#2468 = CARTESIAN_POINT('',(32.183735120214,23.158157654317));
#2469 = CARTESIAN_POINT('',(24.577827303572,25.));
#2470 = ( GEOMETRIC_REPRESENTATION_CONTEXT(2) 
PARAMETRIC_REPRESENTATION_CONTEXT() REPRESENTATION_CONTEXT('2D SPACE',''
  ) );
#2471 = ORIENTED_EDGE('',*,*,#2472,.T.);
#2472 = EDGE_CURVE('',#2418,#1319,#2473,.T.);
#2473 = SURFACE_CURVE('',#2474,(#2479,#2508),.PCURVE_S1.);
#2474 = B_SPLINE_CURVE_WITH_KNOTS('',3,(#2475,#2476,#2477,#2478),
  .UNSPECIFIED.,.F.,.F.,(4,4),(0.251769012836,2.624764052237),
  .PIECEWISE_BEZIER_KNOTS.);
#2475 = CARTESIAN_POINT('',(100.42217269642,-50.,15.));
#2476 = CARTESIAN_POINT('',(108.21305689001,-48.40541218505,15.));
#2477 = CARTESIAN_POINT('',(116.14012845175,-46.59236543895,15.));
#2478 = CARTESIAN_POINT('',(123.79782876697,-44.75375735465,15.));
#2479 = PCURVE('',#991,#2480);
#2480 = DEFINITIONAL_REPRESENTATION('',(#2481),#2507);
#2481 = B_SPLINE_CURVE_WITH_KNOTS('',3,(#2482,#2483,#2484,#2485,#2486,
    #2487,#2488,#2489,#2490,#2491,#2492,#2493,#2494,#2495,#2496,#2497,
    #2498,#2499,#2500,#2501,#2502,#2503,#2504,#2505,#2506),
  .UNSPECIFIED.,.F.,.F.,(4,1,1,1,1,1,1,1,1,1,1,1,1,1,1,1,1,1,1,1,1,1,4),
  (0.251769012836,0.359632423718,0.467495834599,0.575359245481,
    0.683222656363,0.791086067245,0.898949478127,1.006812889009,
    1.114676299891,1.222539710773,1.330403121655,1.438266532537,
    1.546129943418,1.6539933543,1.761856765182,1.869720176064,
    1.977583586946,2.085446997828,2.19331040871,2.301173819592,
    2.409037230474,2.516900641356,2.624764052237),
  .QUASI_UNIFORM_KNOTS.);
#2482 = CARTESIAN_POINT('',(76.49239239701,52.775097066401));
#2483 = CARTESIAN_POINT('',(76.224698348306,52.833766240307));
#2484 = CARTESIAN_POINT('',(75.688765416174,52.95003177943));
#2485 = CARTESIAN_POINT('',(74.883230177539,53.121182031386));
#2486 = CARTESIAN_POINT('',(74.076058965912,53.289055224181));
#2487 = CARTESIAN_POINT('',(73.267247435756,53.45362015659));
#2488 = CARTESIAN_POINT('',(72.456788453541,53.614844177813));
#2489 = CARTESIAN_POINT('',(71.644671678807,53.772692970791));
#2490 = CARTESIAN_POINT('',(70.830883628117,53.927130585787));
#2491 = CARTESIAN_POINT('',(70.015407597864,54.078119397492));
#2492 = CARTESIAN_POINT('',(69.198223612468,54.225620072249));
#2493 = CARTESIAN_POINT('',(68.379308352597,54.369591521248));
#2494 = CARTESIAN_POINT('',(67.558635074686,54.509990845141));
#2495 = CARTESIAN_POINT('',(66.736173517746,54.646773267578));
#2496 = CARTESIAN_POINT('',(65.911889797427,54.779892057263));
#2497 = CARTESIAN_POINT('',(65.085746285984,54.909298437435));
#2498 = CARTESIAN_POINT('',(64.257701477454,55.034941482126));
#2499 = CARTESIAN_POINT('',(63.427709835121,55.156767997217));
#2500 = CARTESIAN_POINT('',(62.595721625734,55.274722388949));
#2501 = CARTESIAN_POINT('',(61.761682716689,55.388746504937));
#2502 = CARTESIAN_POINT('',(60.925534416717,55.498779498291));
#2503 = CARTESIAN_POINT('',(60.087213050406,55.604757520365));
#2504 = CARTESIAN_POINT('',(59.246650411814,55.706613962047));
#2505 = CARTESIAN_POINT('',(58.684730678134,55.771723020982));
#2506 = CARTESIAN_POINT('',(58.403372392399,55.80356708484));
#2507 = ( GEOMETRIC_REPRESENTATION_CONTEXT(2) 
PARAMETRIC_REPRESENTATION_CONTEXT() REPRESENTATION_CONTEXT('2D SPACE',''
  ) );
#2508 = PCURVE('',#1335,#2509);
#2509 = DEFINITIONAL_REPRESENTATION('',(#2510),#2515);
#2510 = B_SPLINE_CURVE_WITH_KNOTS('',3,(#2511,#2512,#2513,#2514),
  .UNSPECIFIED.,.F.,.F.,(4,4),(0.251769012836,2.624764052237),
  .PIECEWISE_BEZIER_KNOTS.);
#2511 = CARTESIAN_POINT('',(-100.4221726964,-50.));
#2512 = CARTESIAN_POINT('',(-108.21305689,-48.40541218505));
#2513 = CARTESIAN_POINT('',(-116.1401284517,-46.59236543895));
#2514 = CARTESIAN_POINT('',(-123.7978287669,-44.75375735465));
#2515 = ( GEOMETRIC_REPRESENTATION_CONTEXT(2) 
PARAMETRIC_REPRESENTATION_CONTEXT() REPRESENTATION_CONTEXT('2D SPACE',''
  ) );
#2516 = ORIENTED_EDGE('',*,*,#1351,.T.);
#2517 = FACE_BOUND('',#2518,.F.);
#2518 = EDGE_LOOP('',(#2519,#2573,#2625,#2677,#2729,#2781));
#2519 = ORIENTED_EDGE('',*,*,#2520,.F.);
#2520 = EDGE_CURVE('',#2521,#2523,#2525,.T.);
#2521 = VERTEX_POINT('',#2522);
#2522 = CARTESIAN_POINT('',(119.53977884174,-37.47207435472,
    26.266171067335));
#2523 = VERTEX_POINT('',#2524);
#2524 = CARTESIAN_POINT('',(115.08064159318,-34.80447337284,
    30.636626503148));
#2525 = SURFACE_CURVE('',#2526,(#2531,#2560),.PCURVE_S1.);
#2526 = B_SPLINE_CURVE_WITH_KNOTS('',3,(#2527,#2528,#2529,#2530),
  .UNSPECIFIED.,.F.,.F.,(4,4),(-0.740019867254,-6.416086927683E-02),
  .PIECEWISE_BEZIER_KNOTS.);
#2527 = CARTESIAN_POINT('',(119.53977884174,-37.47207435472,
    26.266171067335));
#2528 = CARTESIAN_POINT('',(118.08207029687,-36.60002567606,
    27.752487967114));
#2529 = CARTESIAN_POINT('',(116.58638906792,-35.70526050232,
    29.217181135195));
#2530 = CARTESIAN_POINT('',(115.08064159318,-34.80447337284,
    30.636626503148));
#2531 = PCURVE('',#991,#2532);
#2532 = DEFINITIONAL_REPRESENTATION('',(#2533),#2559);
#2533 = B_SPLINE_CURVE_WITH_KNOTS('',3,(#2534,#2535,#2536,#2537,#2538,
    #2539,#2540,#2541,#2542,#2543,#2544,#2545,#2546,#2547,#2548,#2549,
    #2550,#2551,#2552,#2553,#2554,#2555,#2556,#2557,#2558),
  .UNSPECIFIED.,.F.,.F.,(4,1,1,1,1,1,1,1,1,1,1,1,1,1,1,1,1,1,1,1,1,1,4),
  (-0.740019867254,-0.70929900371,-0.678578140165,-0.647857276621,
    -0.617136413076,-0.586415549532,-0.555694685988,-0.524973822443,
    -0.494252958899,-0.463532095354,-0.43281123181,-0.402090368265,
    -0.371369504721,-0.340648641177,-0.309927777632,-0.279206914088,
    -0.248486050543,-0.217765186999,-0.187044323454,-0.15632345991,
    -0.125602596366,-9.488173282124E-02,-6.416086927683E-02),
  .UNSPECIFIED.);
#2534 = CARTESIAN_POINT('',(61.497976867102,23.89269801314));
#2535 = CARTESIAN_POINT('',(61.550237240935,23.712003576163));
#2536 = CARTESIAN_POINT('',(61.654901569799,23.351448474414));
#2537 = CARTESIAN_POINT('',(61.812316821022,22.813150535269));
#2538 = CARTESIAN_POINT('',(61.970138853131,22.277421224757));
#2539 = CARTESIAN_POINT('',(62.128355658916,21.744292644029));
#2540 = CARTESIAN_POINT('',(62.286955211679,21.213795733892));
#2541 = CARTESIAN_POINT('',(62.445925462625,20.685960129531));
#2542 = CARTESIAN_POINT('',(62.605254341764,20.160814230371));
#2543 = CARTESIAN_POINT('',(62.764929757835,19.63838521324));
#2544 = CARTESIAN_POINT('',(62.924939598453,19.118699061587));
#2545 = CARTESIAN_POINT('',(63.085271730158,18.601780591161));
#2546 = CARTESIAN_POINT('',(63.245913998458,18.087653477311));
#2547 = CARTESIAN_POINT('',(63.406854227835,17.576340282435));
#2548 = CARTESIAN_POINT('',(63.568080221735,17.067862483889));
#2549 = CARTESIAN_POINT('',(63.729579762536,16.562240502181));
#2550 = CARTESIAN_POINT('',(63.891340611488,16.059493729466));
#2551 = CARTESIAN_POINT('',(64.053350508639,15.559640558056));
#2552 = CARTESIAN_POINT('',(64.215597172765,15.062698409733));
#2553 = CARTESIAN_POINT('',(64.378068301205,14.568683762664));
#2554 = CARTESIAN_POINT('',(64.540751569954,14.077612187615));
#2555 = CARTESIAN_POINT('',(64.703634632789,13.589498349519));
#2556 = CARTESIAN_POINT('',(64.866705123926,13.10435613827));
#2557 = CARTESIAN_POINT('',(64.975535472958,12.782917590665));
#2558 = CARTESIAN_POINT('',(65.029977754994,12.622697895998));
#2559 = ( GEOMETRIC_REPRESENTATION_CONTEXT(2) 
PARAMETRIC_REPRESENTATION_CONTEXT() REPRESENTATION_CONTEXT('2D SPACE',''
  ) );
#2560 = PCURVE('',#2561,#2566);
#2561 = PLANE('',#2562);
#2562 = AXIS2_PLACEMENT_3D('',#2563,#2564,#2565);
#2563 = CARTESIAN_POINT('',(119.53977884174,-37.47207435472,15.));
#2564 = DIRECTION('',(0.513380048326,0.858161363603,6.287092329286E-17)
  );
#2565 = DIRECTION('',(-0.858161363603,0.513380048326,-1.050944567088E-16
    ));
#2566 = DEFINITIONAL_REPRESENTATION('',(#2567),#2572);
#2567 = B_SPLINE_CURVE_WITH_KNOTS('',3,(#2568,#2569,#2570,#2571),
  .UNSPECIFIED.,.F.,.F.,(4,4),(-0.740019867254,-6.416086927683E-02),
  .PIECEWISE_BEZIER_KNOTS.);
#2568 = CARTESIAN_POINT('',(0.,11.266171067335));
#2569 = CARTESIAN_POINT('',(1.698641545396,12.752487967114));
#2570 = CARTESIAN_POINT('',(3.441531976485,14.217181135195));
#2571 = CARTESIAN_POINT('',(5.196152422707,15.636626503148));
#2572 = ( GEOMETRIC_REPRESENTATION_CONTEXT(2) 
PARAMETRIC_REPRESENTATION_CONTEXT() REPRESENTATION_CONTEXT('2D SPACE',''
  ) );
#2573 = ORIENTED_EDGE('',*,*,#2574,.F.);
#2574 = EDGE_CURVE('',#2575,#2521,#2577,.T.);
#2575 = VERTEX_POINT('',#2576);
#2576 = CARTESIAN_POINT('',(119.45913724855,-42.66760098187,
    19.339212601719));
#2577 = SURFACE_CURVE('',#2578,(#2583,#2612),.PCURVE_S1.);
#2578 = B_SPLINE_CURVE_WITH_KNOTS('',3,(#2579,#2580,#2581,#2582),
  .UNSPECIFIED.,.F.,.F.,(4,4),(-0.881467496131,-8.158635035839E-02),
  .PIECEWISE_BEZIER_KNOTS.);
#2579 = CARTESIAN_POINT('',(119.45913724855,-42.66760098187,
    19.339212601719));
#2580 = CARTESIAN_POINT('',(119.48568072865,-40.95747408369,
    21.66423115259));
#2581 = CARTESIAN_POINT('',(119.51411999188,-39.12520684423,
    24.089360330524));
#2582 = CARTESIAN_POINT('',(119.53977884174,-37.47207435472,
    26.266171067335));
#2583 = PCURVE('',#991,#2584);
#2584 = DEFINITIONAL_REPRESENTATION('',(#2585),#2611);
#2585 = B_SPLINE_CURVE_WITH_KNOTS('',3,(#2586,#2587,#2588,#2589,#2590,
    #2591,#2592,#2593,#2594,#2595,#2596,#2597,#2598,#2599,#2600,#2601,
    #2602,#2603,#2604,#2605,#2606,#2607,#2608,#2609,#2610),
  .UNSPECIFIED.,.F.,.F.,(4,1,1,1,1,1,1,1,1,1,1,1,1,1,1,1,1,1,1,1,1,1,4),
  (-0.881467496131,-0.845109262232,-0.808751028334,-0.772392794435,
    -0.736034560536,-0.699676326637,-0.663318092739,-0.62695985884,
    -0.590601624941,-0.554243391042,-0.517885157144,-0.481526923245,
    -0.445168689346,-0.408810455447,-0.372452221548,-0.33609398765,
    -0.299735753751,-0.263377519852,-0.227019285953,-0.190661052055,
    -0.154302818156,-0.117944584257,-8.158635035839E-02),
  .QUASI_UNIFORM_KNOTS.);
#2586 = CARTESIAN_POINT('',(61.754285808817,43.007295882123));
#2587 = CARTESIAN_POINT('',(61.750467522544,42.708024956159));
#2588 = CARTESIAN_POINT('',(61.742805853249,42.10874844724));
#2589 = CARTESIAN_POINT('',(61.731246244752,41.208323916266));
#2590 = CARTESIAN_POINT('',(61.719627786875,40.307086297901));
#2591 = CARTESIAN_POINT('',(61.707958491603,39.405723603453));
#2592 = CARTESIAN_POINT('',(61.696246244768,38.504917250458));
#2593 = CARTESIAN_POINT('',(61.684498807206,37.605340647061));
#2594 = CARTESIAN_POINT('',(61.672723845982,36.707658768767));
#2595 = CARTESIAN_POINT('',(61.660928956366,35.812527530817));
#2596 = CARTESIAN_POINT('',(61.649121684935,34.920593280589));
#2597 = CARTESIAN_POINT('',(61.637309550848,34.032492326117));
#2598 = CARTESIAN_POINT('',(61.625500065981,33.148850525468));
#2599 = CARTESIAN_POINT('',(61.613700753629,32.270282931872));
#2600 = CARTESIAN_POINT('',(61.601919165793,31.39739349691));
#2601 = CARTESIAN_POINT('',(61.590162898995,30.530774831134));
#2602 = CARTESIAN_POINT('',(61.57843960861,29.671008022705));
#2603 = CARTESIAN_POINT('',(61.566757021746,28.818662510059));
#2604 = CARTESIAN_POINT('',(61.555122948555,27.974296019119));
#2605 = CARTESIAN_POINT('',(61.543545292499,27.138454519892));
#2606 = CARTESIAN_POINT('',(61.532032057797,26.311672363469));
#2607 = CARTESIAN_POINT('',(61.520591360809,25.494471989747));
#2608 = CARTESIAN_POINT('',(61.509231420468,24.687365471353));
#2609 = CARTESIAN_POINT('',(61.501717554047,24.156354775868));
#2610 = CARTESIAN_POINT('',(61.497976867102,23.89269801314));
#2611 = ( GEOMETRIC_REPRESENTATION_CONTEXT(2) 
PARAMETRIC_REPRESENTATION_CONTEXT() REPRESENTATION_CONTEXT('2D SPACE',''
  ) );
#2612 = PCURVE('',#2613,#2618);
#2613 = PLANE('',#2614);
#2614 = AXIS2_PLACEMENT_3D('',#2615,#2616,#2617);
#2615 = CARTESIAN_POINT('',(119.45913724855,-42.66760098187,15.));
#2616 = DIRECTION('',(0.999879565589,-1.5519481845E-02,
    1.224499309532E-16));
#2617 = DIRECTION('',(1.5519481845E-02,0.999879565589,1.900588376591E-18
    ));
#2618 = DEFINITIONAL_REPRESENTATION('',(#2619),#2624);
#2619 = B_SPLINE_CURVE_WITH_KNOTS('',3,(#2620,#2621,#2622,#2623),
  .UNSPECIFIED.,.F.,.F.,(4,4),(-0.881467496131,-8.158635035839E-02),
  .PIECEWISE_BEZIER_KNOTS.);
#2620 = CARTESIAN_POINT('',(0.,4.339212601719));
#2621 = CARTESIAN_POINT('',(1.710332881116,6.66423115259));
#2622 = CARTESIAN_POINT('',(3.542820815182,9.089360330524));
#2623 = CARTESIAN_POINT('',(5.196152422707,11.266171067335));
#2624 = ( GEOMETRIC_REPRESENTATION_CONTEXT(2) 
PARAMETRIC_REPRESENTATION_CONTEXT() REPRESENTATION_CONTEXT('2D SPACE',''
  ) );
#2625 = ORIENTED_EDGE('',*,*,#2626,.F.);
#2626 = EDGE_CURVE('',#2627,#2575,#2629,.T.);
#2627 = VERTEX_POINT('',#2628);
#2628 = CARTESIAN_POINT('',(114.91935840681,-45.19552662715,
    17.223295621783));
#2629 = SURFACE_CURVE('',#2630,(#2635,#2664),.PCURVE_S1.);
#2630 = B_SPLINE_CURVE_WITH_KNOTS('',3,(#2631,#2632,#2633,#2634),
  .UNSPECIFIED.,.F.,.F.,(4,4),(-0.621206155223,-5.421635320627E-02),
  .PIECEWISE_BEZIER_KNOTS.);
#2631 = CARTESIAN_POINT('',(114.91935840681,-45.19552662715,
    17.223295621783));
#2632 = CARTESIAN_POINT('',(116.4403152272,-44.34859864108,
    17.919538042144));
#2633 = CARTESIAN_POINT('',(117.93859096722,-43.5143003638,
    18.619143999146));
#2634 = CARTESIAN_POINT('',(119.45913724855,-42.66760098187,
    19.339212601719));
#2635 = PCURVE('',#991,#2636);
#2636 = DEFINITIONAL_REPRESENTATION('',(#2637),#2663);
#2637 = B_SPLINE_CURVE_WITH_KNOTS('',3,(#2638,#2639,#2640,#2641,#2642,
    #2643,#2644,#2645,#2646,#2647,#2648,#2649,#2650,#2651,#2652,#2653,
    #2654,#2655,#2656,#2657,#2658,#2659,#2660,#2661,#2662),
  .UNSPECIFIED.,.F.,.F.,(4,1,1,1,1,1,1,1,1,1,1,1,1,1,1,1,1,1,1,1,1,1,4),
  (-0.621206155223,-0.595433891495,-0.569661627767,-0.543889364039,
    -0.518117100311,-0.492344836583,-0.466572572855,-0.440800309127,
    -0.415028045399,-0.389255781671,-0.363483517943,-0.337711254215,
    -0.311938990487,-0.286166726759,-0.260394463031,-0.234622199303,
    -0.208849935575,-0.183077671847,-0.157305408118,-0.13153314439,
    -0.105760880662,-7.998861693432E-02,-5.421635320627E-02),
  .UNSPECIFIED.);
#2638 = CARTESIAN_POINT('',(65.388202652506,48.57603054142));
#2639 = CARTESIAN_POINT('',(65.33367237626,48.494216887626));
#2640 = CARTESIAN_POINT('',(65.224617914304,48.330421900241));
#2641 = CARTESIAN_POINT('',(65.061032765434,48.084200752003));
#2642 = CARTESIAN_POINT('',(64.897422472124,47.837425406152));
#2643 = CARTESIAN_POINT('',(64.733765209251,47.590069991642));
#2644 = CARTESIAN_POINT('',(64.570039059115,47.342108412723));
#2645 = CARTESIAN_POINT('',(64.406221996562,47.093514316268));
#2646 = CARTESIAN_POINT('',(64.242291889846,46.844261098721));
#2647 = CARTESIAN_POINT('',(64.078226497226,46.594321902249));
#2648 = CARTESIAN_POINT('',(63.914003464646,46.343669613583));
#2649 = CARTESIAN_POINT('',(63.74960032307,46.092276861939));
#2650 = CARTESIAN_POINT('',(63.584994485853,45.840116016976));
#2651 = CARTESIAN_POINT('',(63.42016324603,45.587159186522));
#2652 = CARTESIAN_POINT('',(63.255083773572,45.333378214135));
#2653 = CARTESIAN_POINT('',(63.089733112576,45.078744676464));
#2654 = CARTESIAN_POINT('',(62.924088178407,44.823229880433));
#2655 = CARTESIAN_POINT('',(62.75812575475,44.566804860149));
#2656 = CARTESIAN_POINT('',(62.591822490729,44.309440373844));
#2657 = CARTESIAN_POINT('',(62.425154897484,44.051106899661));
#2658 = CARTESIAN_POINT('',(62.258099346455,43.791774634672));
#2659 = CARTESIAN_POINT('',(62.090632060998,43.531413480731));
#2660 = CARTESIAN_POINT('',(61.92272913255,43.269993078234));
#2661 = CARTESIAN_POINT('',(61.810487340748,43.094986132676));
#2662 = CARTESIAN_POINT('',(61.754285808817,43.007295882123));
#2663 = ( GEOMETRIC_REPRESENTATION_CONTEXT(2) 
PARAMETRIC_REPRESENTATION_CONTEXT() REPRESENTATION_CONTEXT('2D SPACE',''
  ) );
#2664 = PCURVE('',#2665,#2670);
#2665 = PLANE('',#2666);
#2666 = AXIS2_PLACEMENT_3D('',#2667,#2668,#2669);
#2667 = CARTESIAN_POINT('',(114.91935840681,-45.19552662715,15.));
#2668 = DIRECTION('',(0.486499517263,-0.873680845448,5.957900766033E-17)
  );
#2669 = DIRECTION('',(0.873680845448,0.486499517263,1.069950450854E-16)
  );
#2670 = DEFINITIONAL_REPRESENTATION('',(#2671),#2676);
#2671 = B_SPLINE_CURVE_WITH_KNOTS('',3,(#2672,#2673,#2674,#2675),
  .UNSPECIFIED.,.F.,.F.,(4,4),(-0.621206155223,-5.421635320627E-02),
  .PIECEWISE_BEZIER_KNOTS.);
#2672 = CARTESIAN_POINT('',(0.,2.223295621783));
#2673 = CARTESIAN_POINT('',(1.740860897107,2.919538042144));
#2674 = CARTESIAN_POINT('',(3.455761421516,3.619143999146));
#2675 = CARTESIAN_POINT('',(5.196152422707,4.339212601719));
#2676 = ( GEOMETRIC_REPRESENTATION_CONTEXT(2) 
PARAMETRIC_REPRESENTATION_CONTEXT() REPRESENTATION_CONTEXT('2D SPACE',''
  ) );
#2677 = ORIENTED_EDGE('',*,*,#2678,.F.);
#2678 = EDGE_CURVE('',#2679,#2627,#2681,.T.);
#2679 = VERTEX_POINT('',#2680);
#2680 = CARTESIAN_POINT('',(110.46022115825,-42.52792564527,
    21.781023639269));
#2681 = SURFACE_CURVE('',#2682,(#2687,#2716),.PCURVE_S1.);
#2682 = B_SPLINE_CURVE_WITH_KNOTS('',3,(#2683,#2684,#2685,#2686),
  .UNSPECIFIED.,.F.,.F.,(4,4),(-0.758914039281,-6.854269795151E-02),
  .PIECEWISE_BEZIER_KNOTS.);
#2683 = CARTESIAN_POINT('',(110.46022115825,-42.52792564527,
    21.781023639269));
#2684 = CARTESIAN_POINT('',(111.98044326375,-43.4373719698,
    20.314985220395));
#2685 = CARTESIAN_POINT('',(113.47393734613,-44.3308287213,
    18.793746948955));
#2686 = CARTESIAN_POINT('',(114.91935840681,-45.19552662715,
    17.223295621783));
#2687 = PCURVE('',#991,#2688);
#2688 = DEFINITIONAL_REPRESENTATION('',(#2689),#2715);
#2689 = B_SPLINE_CURVE_WITH_KNOTS('',3,(#2690,#2691,#2692,#2693,#2694,
    #2695,#2696,#2697,#2698,#2699,#2700,#2701,#2702,#2703,#2704,#2705,
    #2706,#2707,#2708,#2709,#2710,#2711,#2712,#2713,#2714),
  .UNSPECIFIED.,.F.,.F.,(4,1,1,1,1,1,1,1,1,1,1,1,1,1,1,1,1,1,1,1,1,1,4),
  (-0.758914039281,-0.727533523766,-0.696153008251,-0.664772492736,
    -0.633391977221,-0.602011461706,-0.570630946191,-0.539250430676,
    -0.507869915161,-0.476489399646,-0.445108884131,-0.413728368616,
    -0.382347853101,-0.350967337586,-0.319586822071,-0.288206306556,
    -0.256825791041,-0.225445275526,-0.194064760011,-0.162684244496,
    -0.131303728981,-9.992321346649E-02,-6.854269795151E-02),
  .UNSPECIFIED.);
#2690 = CARTESIAN_POINT('',(68.815732062118,35.453714321115));
#2691 = CARTESIAN_POINT('',(68.762245075845,35.642110301232));
#2692 = CARTESIAN_POINT('',(68.655390207481,36.019907959876));
#2693 = CARTESIAN_POINT('',(68.495474410856,36.589602879964));
#2694 = CARTESIAN_POINT('',(68.335934322023,37.162278024749));
#2695 = CARTESIAN_POINT('',(68.176779113124,37.737913591914));
#2696 = CARTESIAN_POINT('',(68.018017936203,38.316488705602));
#2697 = CARTESIAN_POINT('',(67.859659919938,38.89798124973));
#2698 = CARTESIAN_POINT('',(67.701714169758,39.482367886897));
#2699 = CARTESIAN_POINT('',(67.54418976697,40.069624028889));
#2700 = CARTESIAN_POINT('',(67.38709576808,40.659723821602));
#2701 = CARTESIAN_POINT('',(67.230441203975,41.252640127666));
#2702 = CARTESIAN_POINT('',(67.074235079059,41.848344511362));
#2703 = CARTESIAN_POINT('',(66.918486370328,42.446807224711));
#2704 = CARTESIAN_POINT('',(66.763204026365,43.047997195174));
#2705 = CARTESIAN_POINT('',(66.608396966279,43.651882014918));
#2706 = CARTESIAN_POINT('',(66.454074078579,44.258427931882));
#2707 = CARTESIAN_POINT('',(66.300244219962,44.867599842339));
#2708 = CARTESIAN_POINT('',(66.146916214084,45.479361286456));
#2709 = CARTESIAN_POINT('',(65.994098850127,46.093674441671));
#2710 = CARTESIAN_POINT('',(65.841800881786,46.710500133647));
#2711 = CARTESIAN_POINT('',(65.690031024399,47.329797791397));
#2712 = CARTESIAN_POINT('',(65.538797958707,47.951525620965));
#2713 = CARTESIAN_POINT('',(65.438339525969,48.367601856285));
#2714 = CARTESIAN_POINT('',(65.388202652506,48.57603054142));
#2715 = ( GEOMETRIC_REPRESENTATION_CONTEXT(2) 
PARAMETRIC_REPRESENTATION_CONTEXT() REPRESENTATION_CONTEXT('2D SPACE',''
  ) );
#2716 = PCURVE('',#2717,#2722);
#2717 = PLANE('',#2718);
#2718 = AXIS2_PLACEMENT_3D('',#2719,#2720,#2721);
#2719 = CARTESIAN_POINT('',(110.46022115825,-42.52792564527,15.));
#2720 = DIRECTION('',(-0.513380048326,-0.858161363603,
    -6.287092329286E-17));
#2721 = DIRECTION('',(0.858161363603,-0.513380048326,1.050944567088E-16)
  );
#2722 = DEFINITIONAL_REPRESENTATION('',(#2723),#2728);
#2723 = B_SPLINE_CURVE_WITH_KNOTS('',3,(#2724,#2725,#2726,#2727),
  .UNSPECIFIED.,.F.,.F.,(4,4),(-0.758914039281,-6.854269795151E-02),
  .PIECEWISE_BEZIER_KNOTS.);
#2724 = CARTESIAN_POINT('',(0.,6.781023639269));
#2725 = CARTESIAN_POINT('',(1.771487473071,5.314985220395));
#2726 = CARTESIAN_POINT('',(3.511829261602,3.793746948955));
#2727 = CARTESIAN_POINT('',(5.196152422706,2.223295621783));
#2728 = ( GEOMETRIC_REPRESENTATION_CONTEXT(2) 
PARAMETRIC_REPRESENTATION_CONTEXT() REPRESENTATION_CONTEXT('2D SPACE',''
  ) );
#2729 = ORIENTED_EDGE('',*,*,#2730,.F.);
#2730 = EDGE_CURVE('',#2731,#2679,#2733,.T.);
#2731 = VERTEX_POINT('',#2732);
#2732 = CARTESIAN_POINT('',(110.54086275144,-37.33239901812,
    28.211918672965));
#2733 = SURFACE_CURVE('',#2734,(#2739,#2768),.PCURVE_S1.);
#2734 = B_SPLINE_CURVE_WITH_KNOTS('',3,(#2735,#2736,#2737,#2738),
  .UNSPECIFIED.,.F.,.F.,(4,4),(-0.889767864705,-7.99885467796E-02),
  .PIECEWISE_BEZIER_KNOTS.);
#2735 = CARTESIAN_POINT('',(110.54086275144,-37.33239901812,
    28.211918672965));
#2736 = CARTESIAN_POINT('',(110.51265936185,-39.14946953726,
    25.964970518119));
#2737 = CARTESIAN_POINT('',(110.48640787488,-40.84078408296,
    23.882189164679));
#2738 = CARTESIAN_POINT('',(110.46022115825,-42.52792564527,
    21.781023639269));
#2739 = PCURVE('',#991,#2740);
#2740 = DEFINITIONAL_REPRESENTATION('',(#2741),#2767);
#2741 = B_SPLINE_CURVE_WITH_KNOTS('',3,(#2742,#2743,#2744,#2745,#2746,
    #2747,#2748,#2749,#2750,#2751,#2752,#2753,#2754,#2755,#2756,#2757,
    #2758,#2759,#2760,#2761,#2762,#2763,#2764,#2765,#2766),
  .UNSPECIFIED.,.F.,.F.,(4,1,1,1,1,1,1,1,1,1,1,1,1,1,1,1,1,1,1,1,1,1,4),
  (-0.889767864705,-0.85295971389,-0.816151563075,-0.77934341226,
    -0.742535261445,-0.705727110631,-0.668918959816,-0.632110809001,
    -0.595302658186,-0.558494507372,-0.521686356557,-0.484878205742,
    -0.448070054927,-0.411261904113,-0.374453753298,-0.337645602483,
    -0.300837451668,-0.264029300853,-0.227221150039,-0.190412999224,
    -0.153604848409,-0.116796697594,-7.99885467796E-02),.UNSPECIFIED.);
#2742 = CARTESIAN_POINT('',(68.707515114969,18.517239325136));
#2743 = CARTESIAN_POINT('',(68.709278155758,18.775706465344));
#2744 = CARTESIAN_POINT('',(68.712787311238,19.292025645884));
#2745 = CARTESIAN_POINT('',(68.718002714979,20.064829273324));
#2746 = CARTESIAN_POINT('',(68.723172254463,20.836126573089));
#2747 = CARTESIAN_POINT('',(68.728298337489,21.606091052861));
#2748 = CARTESIAN_POINT('',(68.733383337846,22.374899206977));
#2749 = CARTESIAN_POINT('',(68.738429592935,23.142730880941));
#2750 = CARTESIAN_POINT('',(68.743439408589,23.909769077725));
#2751 = CARTESIAN_POINT('',(68.748415062232,24.676199909965));
#2752 = CARTESIAN_POINT('',(68.753358806775,25.442212509278));
#2753 = CARTESIAN_POINT('',(68.758272874603,26.207998943173));
#2754 = CARTESIAN_POINT('',(68.763159481835,26.973754125872));
#2755 = CARTESIAN_POINT('',(68.768020832813,27.739675726547));
#2756 = CARTESIAN_POINT('',(68.772859124849,28.50596407385));
#2757 = CARTESIAN_POINT('',(68.777676553229,29.272822056838));
#2758 = CARTESIAN_POINT('',(68.782475316486,30.040455021938));
#2759 = CARTESIAN_POINT('',(68.787257621957,30.809070666175));
#2760 = CARTESIAN_POINT('',(68.7920256916,31.578878924856));
#2761 = CARTESIAN_POINT('',(68.796781768279,32.35009185935));
#2762 = CARTESIAN_POINT('',(68.801528121738,33.12292352276));
#2763 = CARTESIAN_POINT('',(68.806267057276,33.897589884991));
#2764 = CARTESIAN_POINT('',(68.811000915953,34.674308511759));
#2765 = CARTESIAN_POINT('',(68.814155044059,35.193635594542));
#2766 = CARTESIAN_POINT('',(68.815732062118,35.453714321115));
#2767 = ( GEOMETRIC_REPRESENTATION_CONTEXT(2) 
PARAMETRIC_REPRESENTATION_CONTEXT() REPRESENTATION_CONTEXT('2D SPACE',''
  ) );
#2768 = PCURVE('',#2769,#2774);
#2769 = PLANE('',#2770);
#2770 = AXIS2_PLACEMENT_3D('',#2771,#2772,#2773);
#2771 = CARTESIAN_POINT('',(110.54086275144,-37.33239901812,15.));
#2772 = DIRECTION('',(-0.999879565589,1.5519481845E-02,
    -1.224499309532E-16));
#2773 = DIRECTION('',(-1.5519481845E-02,-0.999879565589,
    -1.900588376591E-18));
#2774 = DEFINITIONAL_REPRESENTATION('',(#2775),#2780);
#2775 = B_SPLINE_CURVE_WITH_KNOTS('',3,(#2776,#2777,#2778,#2779),
  .UNSPECIFIED.,.F.,.F.,(4,4),(-0.889767864705,-7.99885467796E-02),
  .PIECEWISE_BEZIER_KNOTS.);
#2776 = CARTESIAN_POINT('',(0.,13.211918672965));
#2777 = CARTESIAN_POINT('',(1.817289383314,10.964970518119));
#2778 = CARTESIAN_POINT('',(3.508807646027,8.882189164679));
#2779 = CARTESIAN_POINT('',(5.196152422707,6.781023639269));
#2780 = ( GEOMETRIC_REPRESENTATION_CONTEXT(2) 
PARAMETRIC_REPRESENTATION_CONTEXT() REPRESENTATION_CONTEXT('2D SPACE',''
  ) );
#2781 = ORIENTED_EDGE('',*,*,#2782,.F.);
#2782 = EDGE_CURVE('',#2523,#2731,#2783,.T.);
#2783 = SURFACE_CURVE('',#2784,(#2789,#2818),.PCURVE_S1.);
#2784 = B_SPLINE_CURVE_WITH_KNOTS('',3,(#2785,#2786,#2787,#2788),
  .UNSPECIFIED.,.F.,.F.,(4,4),(-0.634894463929,-5.519681437315E-02),
  .PIECEWISE_BEZIER_KNOTS.);
#2785 = CARTESIAN_POINT('',(115.08064159318,-34.80447337284,
    30.636626503148));
#2786 = CARTESIAN_POINT('',(113.53939250267,-35.66270088512,
    29.803577571656));
#2787 = CARTESIAN_POINT('',(112.06504290516,-36.48367615453,
    29.01407970698));
#2788 = CARTESIAN_POINT('',(110.54086275144,-37.33239901812,
    28.211918672965));
#2789 = PCURVE('',#991,#2790);
#2790 = DEFINITIONAL_REPRESENTATION('',(#2791),#2817);
#2791 = B_SPLINE_CURVE_WITH_KNOTS('',3,(#2792,#2793,#2794,#2795,#2796,
    #2797,#2798,#2799,#2800,#2801,#2802,#2803,#2804,#2805,#2806,#2807,
    #2808,#2809,#2810,#2811,#2812,#2813,#2814,#2815,#2816),
  .UNSPECIFIED.,.F.,.F.,(4,1,1,1,1,1,1,1,1,1,1,1,1,1,1,1,1,1,1,1,1,1,4),
  (-0.634894463929,-0.608544570768,-0.582194677606,-0.555844784444,
    -0.529494891283,-0.503144998121,-0.47679510496,-0.450445211798,
    -0.424095318636,-0.397745425475,-0.371395532313,-0.345045639151,
    -0.31869574599,-0.292345852828,-0.265995959666,-0.239646066505,
    -0.213296173343,-0.186946280181,-0.16059638702,-0.134246493858,
    -0.107896600696,-8.15467075348E-02,-5.519681437315E-02),
  .QUASI_UNIFORM_KNOTS.);
#2792 = CARTESIAN_POINT('',(65.029977754994,12.622697895998));
#2793 = CARTESIAN_POINT('',(65.087577253493,12.715478780595));
#2794 = CARTESIAN_POINT('',(65.202465186368,12.900518908679));
#2795 = CARTESIAN_POINT('',(65.373922560314,13.176600677559));
#2796 = CARTESIAN_POINT('',(65.544564214387,13.451290753655));
#2797 = CARTESIAN_POINT('',(65.714448469372,13.724675061101));
#2798 = CARTESIAN_POINT('',(65.883633338988,13.996839018726));
#2799 = CARTESIAN_POINT('',(66.052176492579,14.267867480729));
#2800 = CARTESIAN_POINT('',(66.22013527503,14.537844772121));
#2801 = CARTESIAN_POINT('',(66.387566711,14.806854697069));
#2802 = CARTESIAN_POINT('',(66.554527513013,15.07498055288));
#2803 = CARTESIAN_POINT('',(66.721074088175,15.342305140942));
#2804 = CARTESIAN_POINT('',(66.887262544944,15.608910777013));
#2805 = CARTESIAN_POINT('',(67.053148699571,15.87487930028));
#2806 = CARTESIAN_POINT('',(67.218788082334,16.140292081424));
#2807 = CARTESIAN_POINT('',(67.384235943534,16.405230029655));
#2808 = CARTESIAN_POINT('',(67.5495472593,16.669773598818));
#2809 = CARTESIAN_POINT('',(67.714776737135,16.934002792482));
#2810 = CARTESIAN_POINT('',(67.87997882147,17.197997168487));
#2811 = CARTESIAN_POINT('',(68.0452076983,17.461835841289));
#2812 = CARTESIAN_POINT('',(68.210517302379,17.725597488511));
#2813 = CARTESIAN_POINT('',(68.375961314119,17.989360337836));
#2814 = CARTESIAN_POINT('',(68.541593194145,18.253202223434));
#2815 = CARTESIAN_POINT('',(68.652175115813,18.429200993949));
#2816 = CARTESIAN_POINT('',(68.707515114969,18.517239325136));
#2817 = ( GEOMETRIC_REPRESENTATION_CONTEXT(2) 
PARAMETRIC_REPRESENTATION_CONTEXT() REPRESENTATION_CONTEXT('2D SPACE',''
  ) );
#2818 = PCURVE('',#2819,#2824);
#2819 = PLANE('',#2820);
#2820 = AXIS2_PLACEMENT_3D('',#2821,#2822,#2823);
#2821 = CARTESIAN_POINT('',(115.08064159318,-34.80447337284,15.));
#2822 = DIRECTION('',(-0.486499517263,0.873680845448,-5.957900766033E-17
    ));
#2823 = DIRECTION('',(-0.873680845448,-0.486499517263,
    -1.069950450854E-16));
#2824 = DEFINITIONAL_REPRESENTATION('',(#2825),#2830);
#2825 = B_SPLINE_CURVE_WITH_KNOTS('',3,(#2826,#2827,#2828,#2829),
  .UNSPECIFIED.,.F.,.F.,(4,4),(-0.634894463929,-5.519681437315E-02),
  .PIECEWISE_BEZIER_KNOTS.);
#2826 = CARTESIAN_POINT('',(0.,15.636626503148));
#2827 = CARTESIAN_POINT('',(1.764087078869,14.803577571656));
#2828 = CARTESIAN_POINT('',(3.451602153965,14.01407970698));
#2829 = CARTESIAN_POINT('',(5.196152422706,13.211918672965));
#2830 = ( GEOMETRIC_REPRESENTATION_CONTEXT(2) 
PARAMETRIC_REPRESENTATION_CONTEXT() REPRESENTATION_CONTEXT('2D SPACE',''
  ) );
#2831 = ADVANCED_FACE('',(#2832),#731,.T.);
#2832 = FACE_BOUND('',#2833,.T.);
#2833 = EDGE_LOOP('',(#2834,#2835,#2880));
#2834 = ORIENTED_EDGE('',*,*,#714,.F.);
#2835 = ORIENTED_EDGE('',*,*,#2836,.T.);
#2836 = EDGE_CURVE('',#604,#820,#2837,.T.);
#2837 = SURFACE_CURVE('',#2838,(#2843,#2851),.PCURVE_S1.);
#2838 = B_SPLINE_CURVE_WITH_KNOTS('',3,(#2839,#2840,#2841,#2842),
  .UNSPECIFIED.,.F.,.F.,(4,4),(0.174629034286,2.525094041832),
  .PIECEWISE_BEZIER_KNOTS.);
#2839 = CARTESIAN_POINT('',(123.79782876949,44.753757349991,15.));
#2840 = CARTESIAN_POINT('',(116.14012886161,46.592365336513,15.));
#2841 = CARTESIAN_POINT('',(108.21305686944,48.405412185522,15.));
#2842 = CARTESIAN_POINT('',(100.42217267659,50.,15.));
#2843 = PCURVE('',#731,#2844);
#2844 = DEFINITIONAL_REPRESENTATION('',(#2845),#2850);
#2845 = B_SPLINE_CURVE_WITH_KNOTS('',3,(#2846,#2847,#2848,#2849),
  .UNSPECIFIED.,.F.,.F.,(4,4),(0.174629034286,2.525094041832),
  .PIECEWISE_BEZIER_KNOTS.);
#2846 = CARTESIAN_POINT('',(-123.7978287694,44.753757349991));
#2847 = CARTESIAN_POINT('',(-116.1401288616,46.592365336513));
#2848 = CARTESIAN_POINT('',(-108.2130568694,48.405412185522));
#2849 = CARTESIAN_POINT('',(-100.4221726765,50.));
#2850 = ( GEOMETRIC_REPRESENTATION_CONTEXT(2) 
PARAMETRIC_REPRESENTATION_CONTEXT() REPRESENTATION_CONTEXT('2D SPACE',''
  ) );
#2851 = PCURVE('',#644,#2852);
#2852 = DEFINITIONAL_REPRESENTATION('',(#2853),#2879);
#2853 = B_SPLINE_CURVE_WITH_KNOTS('',3,(#2854,#2855,#2856,#2857,#2858,
    #2859,#2860,#2861,#2862,#2863,#2864,#2865,#2866,#2867,#2868,#2869,
    #2870,#2871,#2872,#2873,#2874,#2875,#2876,#2877,#2878),
  .UNSPECIFIED.,.F.,.F.,(4,1,1,1,1,1,1,1,1,1,1,1,1,1,1,1,1,1,1,1,1,1,4),
  (0.174629034286,0.281468352811,0.388307671336,0.49514698986,
    0.601986308385,0.70882562691,0.815664945435,0.92250426396,
    1.029343582484,1.136182901009,1.243022219534,1.349861538059,
    1.456700856584,1.563540175109,1.670379493633,1.777218812158,
    1.884058130683,1.990897449208,2.097736767733,2.204576086257,
    2.311415404782,2.418254723307,2.525094041832),
  .QUASI_UNIFORM_KNOTS.);
#2854 = CARTESIAN_POINT('',(55.803567085139,58.403372390353));
#2855 = CARTESIAN_POINT('',(55.771723022978,58.684730661129));
#2856 = CARTESIAN_POINT('',(55.706613967205,59.246650367853));
#2857 = CARTESIAN_POINT('',(55.604757529555,60.087212974178));
#2858 = CARTESIAN_POINT('',(55.49877951079,60.925534315654));
#2859 = CARTESIAN_POINT('',(55.388746520027,61.761682597526));
#2860 = CARTESIAN_POINT('',(55.27472240593,62.595721494534));
#2861 = CARTESIAN_POINT('',(55.156768015415,63.427709697296));
#2862 = CARTESIAN_POINT('',(55.034941500905,64.257701337784));
#2863 = CARTESIAN_POINT('',(54.909298456205,65.085746148637));
#2864 = CARTESIAN_POINT('',(54.779892075489,65.91188966597));
#2865 = CARTESIAN_POINT('',(54.646773284786,66.736173395165));
#2866 = CARTESIAN_POINT('',(54.509990860924,67.558634963393));
#2867 = CARTESIAN_POINT('',(54.369591535273,68.379308254441));
#2868 = CARTESIAN_POINT('',(54.225620084259,69.198223528745));
#2869 = CARTESIAN_POINT('',(54.078119407313,70.015407529324));
#2870 = CARTESIAN_POINT('',(53.92713059333,70.83088357497));
#2871 = CARTESIAN_POINT('',(53.772692976053,71.644671640724));
#2872 = CARTESIAN_POINT('',(53.614844180883,72.456788429664));
#2873 = CARTESIAN_POINT('',(53.453620157647,73.267247424693));
#2874 = CARTESIAN_POINT('',(53.289055223498,74.076058965742));
#2875 = CARTESIAN_POINT('',(53.121182029327,74.883230185811));
#2876 = CARTESIAN_POINT('',(52.950031776452,75.688765429907));
#2877 = CARTESIAN_POINT('',(52.833766237083,76.224698363335));
#2878 = CARTESIAN_POINT('',(52.775097063161,76.492392412012));
#2879 = ( GEOMETRIC_REPRESENTATION_CONTEXT(2) 
PARAMETRIC_REPRESENTATION_CONTEXT() REPRESENTATION_CONTEXT('2D SPACE',''
  ) );
#2880 = ORIENTED_EDGE('',*,*,#819,.T.);
#2881 = ADVANCED_FACE('',(#2882,#3879),#644,.F.);
#2882 = FACE_BOUND('',#2883,.F.);
#2883 = EDGE_LOOP('',(#2884,#2885,#2886,#2933,#2985,#3014,#3333,#3362,
    #3414,#3466,#3495,#3877,#3878));
#2884 = ORIENTED_EDGE('',*,*,#2836,.T.);
#2885 = ORIENTED_EDGE('',*,*,#842,.T.);
#2886 = ORIENTED_EDGE('',*,*,#2887,.T.);
#2887 = EDGE_CURVE('',#843,#2888,#2890,.T.);
#2888 = VERTEX_POINT('',#2889);
#2889 = CARTESIAN_POINT('',(-12.29088022422,43.623085459756,15.));
#2890 = SURFACE_CURVE('',#2891,(#2896,#2925),.PCURVE_S1.);
#2891 = B_SPLINE_CURVE_WITH_KNOTS('',3,(#2892,#2893,#2894,#2895),
  .UNSPECIFIED.,.F.,.F.,(4,4),(0.193877152493,2.633091470414),
  .PIECEWISE_BEZIER_KNOTS.);
#2892 = CARTESIAN_POINT('',(6.027714512775,50.,15.));
#2893 = CARTESIAN_POINT('',(-1.58456001761,47.888937616744,15.));
#2894 = CARTESIAN_POINT('',(-7.646892534201,45.612600456651,15.));
#2895 = CARTESIAN_POINT('',(-12.29088022252,43.623085460488,15.));
#2896 = PCURVE('',#644,#2897);
#2897 = DEFINITIONAL_REPRESENTATION('',(#2898),#2924);
#2898 = B_SPLINE_CURVE_WITH_KNOTS('',3,(#2899,#2900,#2901,#2902,#2903,
    #2904,#2905,#2906,#2907,#2908,#2909,#2910,#2911,#2912,#2913,#2914,
    #2915,#2916,#2917,#2918,#2919,#2920,#2921,#2922,#2923),
  .UNSPECIFIED.,.F.,.F.,(4,1,1,1,1,1,1,1,1,1,1,1,1,1,1,1,1,1,1,1,1,1,4),
  (0.193877152493,0.30475053058,0.415623908668,0.526497286755,
    0.637370664842,0.74824404293,0.859117421017,0.969990799104,
    1.080864177192,1.191737555279,1.302610933366,1.413484311454,
    1.524357689541,1.635231067628,1.746104445716,1.856977823803,
    1.96785120189,2.078724579978,2.189597958065,2.300471336152,
    2.41134471424,2.522218092327,2.633091470414),.QUASI_UNIFORM_KNOTS.);
#2899 = CARTESIAN_POINT('',(18.167809921941,166.10890622944));
#2900 = CARTESIAN_POINT('',(17.955175384267,166.56857844998));
#2901 = CARTESIAN_POINT('',(17.530641726682,167.48411249834));
#2902 = CARTESIAN_POINT('',(16.896199416459,168.84528810316));
#2903 = CARTESIAN_POINT('',(16.264255542926,170.19365214285));
#2904 = CARTESIAN_POINT('',(15.634991184751,171.52848984758));
#2905 = CARTESIAN_POINT('',(15.008611617692,172.84907218971));
#2906 = CARTESIAN_POINT('',(14.385348269287,174.1546569684));
#2907 = CARTESIAN_POINT('',(13.765455732255,175.44449383619));
#2908 = CARTESIAN_POINT('',(13.149210119534,176.71782858573));
#2909 = CARTESIAN_POINT('',(12.53690706462,177.97390788331));
#2910 = CARTESIAN_POINT('',(11.928859814672,179.21198405152));
#2911 = CARTESIAN_POINT('',(11.325397295069,180.43131991748));
#2912 = CARTESIAN_POINT('',(10.726862181947,181.63119362456));
#2913 = CARTESIAN_POINT('',(10.133608982015,182.81090333221));
#2914 = CARTESIAN_POINT('',(9.54600213321,183.96977172152));
#2915 = CARTESIAN_POINT('',(8.964414139807,185.10715022388));
#2916 = CARTESIAN_POINT('',(8.389223757043,186.22242291168));
#2917 = CARTESIAN_POINT('',(7.820814245729,187.3150099369));
#2918 = CARTESIAN_POINT('',(7.259571700161,188.384370642));
#2919 = CARTESIAN_POINT('',(6.70588351654,189.43000562755));
#2920 = CARTESIAN_POINT('',(6.160136826147,190.4514602565));
#2921 = CARTESIAN_POINT('',(5.62271761612,191.44832021402));
#2922 = CARTESIAN_POINT('',(5.270244469307,192.096262788));
#2923 = CARTESIAN_POINT('',(5.095523335189,192.41601482663));
#2924 = ( GEOMETRIC_REPRESENTATION_CONTEXT(2) 
PARAMETRIC_REPRESENTATION_CONTEXT() REPRESENTATION_CONTEXT('2D SPACE',''
  ) );
#2925 = PCURVE('',#913,#2926);
#2926 = DEFINITIONAL_REPRESENTATION('',(#2927),#2932);
#2927 = B_SPLINE_CURVE_WITH_KNOTS('',3,(#2928,#2929,#2930,#2931),
  .UNSPECIFIED.,.F.,.F.,(4,4),(0.193877152493,2.633091470414),
  .PIECEWISE_BEZIER_KNOTS.);
#2928 = CARTESIAN_POINT('',(-6.027714512775,50.));
#2929 = CARTESIAN_POINT('',(1.58456001761,47.888937616744));
#2930 = CARTESIAN_POINT('',(7.646892534201,45.612600456651));
#2931 = CARTESIAN_POINT('',(12.29088022252,43.623085460488));
#2932 = ( GEOMETRIC_REPRESENTATION_CONTEXT(2) 
PARAMETRIC_REPRESENTATION_CONTEXT() REPRESENTATION_CONTEXT('2D SPACE',''
  ) );
#2933 = ORIENTED_EDGE('',*,*,#2934,.F.);
#2934 = EDGE_CURVE('',#2935,#2888,#2937,.T.);
#2935 = VERTEX_POINT('',#2936);
#2936 = CARTESIAN_POINT('',(-10.46022115825,42.527925645274,
    16.238070712696));
#2937 = SURFACE_CURVE('',#2938,(#2943,#2972),.PCURVE_S1.);
#2938 = B_SPLINE_CURVE_WITH_KNOTS('',3,(#2939,#2940,#2941,#2942),
  .UNSPECIFIED.,.F.,.F.,(4,4),(-0.342119092003,-9.876015532936E-02),
  .PIECEWISE_BEZIER_KNOTS.);
#2939 = CARTESIAN_POINT('',(-10.46022115825,42.527925645274,
    16.238070712697));
#2940 = CARTESIAN_POINT('',(-11.05548712422,42.884033113329,
    15.834845614695));
#2941 = CARTESIAN_POINT('',(-11.67676674131,43.255702793854,
    15.414405632867));
#2942 = CARTESIAN_POINT('',(-12.29088022422,43.623085459756,15.));
#2943 = PCURVE('',#644,#2944);
#2944 = DEFINITIONAL_REPRESENTATION('',(#2945),#2971);
#2945 = B_SPLINE_CURVE_WITH_KNOTS('',3,(#2946,#2947,#2948,#2949,#2950,
    #2951,#2952,#2953,#2954,#2955,#2956,#2957,#2958,#2959,#2960,#2961,
    #2962,#2963,#2964,#2965,#2966,#2967,#2968,#2969,#2970),
  .UNSPECIFIED.,.F.,.F.,(4,1,1,1,1,1,1,1,1,1,1,1,1,1,1,1,1,1,1,1,1,1,4),
  (-0.342119092003,-0.331057322154,-0.319995552305,-0.308933782456,
    -0.297872012608,-0.286810242759,-0.27574847291,-0.264686703061,
    -0.253624933212,-0.242563163364,-0.231501393515,-0.220439623666,
    -0.209377853817,-0.198316083969,-0.18725431412,-0.176192544271,
    -0.165130774422,-0.154069004573,-0.143007234725,-0.131945464876,
    -0.120883695027,-0.109821925178,-9.876015532936E-02),.UNSPECIFIED.);
#2946 = CARTESIAN_POINT('',(3.986962365429,188.87971419917));
#2947 = CARTESIAN_POINT('',(4.003439296892,188.93110121917));
#2948 = CARTESIAN_POINT('',(4.036450424204,189.03415773669));
#2949 = CARTESIAN_POINT('',(4.086127272775,189.18955684511));
#2950 = CARTESIAN_POINT('',(4.135952634088,189.34573726898));
#2951 = CARTESIAN_POINT('',(4.185914895832,189.50266569863));
#2952 = CARTESIAN_POINT('',(4.236002466614,189.6603086294));
#2953 = CARTESIAN_POINT('',(4.286203778631,189.81863233263));
#2954 = CARTESIAN_POINT('',(4.336507286487,189.97760286081));
#2955 = CARTESIAN_POINT('',(4.386901467021,190.13718604378));
#2956 = CARTESIAN_POINT('',(4.43737481883,190.29734748749));
#2957 = CARTESIAN_POINT('',(4.487915861863,190.45805257225));
#2958 = CARTESIAN_POINT('',(4.538513136965,190.61926645127));
#2959 = CARTESIAN_POINT('',(4.589155205428,190.78095404935));
#2960 = CARTESIAN_POINT('',(4.639830648505,190.94308006163));
#2961 = CARTESIAN_POINT('',(4.690528066932,191.1056089526));
#2962 = CARTESIAN_POINT('',(4.741236080423,191.26850495513));
#2963 = CARTESIAN_POINT('',(4.791943327162,191.4317320697));
#2964 = CARTESIAN_POINT('',(4.842638463276,191.59525406393));
#2965 = CARTESIAN_POINT('',(4.89331016234,191.7590344715));
#2966 = CARTESIAN_POINT('',(4.943947114702,191.92303659395));
#2967 = CARTESIAN_POINT('',(4.994538027447,192.08722349257));
#2968 = CARTESIAN_POINT('',(5.04507162197,192.25155801798));
#2969 = CARTESIAN_POINT('',(5.078714967602,192.36118780576));
#2970 = CARTESIAN_POINT('',(5.095523333775,192.41601482922));
#2971 = ( GEOMETRIC_REPRESENTATION_CONTEXT(2) 
PARAMETRIC_REPRESENTATION_CONTEXT() REPRESENTATION_CONTEXT('2D SPACE',''
  ) );
#2972 = PCURVE('',#2973,#2978);
#2973 = PLANE('',#2974);
#2974 = AXIS2_PLACEMENT_3D('',#2975,#2976,#2977);
#2975 = CARTESIAN_POINT('',(-10.46022115825,42.527925645274,15.));
#2976 = DIRECTION('',(0.513380048326,0.858161363603,6.287092329286E-17)
  );
#2977 = DIRECTION('',(-0.858161363603,0.513380048326,-1.050944567088E-16
    ));
#2978 = DEFINITIONAL_REPRESENTATION('',(#2979),#2984);
#2979 = B_SPLINE_CURVE_WITH_KNOTS('',3,(#2980,#2981,#2982,#2983),
  .UNSPECIFIED.,.F.,.F.,(4,4),(-0.342119092003,-9.876015532936E-02),
  .PIECEWISE_BEZIER_KNOTS.);
#2980 = CARTESIAN_POINT('',(0.,1.238070712697));
#2981 = CARTESIAN_POINT('',(0.693652722222,0.834845614695));
#2982 = CARTESIAN_POINT('',(1.417618684157,0.414405632867));
#2983 = CARTESIAN_POINT('',(2.133234078833,0.));
#2984 = ( GEOMETRIC_REPRESENTATION_CONTEXT(2) 
PARAMETRIC_REPRESENTATION_CONTEXT() REPRESENTATION_CONTEXT('2D SPACE',''
  ) );
#2985 = ORIENTED_EDGE('',*,*,#2986,.F.);
#2986 = EDGE_CURVE('',#2987,#2935,#2989,.T.);
#2987 = VERTEX_POINT('',#2988);
#2988 = CARTESIAN_POINT('',(-10.49752737627,40.119287850116,
    17.851212940611));
#2989 = SURFACE_CURVE('',#2990,(#2995,#3001),.PCURVE_S1.);
#2990 = B_SPLINE_CURVE_WITH_KNOTS('',3,(#2991,#2992,#2993,#2994),
  .UNSPECIFIED.,.F.,.F.,(4,4),(-0.349669591935,-5.998106022244E-02),
  .PIECEWISE_BEZIER_KNOTS.);
#2991 = CARTESIAN_POINT('',(-10.49760374404,40.11946355775,
    17.851471496272));
#2992 = CARTESIAN_POINT('',(-10.48518285378,40.919708983501,
    17.311314399417));
#2993 = CARTESIAN_POINT('',(-10.47271050926,41.723269472315,
    16.772839606309));
#2994 = CARTESIAN_POINT('',(-10.46022115825,42.527925645274,
    16.238070712696));
#2995 = PCURVE('',#644,#2996);
#2996 = DEFINITIONAL_REPRESENTATION('',(#2997),#3000);
#2997 = B_SPLINE_CURVE_WITH_KNOTS('',1,(#2998,#2999),.UNSPECIFIED.,.F.,
  .F.,(2,2),(-0.349669591935,-5.998106022244E-02),
  .PIECEWISE_BEZIER_KNOTS.);
#2998 = CARTESIAN_POINT('',(0.66056557944,187.97679273017));
#2999 = CARTESIAN_POINT('',(3.98696236543,188.87971419917));
#3000 = ( GEOMETRIC_REPRESENTATION_CONTEXT(2) 
PARAMETRIC_REPRESENTATION_CONTEXT() REPRESENTATION_CONTEXT('2D SPACE',''
  ) );
#3001 = PCURVE('',#3002,#3007);
#3002 = PLANE('',#3003);
#3003 = AXIS2_PLACEMENT_3D('',#3004,#3005,#3006);
#3004 = CARTESIAN_POINT('',(-10.54086275144,37.332399018121,15.));
#3005 = DIRECTION('',(0.999879565589,-1.5519481845E-02,
    1.224499309532E-16));
#3006 = DIRECTION('',(1.5519481845E-02,0.999879565589,1.900588376591E-18
    ));
#3007 = DEFINITIONAL_REPRESENTATION('',(#3008),#3013);
#3008 = B_SPLINE_CURVE_WITH_KNOTS('',3,(#3009,#3010,#3011,#3012),
  .UNSPECIFIED.,.F.,.F.,(4,4),(-0.349669591935,-5.998106022244E-02),
  .PIECEWISE_BEZIER_KNOTS.);
#3009 = CARTESIAN_POINT('',(2.787400238534,2.851471496272));
#3010 = CARTESIAN_POINT('',(3.587742052979,2.311314399417));
#3011 = CARTESIAN_POINT('',(4.391399329783,1.772839606309));
#3012 = CARTESIAN_POINT('',(5.196152422707,1.238070712696));
#3013 = ( GEOMETRIC_REPRESENTATION_CONTEXT(2) 
PARAMETRIC_REPRESENTATION_CONTEXT() REPRESENTATION_CONTEXT('2D SPACE',''
  ) );
#3014 = ORIENTED_EDGE('',*,*,#3015,.F.);
#3015 = EDGE_CURVE('',#3016,#2987,#3018,.T.);
#3016 = VERTEX_POINT('',#3017);
#3017 = CARTESIAN_POINT('',(31.,36.264202335714,28.15818259149));
#3018 = SURFACE_CURVE('',#3019,(#3099,#3216),.PCURVE_S1.);
#3019 = B_SPLINE_CURVE_WITH_KNOTS('',3,(#3020,#3021,#3022,#3023,#3024,
    #3025,#3026,#3027,#3028,#3029,#3030,#3031,#3032,#3033,#3034,#3035,
    #3036,#3037,#3038,#3039,#3040,#3041,#3042,#3043,#3044,#3045,#3046,
    #3047,#3048,#3049,#3050,#3051,#3052,#3053,#3054,#3055,#3056,#3057,
    #3058,#3059,#3060,#3061,#3062,#3063,#3064,#3065,#3066,#3067,#3068,
    #3069,#3070,#3071,#3072,#3073,#3074,#3075,#3076,#3077,#3078,#3079,
    #3080,#3081,#3082,#3083,#3084,#3085,#3086,#3087,#3088,#3089,#3090,
    #3091,#3092,#3093,#3094,#3095,#3096,#3097,#3098),.UNSPECIFIED.,.F.,
  .F.,(4,3,3,3,3,3,3,3,3,3,3,3,3,3,3,3,3,3,3,3,3,3,3,3,3,3,4),(
    75.424821656191,77.324154808427,80.299062989487,83.23917699927,
    86.129868466663,86.989674159484,88.886272196569,90.828502525062,
    92.67981109747,94.513896369496,96.322659005324,96.655193510541,
    98.412365988962,98.627124029086,100.58071972918,102.5698330468,
    104.62829235737,106.32071286159,108.25392489661,110.28788869227,
    112.39630490952,114.65550513174,115.98623221265,118.1672407707,
    120.33808281308,122.31004729794,123.17120329463),.UNSPECIFIED.);
#3020 = CARTESIAN_POINT('',(31.,36.264202335714,28.15818259149));
#3021 = CARTESIAN_POINT('',(30.331258592191,36.299400438161,
    28.059704753663));
#3022 = CARTESIAN_POINT('',(29.669917759284,36.334644404265,
    27.960733914415));
#3023 = CARTESIAN_POINT('',(29.015878719874,36.369988836535,
    27.861208425442));
#3024 = CARTESIAN_POINT('',(27.991463341884,36.42534849821,
    27.705322560436));
#3025 = CARTESIAN_POINT('',(26.984988188093,36.480961576986,
    27.54807997417));
#3026 = CARTESIAN_POINT('',(25.995791230044,36.53701941728,
    27.389203303089));
#3027 = CARTESIAN_POINT('',(25.018163801637,36.592421611759,
    27.232184834603));
#3028 = CARTESIAN_POINT('',(24.057412632703,36.64825804167,
    27.07357047983));
#3029 = CARTESIAN_POINT('',(23.11294882809,36.70470689521,
    26.913091810064));
#3030 = CARTESIAN_POINT('',(22.184361211361,36.760206858384,
    26.755310744484));
#3031 = CARTESIAN_POINT('',(21.271517917758,36.816298667802,
    26.595727681651));
#3032 = CARTESIAN_POINT('',(20.373909464776,36.87314787156,
    26.434084158669));
#3033 = CARTESIAN_POINT('',(20.106925296281,36.890057067708,
    26.38600499739));
#3034 = CARTESIAN_POINT('',(19.841289303872,36.907033253485,
    26.337743514869));
#3035 = CARTESIAN_POINT('',(19.576988973173,36.92408075017,
    26.289292818551));
#3036 = CARTESIAN_POINT('',(18.993983425999,36.961684884476,
    26.182418095227));
#3037 = CARTESIAN_POINT('',(18.417564371922,36.999653204289,
    26.074638186879));
#3038 = CARTESIAN_POINT('',(17.847079180642,37.038082209494,
    25.965774864049));
#3039 = CARTESIAN_POINT('',(17.262868072756,37.077435819455,
    25.854292281484));
#3040 = CARTESIAN_POINT('',(16.68487944489,37.117272450135,
    25.74167366661));
#3041 = CARTESIAN_POINT('',(16.112468563758,37.157700417653,
    25.627716002584));
#3042 = CARTESIAN_POINT('',(15.566853990846,37.196235828069,
    25.519093046177));
#3043 = CARTESIAN_POINT('',(15.026307434728,37.235308475014,
    25.409253474369));
#3044 = CARTESIAN_POINT('',(14.490320483569,37.275017228547,
    25.298010241302));
#3045 = CARTESIAN_POINT('',(13.95931998599,37.314356559176,
    25.187801938688));
#3046 = CARTESIAN_POINT('',(13.432794581167,37.354320156266,
    25.076216038362));
#3047 = CARTESIAN_POINT('',(12.910299147774,37.395009957909,
    24.963058793039));
#3048 = CARTESIAN_POINT('',(12.395017643841,37.435137968308,
    24.85146387407));
#3049 = CARTESIAN_POINT('',(11.883655556422,37.475972216093,
    24.738340758397));
#3050 = CARTESIAN_POINT('',(11.375834810922,37.517616964105,
    24.623491100387));
#3051 = CARTESIAN_POINT('',(11.282473793285,37.525273201248,
    24.602376403829));
#3052 = CARTESIAN_POINT('',(11.189232607054,37.532956852042,
    24.581203315113));
#3053 = CARTESIAN_POINT('',(11.096109088064,37.540668590906,
    24.559970552375));
#3054 = CARTESIAN_POINT('',(10.604027568417,37.581418814057,
    24.447772793232));
#3055 = CARTESIAN_POINT('',(10.115071060002,37.622894046397,
    24.333879670751));
#3056 = CARTESIAN_POINT('',(9.628935487066,37.665202712984,
    24.21808584242));
#3057 = CARTESIAN_POINT('',(9.569520987829,37.670373592011,
    24.203933756648));
#3058 = CARTESIAN_POINT('',(9.510148686534,37.675556929792,
    24.189753262548));
#3059 = CARTESIAN_POINT('',(9.450818079402,37.6807529324,24.175543970805
    ));
#3060 = CARTESIAN_POINT('',(8.911103622564,37.728019560213,
    24.046285893971));
#3061 = CARTESIAN_POINT('',(8.374834981385,37.776333717068,
    23.914645601559));
#3062 = CARTESIAN_POINT('',(7.841335528348,37.825762123345,
    23.780490351284));
#3063 = CARTESIAN_POINT('',(7.298136714529,37.876089169617,
    23.643896072879));
#3064 = CARTESIAN_POINT('',(6.757808847649,37.927571388315,
    23.504694417001));
#3065 = CARTESIAN_POINT('',(6.219692075118,37.9802851379,23.362736226892
    ));
#3066 = CARTESIAN_POINT('',(5.662815063245,38.034836634622,
    23.215828981562));
#3067 = CARTESIAN_POINT('',(5.108306063495,38.090707065269,
    23.065969484117));
#3068 = CARTESIAN_POINT('',(4.555490048342,38.147986789187,
    22.912985167993));
#3069 = CARTESIAN_POINT('',(4.100976736223,38.195080933209,
    22.787204788414));
#3070 = CARTESIAN_POINT('',(3.647608997896,38.243127854239,
    22.659311905765));
#3071 = CARTESIAN_POINT('',(3.195037755929,38.292180188539,
    22.529208485259));
#3072 = CARTESIAN_POINT('',(2.678076297777,38.348211513366,
    22.38059441583));
#3073 = CARTESIAN_POINT('',(2.162189713617,38.40556467285,
    22.229106152107));
#3074 = CARTESIAN_POINT('',(1.646692189496,38.464323705825,
    22.074537587179));
#3075 = CARTESIAN_POINT('',(1.104328867821,38.526145039221,
    21.911913488365));
#3076 = CARTESIAN_POINT('',(0.562396257007,38.589522671334,
    21.745879358218));
#3077 = CARTESIAN_POINT('',(2.015455995101E-02,38.654558823305,
    21.576193267697));
#3078 = CARTESIAN_POINT('',(-0.541935674981,38.721975597299,
    21.400295886504));
#3079 = CARTESIAN_POINT('',(-1.104357655316,38.791174659283,
    21.220473841271));
#3080 = CARTESIAN_POINT('',(-1.66787711531,38.862272890302,
    21.036461511294));
#3081 = CARTESIAN_POINT('',(-2.271696834977,38.938455732193,
    20.839289485499));
#3082 = CARTESIAN_POINT('',(-2.876776152227,39.016819312152,
    20.637305577241));
#3083 = CARTESIAN_POINT('',(-3.483997418677,39.097508166123,
    20.43019744206));
#3084 = CARTESIAN_POINT('',(-3.84166637401,39.145035977979,
    20.308205419639));
#3085 = CARTESIAN_POINT('',(-4.200077389583,39.193370546344,
    20.184435866308));
#3086 = CARTESIAN_POINT('',(-4.559403562907,39.242540978806,
    20.05882901923));
#3087 = CARTESIAN_POINT('',(-5.148324815351,39.323129354546,
    19.85296441156));
#3088 = CARTESIAN_POINT('',(-5.739752402616,39.405940706894,
    19.642148633628));
#3089 = CARTESIAN_POINT('',(-6.334710612985,39.491198766005,
    19.426033336137));
#3090 = CARTESIAN_POINT('',(-6.926895495412,39.576059404669,
    19.210925434766));
#3091 = CARTESIAN_POINT('',(-7.522576266225,39.663344342748,
    18.990566249242));
#3092 = CARTESIAN_POINT('',(-8.122732825049,39.753268885644,
    18.764652346313));
#3093 = CARTESIAN_POINT('',(-8.667907184242,39.834955162879,
    18.559435115156));
#3094 = CARTESIAN_POINT('',(-9.216773201316,39.918819723955,
    18.349634086388));
#3095 = CARTESIAN_POINT('',(-9.770065264379,40.005016151409,
    18.135062688397));
#3096 = CARTESIAN_POINT('',(-10.01168765752,40.042658092207,
    18.041359456155));
#3097 = CARTESIAN_POINT('',(-10.25415425869,40.080744614558,
    17.946747059974));
#3098 = CARTESIAN_POINT('',(-10.49752737627,40.119287850116,
    17.851212940611));
#3099 = PCURVE('',#644,#3100);
#3100 = DEFINITIONAL_REPRESENTATION('',(#3101),#3215);
#3101 = B_SPLINE_CURVE_WITH_KNOTS('',3,(#3102,#3103,#3104,#3105,#3106,
    #3107,#3108,#3109,#3110,#3111,#3112,#3113,#3114,#3115,#3116,#3117,
    #3118,#3119,#3120,#3121,#3122,#3123,#3124,#3125,#3126,#3127,#3128,
    #3129,#3130,#3131,#3132,#3133,#3134,#3135,#3136,#3137,#3138,#3139,
    #3140,#3141,#3142,#3143,#3144,#3145,#3146,#3147,#3148,#3149,#3150,
    #3151,#3152,#3153,#3154,#3155,#3156,#3157,#3158,#3159,#3160,#3161,
    #3162,#3163,#3164,#3165,#3166,#3167,#3168,#3169,#3170,#3171,#3172,
    #3173,#3174,#3175,#3176,#3177,#3178,#3179,#3180,#3181,#3182,#3183,
    #3184,#3185,#3186,#3187,#3188,#3189,#3190,#3191,#3192,#3193,#3194,
    #3195,#3196,#3197,#3198,#3199,#3200,#3201,#3202,#3203,#3204,#3205,
    #3206,#3207,#3208,#3209,#3210,#3211,#3212,#3213,#3214),
  .UNSPECIFIED.,.F.,.F.,(4,1,1,1,1,1,1,1,1,1,1,1,1,1,1,1,1,1,1,1,1,1,1,1
    ,1,1,1,1,1,1,1,1,1,1,1,1,1,1,1,1,1,1,1,1,1,1,1,1,1,1,1,1,1,1,1,1,1,1
    ,1,1,1,1,1,1,1,1,1,1,1,1,1,1,1,1,1,1,1,1,1,1,1,1,1,1,1,1,1,1,1,1,1,1
    ,1,1,1,1,1,1,1,1,1,1,1,1,1,1,1,1,1,1,4),(75.424821656191,
    75.858879671086,76.292937685981,76.726995700876,77.161053715771,
    77.595111730666,78.029169745561,78.463227760456,78.897285775351,
    79.331343790246,79.76540180514,80.199459820035,80.63351783493,
    81.067575849825,81.50163386472,81.935691879615,82.36974989451,
    82.803807909405,83.2378659243,83.671923939195,84.10598195409,
    84.540039968985,84.97409798388,85.408155998774,85.842214013669,
    86.276272028564,86.710330043459,87.144388058354,87.578446073249,
    88.012504088144,88.446562103039,88.880620117934,89.314678132829,
    89.748736147724,90.182794162619,90.616852177514,91.050910192409,
    91.484968207303,91.919026222198,92.353084237093,92.787142251988,
    93.221200266883,93.655258281778,94.089316296673,94.523374311568,
    94.957432326463,95.391490341358,95.825548356253,96.259606371148,
    96.693664386043,97.127722400937,97.561780415832,97.995838430727,
    98.429896445622,98.863954460517,99.298012475412,99.732070490307,
    100.1661285052,100.60018652009,101.03424453499,101.46830254988,
    101.90236056478,102.33641857967,102.77047659457,103.20453460946,
    103.63859262436,104.07265063925,104.50670865415,104.94076666904,
    105.37482468394,105.80888269883,106.24294071373,106.67699872862,
    107.11105674352,107.54511475841,107.97917277331,108.4132307882,
    108.8472888031,109.28134681799,109.71540483289,110.14946284778,
    110.58352086268,111.01757887757,111.45163689247,111.88569490736,
    112.31975292226,112.75381093715,113.18786895205,113.62192696694,
    114.05598498184,114.49004299673,114.92410101162,115.35815902652,
    115.79221704141,116.22627505631,116.6603330712,117.0943910861,
    117.52844910099,117.96250711589,118.39656513078,118.83062314568,
    119.26468116057,119.69873917547,120.13279719036,120.56685520526,
    121.00091322015,121.43497123505,121.86902924994,122.30308726484,
    122.73714527973,123.17120329463),.QUASI_UNIFORM_KNOTS.);
#3102 = CARTESIAN_POINT('',(0.660952889145,135.2732635222));
#3103 = CARTESIAN_POINT('',(0.660954196062,135.42420251129));
#3104 = CARTESIAN_POINT('',(0.660957246763,135.72585274284));
#3105 = CARTESIAN_POINT('',(0.660963188965,136.17765154085));
#3106 = CARTESIAN_POINT('',(0.660970545003,136.62878040457));
#3107 = CARTESIAN_POINT('',(0.660979390087,137.07924621352));
#3108 = CARTESIAN_POINT('',(0.660989930197,137.52905514796));
#3109 = CARTESIAN_POINT('',(0.661003153639,137.97821343993));
#3110 = CARTESIAN_POINT('',(0.66101831193,138.42673439154));
#3111 = CARTESIAN_POINT('',(0.661035001745,138.87463004208));
#3112 = CARTESIAN_POINT('',(0.661052736407,139.32191293439));
#3113 = CARTESIAN_POINT('',(0.661071055233,139.76859565637));
#3114 = CARTESIAN_POINT('',(0.661089495819,140.2146909307));
#3115 = CARTESIAN_POINT('',(0.661107576631,140.6602117369));
#3116 = CARTESIAN_POINT('',(0.661124818066,141.10517033425));
#3117 = CARTESIAN_POINT('',(0.661140804422,141.54957886287));
#3118 = CARTESIAN_POINT('',(0.661155095446,141.99344966993));
#3119 = CARTESIAN_POINT('',(0.661167244833,142.43679523068));
#3120 = CARTESIAN_POINT('',(0.661176788706,142.87962817532));
#3121 = CARTESIAN_POINT('',(0.661183254766,143.32196128389));
#3122 = CARTESIAN_POINT('',(0.661186118595,143.76380750366));
#3123 = CARTESIAN_POINT('',(0.661184986701,144.20517888905));
#3124 = CARTESIAN_POINT('',(0.661179474973,144.64608763908));
#3125 = CARTESIAN_POINT('',(0.661169169323,145.08654610123));
#3126 = CARTESIAN_POINT('',(0.661153616734,145.52656681657));
#3127 = CARTESIAN_POINT('',(0.661132382159,145.96616235997));
#3128 = CARTESIAN_POINT('',(0.66110481133,146.40534595919));
#3129 = CARTESIAN_POINT('',(0.661070945721,146.8441289869));
#3130 = CARTESIAN_POINT('',(0.661028804565,147.28252676786));
#3131 = CARTESIAN_POINT('',(0.660986551152,147.72053126209));
#3132 = CARTESIAN_POINT('',(0.66094556718,148.15819991856));
#3133 = CARTESIAN_POINT('',(0.660906406972,148.5955866248));
#3134 = CARTESIAN_POINT('',(0.660869444597,149.03274729854));
#3135 = CARTESIAN_POINT('',(0.660834591312,149.46973856919));
#3136 = CARTESIAN_POINT('',(0.66080297242,149.90661409271));
#3137 = CARTESIAN_POINT('',(0.660775419635,150.34342829473));
#3138 = CARTESIAN_POINT('',(0.660752431494,150.78023640977));
#3139 = CARTESIAN_POINT('',(0.660733900048,151.21709514252));
#3140 = CARTESIAN_POINT('',(0.660720399502,151.65405949003));
#3141 = CARTESIAN_POINT('',(0.660713101921,152.09118312668));
#3142 = CARTESIAN_POINT('',(0.660712582798,152.52852110446));
#3143 = CARTESIAN_POINT('',(0.66071893427,152.96612959507));
#3144 = CARTESIAN_POINT('',(0.660732241749,153.40406471763));
#3145 = CARTESIAN_POINT('',(0.660753851127,153.84237982997));
#3146 = CARTESIAN_POINT('',(0.660784436095,154.28112978826));
#3147 = CARTESIAN_POINT('',(0.660824248138,154.72037038214));
#3148 = CARTESIAN_POINT('',(0.660873080843,155.16015832856));
#3149 = CARTESIAN_POINT('',(0.660932171281,155.60054734867));
#3150 = CARTESIAN_POINT('',(0.661002779744,156.04159090005));
#3151 = CARTESIAN_POINT('',(0.661083669458,156.48334865662));
#3152 = CARTESIAN_POINT('',(0.661180466509,156.92586219006));
#3153 = CARTESIAN_POINT('',(0.661272438132,157.36924253636));
#3154 = CARTESIAN_POINT('',(0.6613489904,157.81357753911));
#3155 = CARTESIAN_POINT('',(0.66141447262,158.25891570119));
#3156 = CARTESIAN_POINT('',(0.661468262844,158.70531797787));
#3157 = CARTESIAN_POINT('',(0.661510943506,159.15284225476));
#3158 = CARTESIAN_POINT('',(0.661543361333,159.60154618712));
#3159 = CARTESIAN_POINT('',(0.661566754915,160.05148611806));
#3160 = CARTESIAN_POINT('',(0.661581922528,160.50271956252));
#3161 = CARTESIAN_POINT('',(0.661589293611,160.9553049098));
#3162 = CARTESIAN_POINT('',(0.661589031603,161.409301287));
#3163 = CARTESIAN_POINT('',(0.661582498354,161.86476474293));
#3164 = CARTESIAN_POINT('',(0.661570635868,162.32175236218));
#3165 = CARTESIAN_POINT('',(0.661554133809,162.7803219086));
#3166 = CARTESIAN_POINT('',(0.661533182748,163.24053246551));
#3167 = CARTESIAN_POINT('',(0.661508479625,163.70244185546));
#3168 = CARTESIAN_POINT('',(0.661481284704,164.16610623458));
#3169 = CARTESIAN_POINT('',(0.661452397178,164.63158306603));
#3170 = CARTESIAN_POINT('',(0.66142241869,165.09893038411));
#3171 = CARTESIAN_POINT('',(0.661391574134,165.56820734142));
#3172 = CARTESIAN_POINT('',(0.661360943471,166.03947066749));
#3173 = CARTESIAN_POINT('',(0.661331530256,166.51277703738));
#3174 = CARTESIAN_POINT('',(0.661303700562,166.98818578599));
#3175 = CARTESIAN_POINT('',(0.661279077568,167.46575006491));
#3176 = CARTESIAN_POINT('',(0.661261547357,167.94552845735));
#3177 = CARTESIAN_POINT('',(0.661249868159,168.42760076163));
#3178 = CARTESIAN_POINT('',(0.661243685941,168.91204267542));
#3179 = CARTESIAN_POINT('',(0.661241860363,169.39893269399));
#3180 = CARTESIAN_POINT('',(0.661243672243,169.88834809959));
#3181 = CARTESIAN_POINT('',(0.661249027775,170.38036380012));
#3182 = CARTESIAN_POINT('',(0.661257391902,170.87505624804));
#3183 = CARTESIAN_POINT('',(0.661268058306,171.37250251378));
#3184 = CARTESIAN_POINT('',(0.661279953758,171.87278116605));
#3185 = CARTESIAN_POINT('',(0.661292703771,172.37596819286));
#3186 = CARTESIAN_POINT('',(0.661305923531,172.88213903596));
#3187 = CARTESIAN_POINT('',(0.661319015664,173.39137030651));
#3188 = CARTESIAN_POINT('',(0.661331238945,173.9037392272));
#3189 = CARTESIAN_POINT('',(0.661341733552,174.41932417355));
#3190 = CARTESIAN_POINT('',(0.661350093223,174.93820077124));
#3191 = CARTESIAN_POINT('',(0.661355701676,175.46044474953));
#3192 = CARTESIAN_POINT('',(0.661357924005,175.98613267586));
#3193 = CARTESIAN_POINT('',(0.661356082979,176.51534160592));
#3194 = CARTESIAN_POINT('',(0.661349499061,177.04814963518));
#3195 = CARTESIAN_POINT('',(0.661337585383,177.58463212912));
#3196 = CARTESIAN_POINT('',(0.661319557672,178.12486640753));
#3197 = CARTESIAN_POINT('',(0.661295021729,178.66892614888));
#3198 = CARTESIAN_POINT('',(0.661256881326,179.21691999462));
#3199 = CARTESIAN_POINT('',(0.661208320522,179.76894470338));
#3200 = CARTESIAN_POINT('',(0.661150959276,180.32509891011));
#3201 = CARTESIAN_POINT('',(0.661086908843,180.88548155956));
#3202 = CARTESIAN_POINT('',(0.661018345019,181.45019279798));
#3203 = CARTESIAN_POINT('',(0.660947581189,182.01933085957));
#3204 = CARTESIAN_POINT('',(0.660876145242,182.59299359734));
#3205 = CARTESIAN_POINT('',(0.660806019852,183.17127961399));
#3206 = CARTESIAN_POINT('',(0.660739389129,183.75428780441));
#3207 = CARTESIAN_POINT('',(0.660679037788,184.34211768666));
#3208 = CARTESIAN_POINT('',(0.660627225325,184.93486748791));
#3209 = CARTESIAN_POINT('',(0.660585246356,185.53263581602));
#3210 = CARTESIAN_POINT('',(0.660555173309,186.13552143297));
#3211 = CARTESIAN_POINT('',(0.660539763255,186.74362317149));
#3212 = CARTESIAN_POINT('',(0.660541829739,187.35703976417));
#3213 = CARTESIAN_POINT('',(0.660555961321,187.76959325387));
#3214 = CARTESIAN_POINT('',(0.660566546519,187.97678873436));
#3215 = ( GEOMETRIC_REPRESENTATION_CONTEXT(2) 
PARAMETRIC_REPRESENTATION_CONTEXT() REPRESENTATION_CONTEXT('2D SPACE',''
  ) );
#3216 = PCURVE('',#1175,#3217);
#3217 = DEFINITIONAL_REPRESENTATION('',(#3218),#3332);
#3218 = B_SPLINE_CURVE_WITH_KNOTS('',3,(#3219,#3220,#3221,#3222,#3223,
    #3224,#3225,#3226,#3227,#3228,#3229,#3230,#3231,#3232,#3233,#3234,
    #3235,#3236,#3237,#3238,#3239,#3240,#3241,#3242,#3243,#3244,#3245,
    #3246,#3247,#3248,#3249,#3250,#3251,#3252,#3253,#3254,#3255,#3256,
    #3257,#3258,#3259,#3260,#3261,#3262,#3263,#3264,#3265,#3266,#3267,
    #3268,#3269,#3270,#3271,#3272,#3273,#3274,#3275,#3276,#3277,#3278,
    #3279,#3280,#3281,#3282,#3283,#3284,#3285,#3286,#3287,#3288,#3289,
    #3290,#3291,#3292,#3293,#3294,#3295,#3296,#3297,#3298,#3299,#3300,
    #3301,#3302,#3303,#3304,#3305,#3306,#3307,#3308,#3309,#3310,#3311,
    #3312,#3313,#3314,#3315,#3316,#3317,#3318,#3319,#3320,#3321,#3322,
    #3323,#3324,#3325,#3326,#3327,#3328,#3329,#3330,#3331),
  .UNSPECIFIED.,.F.,.F.,(4,1,1,1,1,1,1,1,1,1,1,1,1,1,1,1,1,1,1,1,1,1,1,1
    ,1,1,1,1,1,1,1,1,1,1,1,1,1,1,1,1,1,1,1,1,1,1,1,1,1,1,1,1,1,1,1,1,1,1
    ,1,1,1,1,1,1,1,1,1,1,1,1,1,1,1,1,1,1,1,1,1,1,1,1,1,1,1,1,1,1,1,1,1,1
    ,1,1,1,1,1,1,1,1,1,1,1,1,1,1,1,1,1,1,4),(75.424821656191,
    75.858879671086,76.292937685981,76.726995700876,77.161053715771,
    77.595111730666,78.029169745561,78.463227760456,78.897285775351,
    79.331343790246,79.76540180514,80.199459820035,80.63351783493,
    81.067575849825,81.50163386472,81.935691879615,82.36974989451,
    82.803807909405,83.2378659243,83.671923939195,84.10598195409,
    84.540039968985,84.97409798388,85.408155998774,85.842214013669,
    86.276272028564,86.710330043459,87.144388058354,87.578446073249,
    88.012504088144,88.446562103039,88.880620117934,89.314678132829,
    89.748736147724,90.182794162619,90.616852177514,91.050910192409,
    91.484968207303,91.919026222198,92.353084237093,92.787142251988,
    93.221200266883,93.655258281778,94.089316296673,94.523374311568,
    94.957432326463,95.391490341358,95.825548356253,96.259606371148,
    96.693664386043,97.127722400937,97.561780415832,97.995838430727,
    98.429896445622,98.863954460517,99.298012475412,99.732070490307,
    100.1661285052,100.60018652009,101.03424453499,101.46830254988,
    101.90236056478,102.33641857967,102.77047659457,103.20453460946,
    103.63859262436,104.07265063925,104.50670865415,104.94076666904,
    105.37482468394,105.80888269883,106.24294071373,106.67699872862,
    107.11105674352,107.54511475841,107.97917277331,108.4132307882,
    108.8472888031,109.28134681799,109.71540483289,110.14946284778,
    110.58352086268,111.01757887757,111.45163689247,111.88569490736,
    112.31975292226,112.75381093715,113.18786895205,113.62192696694,
    114.05598498184,114.49004299673,114.92410101162,115.35815902652,
    115.79221704141,116.22627505631,116.6603330712,117.0943910861,
    117.52844910099,117.96250711589,118.39656513078,118.83062314568,
    119.26468116057,119.69873917547,120.13279719036,120.56685520526,
    121.00091322015,121.43497123505,121.86902924994,122.30308726484,
    122.73714527973,123.17120329463),.QUASI_UNIFORM_KNOTS.);
#3219 = CARTESIAN_POINT('',(132.05028666326,1.134264969441));
#3220 = CARTESIAN_POINT('',(132.19763037155,1.134262991354));
#3221 = CARTESIAN_POINT('',(132.49209539421,1.134258404748));
#3222 = CARTESIAN_POINT('',(132.93313226578,1.13424953058));
#3223 = CARTESIAN_POINT('',(133.37351492041,1.134238565951));
#3224 = CARTESIAN_POINT('',(133.81325006217,1.134225391013));
#3225 = CARTESIAN_POINT('',(134.25234371294,1.134209688904));
#3226 = CARTESIAN_POINT('',(134.69080194124,1.1341898411));
#3227 = CARTESIAN_POINT('',(135.12863771923,1.134167065212));
#3228 = CARTESIAN_POINT('',(135.56586278715,1.134142003519));
#3229 = CARTESIAN_POINT('',(136.00248937762,1.134115422107));
#3230 = CARTESIAN_POINT('',(136.43852976782,1.134088026972));
#3231 = CARTESIAN_POINT('',(136.87399636731,1.134060516376));
#3232 = CARTESIAN_POINT('',(137.30890183572,1.134033571279));
#3233 = CARTESIAN_POINT('',(137.74325813558,1.134007980885));
#3234 = CARTESIAN_POINT('',(138.17707711646,1.133984486564));
#3235 = CARTESIAN_POINT('',(138.61037082974,1.133963827239));
#3236 = CARTESIAN_POINT('',(139.04315145228,1.133946731345));
#3237 = CARTESIAN_POINT('',(139.47543131226,1.133933924968));
#3238 = CARTESIAN_POINT('',(139.9072228844,1.133926122715));
#3239 = CARTESIAN_POINT('',(140.33853880611,1.133924071573));
#3240 = CARTESIAN_POINT('',(140.76939085243,1.133928513536));
#3241 = CARTESIAN_POINT('',(141.19979094007,1.133940161047));
#3242 = CARTESIAN_POINT('',(141.62975113033,1.133959735256));
#3243 = CARTESIAN_POINT('',(142.05928367339,1.133987979781));
#3244 = CARTESIAN_POINT('',(142.48840085189,1.134025582395));
#3245 = CARTESIAN_POINT('',(142.91711558623,1.134073489598));
#3246 = CARTESIAN_POINT('',(143.34543898444,1.134131729523));
#3247 = CARTESIAN_POINT('',(143.77338605118,1.134203590847));
#3248 = CARTESIAN_POINT('',(144.20094877808,1.134275628028));
#3249 = CARTESIAN_POINT('',(144.62818322673,1.13434607003));
#3250 = CARTESIAN_POINT('',(145.05514197735,1.134414092336));
#3251 = CARTESIAN_POINT('',(145.48187957902,1.134478892736));
#3252 = CARTESIAN_POINT('',(145.90845126292,1.134540029578));
#3253 = CARTESIAN_POINT('',(146.33490938758,1.134596190306));
#3254 = CARTESIAN_POINT('',(146.76130705221,1.134646264739));
#3255 = CARTESIAN_POINT('',(147.18769813474,1.134689384154));
#3256 = CARTESIAN_POINT('',(147.61413793059,1.134725118388));
#3257 = CARTESIAN_POINT('',(148.04068008391,1.134752549021));
#3258 = CARTESIAN_POINT('',(148.46737695972,1.134770307238));
#3259 = CARTESIAN_POINT('',(148.89428225082,1.134777466364));
#3260 = CARTESIAN_POINT('',(149.32145072901,1.134773456629));
#3261 = CARTESIAN_POINT('',(149.74893711284,1.134757721744));
#3262 = CARTESIAN_POINT('',(150.17679345313,1.13472875546));
#3263 = CARTESIAN_POINT('',(150.60507324501,1.134685554922));
#3264 = CARTESIAN_POINT('',(151.0338308832,1.134627444625));
#3265 = CARTESIAN_POINT('',(151.46312165263,1.134554070464));
#3266 = CARTESIAN_POINT('',(151.89299795357,1.134464097222));
#3267 = CARTESIAN_POINT('',(152.32351189783,1.134355732885));
#3268 = CARTESIAN_POINT('',(152.75472171575,1.13423072673));
#3269 = CARTESIAN_POINT('',(153.18666771191,1.134079506877));
#3270 = CARTESIAN_POINT('',(153.6194589591,1.133935864033));
#3271 = CARTESIAN_POINT('',(154.05318161136,1.133817470121));
#3272 = CARTESIAN_POINT('',(154.48788288414,1.13371761998));
#3273 = CARTESIAN_POINT('',(154.92362226549,1.133636886997));
#3274 = CARTESIAN_POINT('',(155.3604562021,1.13357398892));
#3275 = CARTESIAN_POINT('',(155.7984409582,1.133527680475));
#3276 = CARTESIAN_POINT('',(156.23763154821,1.133496342992));
#3277 = CARTESIAN_POINT('',(156.67808411408,1.133478716411));
#3278 = CARTESIAN_POINT('',(157.11985564127,1.133473817877));
#3279 = CARTESIAN_POINT('',(157.56300382647,1.133480876003));
#3280 = CARTESIAN_POINT('',(158.00758339161,1.133498182094));
#3281 = CARTESIAN_POINT('',(158.45365005798,1.13352435222));
#3282 = CARTESIAN_POINT('',(158.90126020242,1.133558202461));
#3283 = CARTESIAN_POINT('',(159.35047147481,1.133598939848));
#3284 = CARTESIAN_POINT('',(159.80134030705,1.133645380536));
#3285 = CARTESIAN_POINT('',(160.25392151797,1.13369588173));
#3286 = CARTESIAN_POINT('',(160.70827118962,1.133749172649));
#3287 = CARTESIAN_POINT('',(161.16444595556,1.133804144223));
#3288 = CARTESIAN_POINT('',(161.62250352892,1.133859988013));
#3289 = CARTESIAN_POINT('',(162.08249928228,1.133915233014));
#3290 = CARTESIAN_POINT('',(162.54448852233,1.133968365239));
#3291 = CARTESIAN_POINT('',(163.00852916964,1.134018763104));
#3292 = CARTESIAN_POINT('',(163.47467301266,1.134063436052));
#3293 = CARTESIAN_POINT('',(163.94297707038,1.134096282566));
#3294 = CARTESIAN_POINT('',(164.41351934524,1.134119644356));
#3295 = CARTESIAN_POINT('',(164.88637376235,1.134134082168));
#3296 = CARTESIAN_POINT('',(165.3616169849,1.134141069967));
#3297 = CARTESIAN_POINT('',(165.83932450226,1.134141683855));
#3298 = CARTESIAN_POINT('',(166.31956950761,1.134136483641));
#3299 = CARTESIAN_POINT('',(166.8024266936,1.134126391205));
#3300 = CARTESIAN_POINT('',(167.28797135579,1.134112472427));
#3301 = CARTESIAN_POINT('',(167.77628024795,1.134096112369));
#3302 = CARTESIAN_POINT('',(168.26742762841,1.134078106211));
#3303 = CARTESIAN_POINT('',(168.76148722165,1.13405920673));
#3304 = CARTESIAN_POINT('',(169.25853389701,1.134040378678));
#3305 = CARTESIAN_POINT('',(169.75864312323,1.134022712925));
#3306 = CARTESIAN_POINT('',(170.26189150457,1.134007459958));
#3307 = CARTESIAN_POINT('',(170.7683529695,1.133995395106));
#3308 = CARTESIAN_POINT('',(171.27810154111,1.13398740889));
#3309 = CARTESIAN_POINT('',(171.79121207539,1.133984473358));
#3310 = CARTESIAN_POINT('',(172.3077599151,1.133987623781));
#3311 = CARTESIAN_POINT('',(172.82782143786,1.133997983066));
#3312 = CARTESIAN_POINT('',(173.3514703424,1.13401639517));
#3313 = CARTESIAN_POINT('',(173.87878224849,1.134043936192));
#3314 = CARTESIAN_POINT('',(174.40982923136,1.134081301066));
#3315 = CARTESIAN_POINT('',(174.94471798277,1.134139618622));
#3316 = CARTESIAN_POINT('',(175.48354283876,1.134213521028));
#3317 = CARTESIAN_POINT('',(176.02640009977,1.134300328323));
#3318 = CARTESIAN_POINT('',(176.5733863464,1.134396702688));
#3319 = CARTESIAN_POINT('',(177.12459936882,1.134499538867));
#3320 = CARTESIAN_POINT('',(177.6801350651,1.134605439863));
#3321 = CARTESIAN_POINT('',(178.24008888772,1.134711343048));
#3322 = CARTESIAN_POINT('',(178.80455706224,1.134814063702));
#3323 = CARTESIAN_POINT('',(179.37363611392,1.134910366624));
#3324 = CARTESIAN_POINT('',(179.94742322815,1.134996821952));
#3325 = CARTESIAN_POINT('',(180.52601425886,1.135070112199));
#3326 = CARTESIAN_POINT('',(181.10950534874,1.135127402754));
#3327 = CARTESIAN_POINT('',(181.69799284599,1.135165534322));
#3328 = CARTESIAN_POINT('',(182.29157321242,1.135181061042));
#3329 = CARTESIAN_POINT('',(182.89034280262,1.135170514538));
#3330 = CARTESIAN_POINT('',(183.29304620734,1.135144147578));
#3331 = CARTESIAN_POINT('',(183.49529488095,1.135125616053));
#3332 = ( GEOMETRIC_REPRESENTATION_CONTEXT(2) 
PARAMETRIC_REPRESENTATION_CONTEXT() REPRESENTATION_CONTEXT('2D SPACE',''
  ) );
#3333 = ORIENTED_EDGE('',*,*,#3334,.F.);
#3334 = EDGE_CURVE('',#3335,#3016,#3337,.T.);
#3335 = VERTEX_POINT('',#3336);
#3336 = CARTESIAN_POINT('',(31.,37.309401076758,27.386775728501));
#3337 = SURFACE_CURVE('',#3338,(#3343,#3349),.PCURVE_S1.);
#3338 = B_SPLINE_CURVE_WITH_KNOTS('',3,(#3339,#3340,#3341,#3342),
  .UNSPECIFIED.,.F.,.F.,(4,4),(-0.129954614976,-4.687467508579E-05),
  .PIECEWISE_BEZIER_KNOTS.);
#3339 = CARTESIAN_POINT('',(31.,37.309401076758,27.386775728501));
#3340 = CARTESIAN_POINT('',(31.,36.960678525081,27.643470313987));
#3341 = CARTESIAN_POINT('',(31.,36.612290730012,27.900605790374));
#3342 = CARTESIAN_POINT('',(31.,36.264210307876,28.158193364344));
#3343 = PCURVE('',#644,#3344);
#3344 = DEFINITIONAL_REPRESENTATION('',(#3345),#3348);
#3345 = B_SPLINE_CURVE_WITH_KNOTS('',1,(#3346,#3347),.UNSPECIFIED.,.F.,
  .F.,(2,2),(-0.129954614976,-4.687467508579E-05),
  .PIECEWISE_BEZIER_KNOTS.);
#3346 = CARTESIAN_POINT('',(2.290394183306,135.32902752784));
#3347 = CARTESIAN_POINT('',(0.66095307693,135.27326238485));
#3348 = ( GEOMETRIC_REPRESENTATION_CONTEXT(2) 
PARAMETRIC_REPRESENTATION_CONTEXT() REPRESENTATION_CONTEXT('2D SPACE',''
  ) );
#3349 = PCURVE('',#3350,#3355);
#3350 = PLANE('',#3351);
#3351 = AXIS2_PLACEMENT_3D('',#3352,#3353,#3354);
#3352 = CARTESIAN_POINT('',(31.,37.309401076758,15.));
#3353 = DIRECTION('',(-1.,0.,-1.224646799147E-16));
#3354 = DIRECTION('',(0.,-1.,-0.));
#3355 = DEFINITIONAL_REPRESENTATION('',(#3356),#3361);
#3356 = B_SPLINE_CURVE_WITH_KNOTS('',3,(#3357,#3358,#3359,#3360),
  .UNSPECIFIED.,.F.,.F.,(4,4),(-0.129954614976,-4.687467508579E-05),
  .PIECEWISE_BEZIER_KNOTS.);
#3357 = CARTESIAN_POINT('',(0.,12.386775728501));
#3358 = CARTESIAN_POINT('',(0.348722551678,12.643470313987));
#3359 = CARTESIAN_POINT('',(0.697110346747,12.900605790374));
#3360 = CARTESIAN_POINT('',(1.045190768883,13.158193364344));
#3361 = ( GEOMETRIC_REPRESENTATION_CONTEXT(2) 
PARAMETRIC_REPRESENTATION_CONTEXT() REPRESENTATION_CONTEXT('2D SPACE',''
  ) );
#3362 = ORIENTED_EDGE('',*,*,#3363,.F.);
#3363 = EDGE_CURVE('',#3364,#3335,#3366,.T.);
#3364 = VERTEX_POINT('',#3365);
#3365 = CARTESIAN_POINT('',(35.,39.618802153517,26.099801699746));
#3366 = SURFACE_CURVE('',#3367,(#3372,#3401),.PCURVE_S1.);
#3367 = B_SPLINE_CURVE_WITH_KNOTS('',3,(#3368,#3369,#3370,#3371),
  .UNSPECIFIED.,.F.,.F.,(4,4),(-0.527880956742,-5.178096958378E-02),
  .PIECEWISE_BEZIER_KNOTS.);
#3368 = CARTESIAN_POINT('',(35.,39.618802153517,26.099801699746));
#3369 = CARTESIAN_POINT('',(33.671201168987,38.851619790733,
    26.533316459973));
#3370 = CARTESIAN_POINT('',(32.328716950515,38.076536165815,
    26.964733135064));
#3371 = CARTESIAN_POINT('',(31.,37.309401076758,27.386775728501));
#3372 = PCURVE('',#644,#3373);
#3373 = DEFINITIONAL_REPRESENTATION('',(#3374),#3400);
#3374 = B_SPLINE_CURVE_WITH_KNOTS('',3,(#3375,#3376,#3377,#3378,#3379,
    #3380,#3381,#3382,#3383,#3384,#3385,#3386,#3387,#3388,#3389,#3390,
    #3391,#3392,#3393,#3394,#3395,#3396,#3397,#3398,#3399),
  .UNSPECIFIED.,.F.,.F.,(4,1,1,1,1,1,1,1,1,1,1,1,1,1,1,1,1,1,1,1,1,1,4),
  (-0.527880956742,-0.506240048235,-0.484599139728,-0.462958231221,
    -0.441317322713,-0.419676414206,-0.398035505699,-0.376394597192,
    -0.354753688685,-0.333112780177,-0.31147187167,-0.289830963163,
    -0.268190054656,-0.246549146149,-0.224908237641,-0.203267329134,
    -0.181626420627,-0.15998551212,-0.138344603613,-0.116703695105,
    -9.506278659819E-02,-7.342187809099E-02,-5.178096958378E-02),
  .UNSPECIFIED.);
#3375 = CARTESIAN_POINT('',(6.387843097505,131.5112655858));
#3376 = CARTESIAN_POINT('',(6.324095215754,131.5686727532));
#3377 = CARTESIAN_POINT('',(6.196717045177,131.68356192067));
#3378 = CARTESIAN_POINT('',(6.006017085045,131.85610586874));
#3379 = CARTESIAN_POINT('',(5.815699006796,132.02884571538));
#3380 = CARTESIAN_POINT('',(5.625777154428,132.2017671523));
#3381 = CARTESIAN_POINT('',(5.436265714658,132.37485586437));
#3382 = CARTESIAN_POINT('',(5.247178695711,132.54809752849));
#3383 = CARTESIAN_POINT('',(5.058529934611,132.72147781352));
#3384 = CARTESIAN_POINT('',(4.870333096914,132.89498237996));
#3385 = CARTESIAN_POINT('',(4.682601678546,133.06859687964));
#3386 = CARTESIAN_POINT('',(4.495349007153,133.24230695539));
#3387 = CARTESIAN_POINT('',(4.308588243658,133.41609824071));
#3388 = CARTESIAN_POINT('',(4.122332383835,133.58995635938));
#3389 = CARTESIAN_POINT('',(3.936594259961,133.76386692512));
#3390 = CARTESIAN_POINT('',(3.751386542507,133.93781554117));
#3391 = CARTESIAN_POINT('',(3.566721741906,134.11178779986));
#3392 = CARTESIAN_POINT('',(3.382612210343,134.28576928223));
#3393 = CARTESIAN_POINT('',(3.19907014371,134.45974555758));
#3394 = CARTESIAN_POINT('',(3.016107583179,134.63370218293));
#3395 = CARTESIAN_POINT('',(2.83373641849,134.80762470277));
#3396 = CARTESIAN_POINT('',(2.651968385068,134.981498648));
#3397 = CARTESIAN_POINT('',(2.470815084417,135.15530953733));
#3398 = CARTESIAN_POINT('',(2.350463640051,135.27113175901));
#3399 = CARTESIAN_POINT('',(2.290394183306,135.32902752784));
#3400 = ( GEOMETRIC_REPRESENTATION_CONTEXT(2) 
PARAMETRIC_REPRESENTATION_CONTEXT() REPRESENTATION_CONTEXT('2D SPACE',''
  ) );
#3401 = PCURVE('',#3402,#3407);
#3402 = PLANE('',#3403);
#3403 = AXIS2_PLACEMENT_3D('',#3404,#3405,#3406);
#3404 = CARTESIAN_POINT('',(35.,39.618802153517,15.));
#3405 = DIRECTION('',(-0.5,0.866025403784,-6.123233995737E-17));
#3406 = DIRECTION('',(-0.866025403784,-0.5,-1.060575238725E-16));
#3407 = DEFINITIONAL_REPRESENTATION('',(#3408),#3413);
#3408 = B_SPLINE_CURVE_WITH_KNOTS('',3,(#3409,#3410,#3411,#3412),
  .UNSPECIFIED.,.F.,.F.,(4,4),(-0.527880956742,-5.178096958378E-02),
  .PIECEWISE_BEZIER_KNOTS.);
#3409 = CARTESIAN_POINT('',(2.13162820728E-14,11.099801699746));
#3410 = CARTESIAN_POINT('',(1.534364725569,11.533316459973));
#3411 = CARTESIAN_POINT('',(3.084531975404,11.964733135064));
#3412 = CARTESIAN_POINT('',(4.618802153517,12.386775728501));
#3413 = ( GEOMETRIC_REPRESENTATION_CONTEXT(2) 
PARAMETRIC_REPRESENTATION_CONTEXT() REPRESENTATION_CONTEXT('2D SPACE',''
  ) );
#3414 = ORIENTED_EDGE('',*,*,#3415,.F.);
#3415 = EDGE_CURVE('',#3416,#3364,#3418,.T.);
#3416 = VERTEX_POINT('',#3417);
#3417 = CARTESIAN_POINT('',(39.,37.309401076758,28.183777675598));
#3418 = SURFACE_CURVE('',#3419,(#3424,#3453),.PCURVE_S1.);
#3419 = B_SPLINE_CURVE_WITH_KNOTS('',3,(#3420,#3421,#3422,#3423),
  .UNSPECIFIED.,.F.,.F.,(4,4),(-0.55898591295,-5.476788167263E-02),
  .PIECEWISE_BEZIER_KNOTS.);
#3420 = CARTESIAN_POINT('',(39.,37.309401076758,28.183777675598));
#3421 = CARTESIAN_POINT('',(37.669288671993,38.077687620197,
    27.487510707425));
#3422 = CARTESIAN_POINT('',(36.329932052985,38.850965524723,
    26.790254873937));
#3423 = CARTESIAN_POINT('',(35.,39.618802153517,26.099801699746));
#3424 = PCURVE('',#644,#3425);
#3425 = DEFINITIONAL_REPRESENTATION('',(#3426),#3452);
#3426 = B_SPLINE_CURVE_WITH_KNOTS('',3,(#3427,#3428,#3429,#3430,#3431,
    #3432,#3433,#3434,#3435,#3436,#3437,#3438,#3439,#3440,#3441,#3442,
    #3443,#3444,#3445,#3446,#3447,#3448,#3449,#3450,#3451),
  .UNSPECIFIED.,.F.,.F.,(4,1,1,1,1,1,1,1,1,1,1,1,1,1,1,1,1,1,1,1,1,1,4),
  (-0.55898591295,-0.536066911528,-0.513147910107,-0.490228908685,
    -0.467309907263,-0.444390905842,-0.42147190442,-0.398552902998,
    -0.375633901576,-0.352714900155,-0.329795898733,-0.306876897311,
    -0.28395789589,-0.261038894468,-0.238119893046,-0.215200891625,
    -0.192281890203,-0.169362888781,-0.146443887359,-0.123524885938,
    -0.100605884516,-7.768688309433E-02,-5.476788167263E-02),
  .UNSPECIFIED.);
#3427 = CARTESIAN_POINT('',(3.029318981382,127.62613425758));
#3428 = CARTESIAN_POINT('',(3.080942084966,127.68357339287));
#3429 = CARTESIAN_POINT('',(3.184141632037,127.798598711));
#3430 = CARTESIAN_POINT('',(3.338792474969,127.97157097361));
#3431 = CARTESIAN_POINT('',(3.493286323606,128.14497068671));
#3432 = CARTESIAN_POINT('',(3.647614728667,128.31879093725));
#3433 = CARTESIAN_POINT('',(3.801769285235,128.49302475953));
#3434 = CARTESIAN_POINT('',(3.955741639117,128.66766512693));
#3435 = CARTESIAN_POINT('',(4.109523485332,128.84270495263));
#3436 = CARTESIAN_POINT('',(4.263106568692,129.018137088));
#3437 = CARTESIAN_POINT('',(4.416482683806,129.19395432157));
#3438 = CARTESIAN_POINT('',(4.569643675228,129.3701493778));
#3439 = CARTESIAN_POINT('',(4.722581437547,129.54671491601));
#3440 = CARTESIAN_POINT('',(4.875287915484,129.7236435291));
#3441 = CARTESIAN_POINT('',(5.027755103964,129.90092774249));
#3442 = CARTESIAN_POINT('',(5.179975048192,130.0785600129));
#3443 = CARTESIAN_POINT('',(5.331939843704,130.25653272718));
#3444 = CARTESIAN_POINT('',(5.483641636419,130.43483820115));
#3445 = CARTESIAN_POINT('',(5.635072622644,130.61346867847));
#3446 = CARTESIAN_POINT('',(5.786225049218,130.79241632924));
#3447 = CARTESIAN_POINT('',(5.937091213068,130.97167324959));
#3448 = CARTESIAN_POINT('',(6.087663462917,131.1512314578));
#3449 = CARTESIAN_POINT('',(6.23793419289,131.33108290312));
#3450 = CARTESIAN_POINT('',(6.337908641852,131.45117391922));
#3451 = CARTESIAN_POINT('',(6.387843097505,131.5112655858));
#3452 = ( GEOMETRIC_REPRESENTATION_CONTEXT(2) 
PARAMETRIC_REPRESENTATION_CONTEXT() REPRESENTATION_CONTEXT('2D SPACE',''
  ) );
#3453 = PCURVE('',#3454,#3459);
#3454 = PLANE('',#3455);
#3455 = AXIS2_PLACEMENT_3D('',#3456,#3457,#3458);
#3456 = CARTESIAN_POINT('',(39.,37.309401076758,15.));
#3457 = DIRECTION('',(0.5,0.866025403784,6.123233995737E-17));
#3458 = DIRECTION('',(-0.866025403784,0.5,-1.060575238725E-16));
#3459 = DEFINITIONAL_REPRESENTATION('',(#3460),#3465);
#3460 = B_SPLINE_CURVE_WITH_KNOTS('',3,(#3461,#3462,#3463,#3464),
  .UNSPECIFIED.,.F.,.F.,(4,4),(-0.55898591295,-5.476788167263E-02),
  .PIECEWISE_BEZIER_KNOTS.);
#3461 = CARTESIAN_POINT('',(1.95399252334E-14,13.183777675598));
#3462 = CARTESIAN_POINT('',(1.536573086877,12.487510707425));
#3463 = CARTESIAN_POINT('',(3.083128895928,11.790254873937));
#3464 = CARTESIAN_POINT('',(4.618802153517,11.099801699746));
#3465 = ( GEOMETRIC_REPRESENTATION_CONTEXT(2) 
PARAMETRIC_REPRESENTATION_CONTEXT() REPRESENTATION_CONTEXT('2D SPACE',''
  ) );
#3466 = ORIENTED_EDGE('',*,*,#3467,.F.);
#3467 = EDGE_CURVE('',#3468,#3416,#3470,.T.);
#3468 = VERTEX_POINT('',#3469);
#3469 = CARTESIAN_POINT('',(39.,35.859311833338,29.269587872506));
#3470 = SURFACE_CURVE('',#3471,(#3476,#3482),.PCURVE_S1.);
#3471 = B_SPLINE_CURVE_WITH_KNOTS('',3,(#3472,#3473,#3474,#3475),
  .UNSPECIFIED.,.F.,.F.,(4,4),(-0.243540293553,-6.236770943397E-02),
  .PIECEWISE_BEZIER_KNOTS.);
#3472 = CARTESIAN_POINT('',(39.,35.859312705887,29.269589033965));
#3473 = CARTESIAN_POINT('',(39.,36.342145868363,28.906859265232));
#3474 = CARTESIAN_POINT('',(39.,36.825466084471,28.544950852281));
#3475 = CARTESIAN_POINT('',(39.,37.309401076758,28.183777675598));
#3476 = PCURVE('',#644,#3477);
#3477 = DEFINITIONAL_REPRESENTATION('',(#3478),#3481);
#3478 = B_SPLINE_CURVE_WITH_KNOTS('',1,(#3479,#3480),.UNSPECIFIED.,.F.,
  .F.,(2,2),(-0.243540293553,-6.236770943397E-02),
  .PIECEWISE_BEZIER_KNOTS.);
#3479 = CARTESIAN_POINT('',(0.661002395919,127.59749074783));
#3480 = CARTESIAN_POINT('',(3.029318981382,127.62613425758));
#3481 = ( GEOMETRIC_REPRESENTATION_CONTEXT(2) 
PARAMETRIC_REPRESENTATION_CONTEXT() REPRESENTATION_CONTEXT('2D SPACE',''
  ) );
#3482 = PCURVE('',#3483,#3488);
#3483 = PLANE('',#3484);
#3484 = AXIS2_PLACEMENT_3D('',#3485,#3486,#3487);
#3485 = CARTESIAN_POINT('',(39.,32.690598923242,15.));
#3486 = DIRECTION('',(1.,0.,1.224646799147E-16));
#3487 = DIRECTION('',(0.,1.,0.));
#3488 = DEFINITIONAL_REPRESENTATION('',(#3489),#3494);
#3489 = B_SPLINE_CURVE_WITH_KNOTS('',3,(#3490,#3491,#3492,#3493),
  .UNSPECIFIED.,.F.,.F.,(4,4),(-0.243540293553,-6.236770943397E-02),
  .PIECEWISE_BEZIER_KNOTS.);
#3490 = CARTESIAN_POINT('',(3.168713782646,14.269589033965));
#3491 = CARTESIAN_POINT('',(3.651546945121,13.906859265232));
#3492 = CARTESIAN_POINT('',(4.13486716123,13.544950852281));
#3493 = CARTESIAN_POINT('',(4.618802153517,13.183777675598));
#3494 = ( GEOMETRIC_REPRESENTATION_CONTEXT(2) 
PARAMETRIC_REPRESENTATION_CONTEXT() REPRESENTATION_CONTEXT('2D SPACE',''
  ) );
#3495 = ORIENTED_EDGE('',*,*,#3496,.F.);
#3496 = EDGE_CURVE('',#1154,#3468,#3497,.T.);
#3497 = SURFACE_CURVE('',#3498,(#3599,#3738),.PCURVE_S1.);
#3498 = B_SPLINE_CURVE_WITH_KNOTS('',3,(#3499,#3500,#3501,#3502,#3503,
    #3504,#3505,#3506,#3507,#3508,#3509,#3510,#3511,#3512,#3513,#3514,
    #3515,#3516,#3517,#3518,#3519,#3520,#3521,#3522,#3523,#3524,#3525,
    #3526,#3527,#3528,#3529,#3530,#3531,#3532,#3533,#3534,#3535,#3536,
    #3537,#3538,#3539,#3540,#3541,#3542,#3543,#3544,#3545,#3546,#3547,
    #3548,#3549,#3550,#3551,#3552,#3553,#3554,#3555,#3556,#3557,#3558,
    #3559,#3560,#3561,#3562,#3563,#3564,#3565,#3566,#3567,#3568,#3569,
    #3570,#3571,#3572,#3573,#3574,#3575,#3576,#3577,#3578,#3579,#3580,
    #3581,#3582,#3583,#3584,#3585,#3586,#3587,#3588,#3589,#3590,#3591,
    #3592,#3593,#3594,#3595,#3596,#3597,#3598),.UNSPECIFIED.,.F.,.F.,(4,
    3,3,3,3,3,3,3,3,3,3,3,3,3,3,3,3,3,3,3,3,3,3,3,3,3,3,3,3,3,3,3,3,4),(
    11.616965205149,13.254023884147,14.931161805092,16.635358479507,
    18.389129481747,19.331038702114,21.747418539878,24.044816088845,
    26.329779843635,28.597810824239,28.996558053171,30.898212066847,
    32.987738696794,35.209949409602,37.519136697888,38.662077404228,
    40.458875657552,42.151809899465,43.722865461062,45.244944892931,
    46.786270824094,48.227680854589,48.327596755257,50.16029760583,
    52.237594468986,54.318593963919,56.397462379703,57.993116106314,
    60.244888420953,62.479308024616,64.700327247941,66.898745510488,
    67.65863545737,68.163690006897),.UNSPECIFIED.);
#3499 = CARTESIAN_POINT('',(125.00001032297,29.771955878122,
    35.306483454994));
#3500 = CARTESIAN_POINT('',(124.20217445947,29.872064690999,
    35.359796542153));
#3501 = CARTESIAN_POINT('',(123.39538731206,29.970903863554,
    35.407295735258));
#3502 = CARTESIAN_POINT('',(122.58030115787,30.068433209375,
    35.449065157071));
#3503 = CARTESIAN_POINT('',(121.7452596804,30.168350314595,
    35.491857197551));
#3504 = CARTESIAN_POINT('',(120.90150792459,30.266892655967,
    35.528635462007));
#3505 = CARTESIAN_POINT('',(120.04978782596,30.364026091138,
    35.559526649291));
#3506 = CARTESIAN_POINT('',(119.18432617162,30.462726666163,
    35.590916231495));
#3507 = CARTESIAN_POINT('',(118.31063713821,30.559972505546,
    35.616227301788));
#3508 = CARTESIAN_POINT('',(117.42953876242,30.655737150831,
    35.635629328549));
#3509 = CARTESIAN_POINT('',(116.52280962441,30.75428754731,
    35.65559575169));
#3510 = CARTESIAN_POINT('',(115.60823393476,30.851269305112,
    35.669304360522));
#3511 = CARTESIAN_POINT('',(114.68674273394,30.946663587184,
    35.676977787673));
#3512 = CARTESIAN_POINT('',(114.19183144995,30.997897615879,
    35.681099005196));
#3513 = CARTESIAN_POINT('',(113.69492603558,31.048673906048,
    35.683480008398));
#3514 = CARTESIAN_POINT('',(113.1961749888,31.098990696756,
    35.684159558279));
#3515 = CARTESIAN_POINT('',(111.91667591665,31.228073708091,
    35.68590287982));
#3516 = CARTESIAN_POINT('',(110.62466756633,31.354140776899,
    35.676452015322));
#3517 = CARTESIAN_POINT('',(109.32136112409,31.477279285952,
    35.656486819389));
#3518 = CARTESIAN_POINT('',(108.08222935384,31.594354467783,
    35.637504707601));
#3519 = CARTESIAN_POINT('',(106.83288502704,31.708782418598,
    35.60901839553));
#3520 = CARTESIAN_POINT('',(105.57441368419,31.82064233364,
    35.571639050266));
#3521 = CARTESIAN_POINT('',(104.32275334087,31.931896849254,
    35.534462006552));
#3522 = CARTESIAN_POINT('',(103.06206446319,32.040611045303,
    35.488487900641));
#3523 = CARTESIAN_POINT('',(101.79345898497,32.146866895393,
    35.434344533463));
#3524 = CARTESIAN_POINT('',(100.53425453555,32.252335334167,
    35.380602396899));
#3525 = CARTESIAN_POINT('',(99.267250355099,32.355381723192,
    35.318811608501));
#3526 = CARTESIAN_POINT('',(97.993577745811,32.456090305096,
    35.249612640233));
#3527 = CARTESIAN_POINT('',(97.76965072371,32.473796089677,
    35.237446626154));
#3528 = CARTESIAN_POINT('',(97.545517692234,32.491429623248,
    35.225051693185));
#3529 = CARTESIAN_POINT('',(97.321184941984,32.50899137692,
    35.212431408157));
#3530 = CARTESIAN_POINT('',(96.251326033987,32.592744634459,
    35.152244367507));
#3531 = CARTESIAN_POINT('',(95.176905071147,32.674879938369,
    35.086925257649));
#3532 = CARTESIAN_POINT('',(94.099522899605,32.755384175571,
    35.016935167223));
#3533 = CARTESIAN_POINT('',(92.915701488415,32.843841774191,
    34.940030453366));
#3534 = CARTESIAN_POINT('',(91.728305513663,32.930329942074,
    34.857486100806));
#3535 = CARTESIAN_POINT('',(90.539489623346,33.014849733249,
    34.769968890831));
#3536 = CARTESIAN_POINT('',(89.275184412224,33.104736496453,
    34.676894373964));
#3537 = CARTESIAN_POINT('',(88.009274684729,33.192396919813,
    34.578195854281));
#3538 = CARTESIAN_POINT('',(86.744368521019,33.277853786922,
    34.474732045881));
#3539 = CARTESIAN_POINT('',(85.429954358005,33.366655406899,
    34.367218699026));
#3540 = CARTESIAN_POINT('',(84.116625957571,33.453077686142,
    34.254560745051));
#3541 = CARTESIAN_POINT('',(82.807298796997,33.537168308401,
    34.137769306686));
#3542 = CARTESIAN_POINT('',(82.159242523117,33.578789269893,
    34.079962956488));
#3543 = CARTESIAN_POINT('',(81.512166099943,33.619839350065,
    34.021144610301));
#3544 = CARTESIAN_POINT('',(80.866419580558,33.660326101883,
    33.961439688923));
#3545 = CARTESIAN_POINT('',(79.851252116764,33.723974657355,
    33.867578565724));
#3546 = CARTESIAN_POINT('',(78.839191525552,33.78624116982,
    33.771508088493));
#3547 = CARTESIAN_POINT('',(77.832536267598,33.847106236676,
    33.673814491816));
#3548 = CARTESIAN_POINT('',(76.884070766344,33.904452995349,
    33.581768078301));
#3549 = CARTESIAN_POINT('',(75.94040438767,33.960555897686,
    33.488281599377));
#3550 = CARTESIAN_POINT('',(75.003416014532,34.015410023473,
    33.393854886441));
#3551 = CARTESIAN_POINT('',(74.133883838783,34.066315059983,
    33.306226194877));
#3552 = CARTESIAN_POINT('',(73.270102901928,34.116144840106,
    33.217788270492));
#3553 = CARTESIAN_POINT('',(72.413531121642,34.164902451708,
    33.128940074668));
#3554 = CARTESIAN_POINT('',(71.583662133833,34.212140092172,
    33.042861634969));
#3555 = CARTESIAN_POINT('',(70.760560114755,34.258371472622,
    32.956398452534));
#3556 = CARTESIAN_POINT('',(69.945504780585,34.303604280787,
    32.869906938387));
#3557 = CARTESIAN_POINT('',(69.120143176201,34.349409052012,
    32.782321750132));
#3558 = CARTESIAN_POINT('',(68.303033630563,34.394189904469,
    32.694707890824));
#3559 = CARTESIAN_POINT('',(67.495450023917,34.437958689068,
    32.607423284409));
#3560 = CARTESIAN_POINT('',(66.74021773492,34.478890177903,
    32.525796871299));
#3561 = CARTESIAN_POINT('',(65.993316150455,34.518936643768,
    32.444458512425));
#3562 = CARTESIAN_POINT('',(65.255738083425,34.558109988354,
    32.36368719977));
#3563 = CARTESIAN_POINT('',(65.204610524077,34.560825412781,
    32.358088280461));
#3564 = CARTESIAN_POINT('',(65.153527744345,34.563536642511,
    32.35249207966));
#3565 = CARTESIAN_POINT('',(65.102490065902,34.566243681785,
    32.34689868747));
#3566 = CARTESIAN_POINT('',(64.16633479864,34.615897372003,
    32.244302258318));
#3567 = CARTESIAN_POINT('',(63.245368374549,34.664136825746,
    32.142656610692));
#3568 = CARTESIAN_POINT('',(62.338973409841,34.711116149114,
    32.042210473305));
#3569 = CARTESIAN_POINT('',(61.311609115019,34.764365429287,
    31.928358588506));
#3570 = CARTESIAN_POINT('',(60.302958963132,34.815996358184,
    31.816041381858));
#3571 = CARTESIAN_POINT('',(59.311590775109,34.866241146229,
    31.704985419922));
#3572 = CARTESIAN_POINT('',(58.318455544819,34.916575491983,
    31.593731508747));
#3573 = CARTESIAN_POINT('',(57.342663741052,34.965518506688,
    31.483743610669));
#3574 = CARTESIAN_POINT('',(56.382818958727,35.013280268496,
    31.374764509336));
#3575 = CARTESIAN_POINT('',(55.423957120034,35.060993119146,
    31.265897009708));
#3576 = CARTESIAN_POINT('',(54.481009495461,35.107526905694,
    31.158036490211));
#3577 = CARTESIAN_POINT('',(53.552629965021,35.153071319744,
    31.050940270614));
#3578 = CARTESIAN_POINT('',(52.840044095609,35.188029335101,
    30.968737625843));
#3579 = CARTESIAN_POINT('',(52.136041876414,35.222404044246,
    30.886985567926));
#3580 = CARTESIAN_POINT('',(51.440033880756,35.256274543687,
    30.805578534765));
#3581 = CARTESIAN_POINT('',(50.457833601801,35.304072290562,
    30.690697655266));
#3582 = CARTESIAN_POINT('',(49.491633326171,35.35087513405,
    30.576511322677));
#3583 = CARTESIAN_POINT('',(48.540200775443,35.396869146378,
    30.462777329915));
#3584 = CARTESIAN_POINT('',(47.596100197828,35.44250871754,
    30.349919799259));
#3585 = CARTESIAN_POINT('',(46.666540501497,35.487351661386,
    30.237507890925));
#3586 = CARTESIAN_POINT('',(45.750366124111,35.531565312717,
    30.125313093999));
#3587 = CARTESIAN_POINT('',(44.839686276532,35.575513803582,
    30.013791157689));
#3588 = CARTESIAN_POINT('',(43.942231562007,35.618840341878,
    29.902483935674));
#3589 = CARTESIAN_POINT('',(43.056916864542,35.661697880429,
    29.791171913817));
#3590 = CARTESIAN_POINT('',(42.180611077286,35.704119303192,
    29.680992596537));
#3591 = CARTESIAN_POINT('',(41.31619941679,35.746081053541,
    29.570808754202));
#3592 = CARTESIAN_POINT('',(40.462679844236,35.78772290767,
    29.46040953621));
#3593 = CARTESIAN_POINT('',(40.167658212684,35.802116540976,
    29.422249711338));
#3594 = CARTESIAN_POINT('',(39.873938374172,35.81647189024,
    29.384064160093));
#3595 = CARTESIAN_POINT('',(39.581480391386,35.830794541305,
    29.345844174509));
#3596 = CARTESIAN_POINT('',(39.387100619212,35.840313972522,
    29.320441578145));
#3597 = CARTESIAN_POINT('',(39.193274504425,35.849819333043,
    29.295023250689));
#3598 = CARTESIAN_POINT('',(39.,35.859311833338,29.269587872506));
#3599 = PCURVE('',#644,#3600);
#3600 = DEFINITIONAL_REPRESENTATION('',(#3601),#3737);
#3601 = B_SPLINE_CURVE_WITH_KNOTS('',3,(#3602,#3603,#3604,#3605,#3606,
    #3607,#3608,#3609,#3610,#3611,#3612,#3613,#3614,#3615,#3616,#3617,
    #3618,#3619,#3620,#3621,#3622,#3623,#3624,#3625,#3626,#3627,#3628,
    #3629,#3630,#3631,#3632,#3633,#3634,#3635,#3636,#3637,#3638,#3639,
    #3640,#3641,#3642,#3643,#3644,#3645,#3646,#3647,#3648,#3649,#3650,
    #3651,#3652,#3653,#3654,#3655,#3656,#3657,#3658,#3659,#3660,#3661,
    #3662,#3663,#3664,#3665,#3666,#3667,#3668,#3669,#3670,#3671,#3672,
    #3673,#3674,#3675,#3676,#3677,#3678,#3679,#3680,#3681,#3682,#3683,
    #3684,#3685,#3686,#3687,#3688,#3689,#3690,#3691,#3692,#3693,#3694,
    #3695,#3696,#3697,#3698,#3699,#3700,#3701,#3702,#3703,#3704,#3705,
    #3706,#3707,#3708,#3709,#3710,#3711,#3712,#3713,#3714,#3715,#3716,
    #3717,#3718,#3719,#3720,#3721,#3722,#3723,#3724,#3725,#3726,#3727,
    #3728,#3729,#3730,#3731,#3732,#3733,#3734,#3735,#3736),
  .UNSPECIFIED.,.F.,.F.,(4,1,1,1,1,1,1,1,1,1,1,1,1,1,1,1,1,1,1,1,1,1,1,1
    ,1,1,1,1,1,1,1,1,1,1,1,1,1,1,1,1,1,1,1,1,1,1,1,1,1,1,1,1,1,1,1,1,1,1
    ,1,1,1,1,1,1,1,1,1,1,1,1,1,1,1,1,1,1,1,1,1,1,1,1,1,1,1,1,1,1,1,1,1,1
    ,1,1,1,1,1,1,1,1,1,1,1,1,1,1,1,1,1,1,1,1,1,1,1,1,1,1,1,1,1,1,1,1,1,1
    ,1,1,1,1,1,1,4),(11.616965205149,12.04534948395,12.473733762751,
    12.902118041553,13.330502320354,13.758886599155,14.187270877956,
    14.615655156757,15.044039435558,15.472423714359,15.90080799316,
    16.329192271962,16.757576550763,17.185960829564,17.614345108365,
    18.042729387166,18.471113665967,18.899497944768,19.327882223569,
    19.756266502371,20.184650781172,20.613035059973,21.041419338774,
    21.469803617575,21.898187896376,22.326572175177,22.754956453978,
    23.18334073278,23.611725011581,24.040109290382,24.468493569183,
    24.896877847984,25.325262126785,25.753646405586,26.182030684387,
    26.610414963188,27.03879924199,27.467183520791,27.895567799592,
    28.323952078393,28.752336357194,29.180720635995,29.609104914796,
    30.037489193597,30.465873472399,30.8942577512,31.322642030001,
    31.751026308802,32.179410587603,32.607794866404,33.036179145205,
    33.464563424006,33.892947702808,34.321331981609,34.74971626041,
    35.178100539211,35.606484818012,36.034869096813,36.463253375614,
    36.891637654415,37.320021933217,37.748406212018,38.176790490819,
    38.60517476962,39.033559048421,39.461943327222,39.890327606023,
    40.318711884824,40.747096163626,41.175480442427,41.603864721228,
    42.032249000029,42.46063327883,42.889017557631,43.317401836432,
    43.745786115233,44.174170394035,44.602554672836,45.030938951637,
    45.459323230438,45.887707509239,46.31609178804,46.744476066841,
    47.172860345642,47.601244624444,48.029628903245,48.458013182046,
    48.886397460847,49.314781739648,49.743166018449,50.17155029725,
    50.599934576051,51.028318854852,51.456703133654,51.885087412455,
    52.313471691256,52.741855970057,53.170240248858,53.598624527659,
    54.02700880646,54.455393085261,54.883777364063,55.312161642864,
    55.740545921665,56.168930200466,56.597314479267,57.025698758068,
    57.454083036869,57.88246731567,58.310851594472,58.739235873273,
    59.167620152074,59.596004430875,60.024388709676,60.452772988477,
    60.881157267278,61.309541546079,61.737925824881,62.166310103682,
    62.594694382483,63.023078661284,63.451462940085,63.879847218886,
    64.308231497687,64.736615776488,65.16500005529,65.593384334091,
    66.021768612892,66.450152891693,66.878537170494,67.306921449295,
    67.735305728096,68.163690006897),.QUASI_UNIFORM_KNOTS.);
#3602 = CARTESIAN_POINT('',(0.661351973353,56.585468802835));
#3603 = CARTESIAN_POINT('',(0.661357100223,56.765653732033));
#3604 = CARTESIAN_POINT('',(0.661365106685,57.126434254628));
#3605 = CARTESIAN_POINT('',(0.661370847821,57.668801351742));
#3606 = CARTESIAN_POINT('',(0.661370285666,58.212328704869));
#3607 = CARTESIAN_POINT('',(0.661365163486,58.756981579192));
#3608 = CARTESIAN_POINT('',(0.661357387283,59.302725374484));
#3609 = CARTESIAN_POINT('',(0.661346029869,59.849523392493));
#3610 = CARTESIAN_POINT('',(0.661331612831,60.3973399906));
#3611 = CARTESIAN_POINT('',(0.66131586111,60.946140432963));
#3612 = CARTESIAN_POINT('',(0.661300318578,61.495889848549));
#3613 = CARTESIAN_POINT('',(0.661284163615,62.046551609299));
#3614 = CARTESIAN_POINT('',(0.66126799302,62.598090119725));
#3615 = CARTESIAN_POINT('',(0.661253477856,63.150470587557));
#3616 = CARTESIAN_POINT('',(0.661242035092,63.703658037217));
#3617 = CARTESIAN_POINT('',(0.661232976095,64.257615872806));
#3618 = CARTESIAN_POINT('',(0.661226845498,64.812308629322));
#3619 = CARTESIAN_POINT('',(0.661225355812,65.367700794961));
#3620 = CARTESIAN_POINT('',(0.66122916369,65.923759468798));
#3621 = CARTESIAN_POINT('',(0.66123937656,66.48043940586));
#3622 = CARTESIAN_POINT('',(0.661253222038,67.037739738432));
#3623 = CARTESIAN_POINT('',(0.661265803471,67.595696817164));
#3624 = CARTESIAN_POINT('',(0.661277930542,68.154301574396));
#3625 = CARTESIAN_POINT('',(0.661289150261,68.713557429936));
#3626 = CARTESIAN_POINT('',(0.661299566247,69.273464732361));
#3627 = CARTESIAN_POINT('',(0.661309469337,69.834025097102));
#3628 = CARTESIAN_POINT('',(0.661318877804,70.395239536656));
#3629 = CARTESIAN_POINT('',(0.66132722497,70.957108368415));
#3630 = CARTESIAN_POINT('',(0.661334292627,71.519632330398));
#3631 = CARTESIAN_POINT('',(0.661340013886,72.082812366924));
#3632 = CARTESIAN_POINT('',(0.661344510597,72.646649681206));
#3633 = CARTESIAN_POINT('',(0.661348082728,73.211145741859));
#3634 = CARTESIAN_POINT('',(0.661350224239,73.776300918272));
#3635 = CARTESIAN_POINT('',(0.661350613416,74.342115814156));
#3636 = CARTESIAN_POINT('',(0.661349128309,74.9085913084));
#3637 = CARTESIAN_POINT('',(0.661345790225,75.475728485293));
#3638 = CARTESIAN_POINT('',(0.661340917039,76.04352887719));
#3639 = CARTESIAN_POINT('',(0.661334248792,76.611993186674));
#3640 = CARTESIAN_POINT('',(0.661325330794,77.181121847614));
#3641 = CARTESIAN_POINT('',(0.661314018393,77.750915614457));
#3642 = CARTESIAN_POINT('',(0.661300190709,78.321375747194));
#3643 = CARTESIAN_POINT('',(0.661284375066,78.892502747034));
#3644 = CARTESIAN_POINT('',(0.661265304428,79.464300964267));
#3645 = CARTESIAN_POINT('',(0.661249945983,80.036756048566));
#3646 = CARTESIAN_POINT('',(0.661236943962,80.609814050473));
#3647 = CARTESIAN_POINT('',(0.661226123871,81.183428383613));
#3648 = CARTESIAN_POINT('',(0.661217652381,81.757550937849));
#3649 = CARTESIAN_POINT('',(0.661212233217,82.332134316997));
#3650 = CARTESIAN_POINT('',(0.661208854346,82.907130037245));
#3651 = CARTESIAN_POINT('',(0.66120695251,83.48248998586));
#3652 = CARTESIAN_POINT('',(0.661206376661,84.058166193047));
#3653 = CARTESIAN_POINT('',(0.661207428055,84.634110955603));
#3654 = CARTESIAN_POINT('',(0.661210474988,85.210276381983));
#3655 = CARTESIAN_POINT('',(0.661214572726,85.786614285491));
#3656 = CARTESIAN_POINT('',(0.661219291708,86.363076721516));
#3657 = CARTESIAN_POINT('',(0.66122445768,86.9396157237));
#3658 = CARTESIAN_POINT('',(0.661230184615,87.516183406132));
#3659 = CARTESIAN_POINT('',(0.661236788172,88.092731634508));
#3660 = CARTESIAN_POINT('',(0.661243567923,88.669212443356));
#3661 = CARTESIAN_POINT('',(0.661250113547,89.245578145638));
#3662 = CARTESIAN_POINT('',(0.661256199982,89.821780785724));
#3663 = CARTESIAN_POINT('',(0.661261745119,90.397772455958));
#3664 = CARTESIAN_POINT('',(0.661266907549,90.973504381077));
#3665 = CARTESIAN_POINT('',(0.661271210592,91.548930411904));
#3666 = CARTESIAN_POINT('',(0.661274400235,92.123996885416));
#3667 = CARTESIAN_POINT('',(0.661276409228,92.698677435102));
#3668 = CARTESIAN_POINT('',(0.661277140536,93.272912459305));
#3669 = CARTESIAN_POINT('',(0.661276546699,93.84658003112));
#3670 = CARTESIAN_POINT('',(0.661274830443,94.419573505952));
#3671 = CARTESIAN_POINT('',(0.66127238003,94.991780806111));
#3672 = CARTESIAN_POINT('',(0.661269137352,95.563092682394));
#3673 = CARTESIAN_POINT('',(0.661265212457,96.133400168128));
#3674 = CARTESIAN_POINT('',(0.661260763491,96.702593223471));
#3675 = CARTESIAN_POINT('',(0.66125592064,97.270560302354));
#3676 = CARTESIAN_POINT('',(0.66125078015,97.837192290961));
#3677 = CARTESIAN_POINT('',(0.66124557139,98.40238030259));
#3678 = CARTESIAN_POINT('',(0.66124039799,98.9660138367));
#3679 = CARTESIAN_POINT('',(0.661235194725,99.527981308808));
#3680 = CARTESIAN_POINT('',(0.66123030586,100.08817461685));
#3681 = CARTESIAN_POINT('',(0.661225947096,100.64648430088));
#3682 = CARTESIAN_POINT('',(0.661222001825,101.20279872345));
#3683 = CARTESIAN_POINT('',(0.661218554415,101.75700780895));
#3684 = CARTESIAN_POINT('',(0.661216079825,102.30900358101));
#3685 = CARTESIAN_POINT('',(0.661214645017,102.85867564183));
#3686 = CARTESIAN_POINT('',(0.661213933047,103.40591192547));
#3687 = CARTESIAN_POINT('',(0.661214485544,103.95060376381));
#3688 = CARTESIAN_POINT('',(0.661216455067,104.49264466928));
#3689 = CARTESIAN_POINT('',(0.661220111531,105.03191287158));
#3690 = CARTESIAN_POINT('',(0.66122302285,105.5683396731));
#3691 = CARTESIAN_POINT('',(0.661225494836,106.10199488758));
#3692 = CARTESIAN_POINT('',(0.661227711402,106.63292673369));
#3693 = CARTESIAN_POINT('',(0.66122912165,107.16118837533));
#3694 = CARTESIAN_POINT('',(0.661230032901,107.68683219359));
#3695 = CARTESIAN_POINT('',(0.661230339689,108.20991085023));
#3696 = CARTESIAN_POINT('',(0.661229438263,108.73047630779));
#3697 = CARTESIAN_POINT('',(0.66122739125,109.2485811553));
#3698 = CARTESIAN_POINT('',(0.661224732162,109.76427835401));
#3699 = CARTESIAN_POINT('',(0.661221906022,110.27762099194));
#3700 = CARTESIAN_POINT('',(0.661218089874,110.78866075118));
#3701 = CARTESIAN_POINT('',(0.661213075871,111.29744988599));
#3702 = CARTESIAN_POINT('',(0.661206888483,111.80404095666));
#3703 = CARTESIAN_POINT('',(0.661200045517,112.30848711139));
#3704 = CARTESIAN_POINT('',(0.66119268027,112.81084123921));
#3705 = CARTESIAN_POINT('',(0.661184193278,113.31115495277));
#3706 = CARTESIAN_POINT('',(0.661174469413,113.80948056928));
#3707 = CARTESIAN_POINT('',(0.661163547979,114.30587068749));
#3708 = CARTESIAN_POINT('',(0.661151878163,114.80037865301));
#3709 = CARTESIAN_POINT('',(0.6611392543,115.29305677688));
#3710 = CARTESIAN_POINT('',(0.661125460365,115.78395692658));
#3711 = CARTESIAN_POINT('',(0.661110347764,116.27313194413));
#3712 = CARTESIAN_POINT('',(0.661094725318,116.76063392622));
#3713 = CARTESIAN_POINT('',(0.661081903788,117.2464883939));
#3714 = CARTESIAN_POINT('',(0.661070672449,117.73073638589));
#3715 = CARTESIAN_POINT('',(0.661061055501,118.21341594819));
#3716 = CARTESIAN_POINT('',(0.661052913436,118.69456629087));
#3717 = CARTESIAN_POINT('',(0.661046414101,119.17422694524));
#3718 = CARTESIAN_POINT('',(0.661041332338,119.65243684177));
#3719 = CARTESIAN_POINT('',(0.661037296701,120.12923409001));
#3720 = CARTESIAN_POINT('',(0.661034117301,120.60465739207));
#3721 = CARTESIAN_POINT('',(0.661031670246,121.07874570304));
#3722 = CARTESIAN_POINT('',(0.661029975658,121.55153849018));
#3723 = CARTESIAN_POINT('',(0.661028909823,122.02307505721));
#3724 = CARTESIAN_POINT('',(0.66102817539,122.49339340432));
#3725 = CARTESIAN_POINT('',(0.661027602351,122.96253213644));
#3726 = CARTESIAN_POINT('',(0.661027050402,123.43053016006));
#3727 = CARTESIAN_POINT('',(0.661026449698,123.89742681944));
#3728 = CARTESIAN_POINT('',(0.661025674633,124.36326170897));
#3729 = CARTESIAN_POINT('',(0.661024518302,124.82807282263));
#3730 = CARTESIAN_POINT('',(0.661022844314,125.29189865902));
#3731 = CARTESIAN_POINT('',(0.661020517898,125.75477805062));
#3732 = CARTESIAN_POINT('',(0.661017391144,126.21675037406));
#3733 = CARTESIAN_POINT('',(0.661013376896,126.67785493689));
#3734 = CARTESIAN_POINT('',(0.661008119452,127.13812990412));
#3735 = CARTESIAN_POINT('',(0.661004296143,127.44445379318));
#3736 = CARTESIAN_POINT('',(0.661002379115,127.59749084972));
#3737 = ( GEOMETRIC_REPRESENTATION_CONTEXT(2) 
PARAMETRIC_REPRESENTATION_CONTEXT() REPRESENTATION_CONTEXT('2D SPACE',''
  ) );
#3738 = PCURVE('',#1175,#3739);
#3739 = DEFINITIONAL_REPRESENTATION('',(#3740),#3876);
#3740 = B_SPLINE_CURVE_WITH_KNOTS('',3,(#3741,#3742,#3743,#3744,#3745,
    #3746,#3747,#3748,#3749,#3750,#3751,#3752,#3753,#3754,#3755,#3756,
    #3757,#3758,#3759,#3760,#3761,#3762,#3763,#3764,#3765,#3766,#3767,
    #3768,#3769,#3770,#3771,#3772,#3773,#3774,#3775,#3776,#3777,#3778,
    #3779,#3780,#3781,#3782,#3783,#3784,#3785,#3786,#3787,#3788,#3789,
    #3790,#3791,#3792,#3793,#3794,#3795,#3796,#3797,#3798,#3799,#3800,
    #3801,#3802,#3803,#3804,#3805,#3806,#3807,#3808,#3809,#3810,#3811,
    #3812,#3813,#3814,#3815,#3816,#3817,#3818,#3819,#3820,#3821,#3822,
    #3823,#3824,#3825,#3826,#3827,#3828,#3829,#3830,#3831,#3832,#3833,
    #3834,#3835,#3836,#3837,#3838,#3839,#3840,#3841,#3842,#3843,#3844,
    #3845,#3846,#3847,#3848,#3849,#3850,#3851,#3852,#3853,#3854,#3855,
    #3856,#3857,#3858,#3859,#3860,#3861,#3862,#3863,#3864,#3865,#3866,
    #3867,#3868,#3869,#3870,#3871,#3872,#3873,#3874,#3875),
  .UNSPECIFIED.,.F.,.F.,(4,1,1,1,1,1,1,1,1,1,1,1,1,1,1,1,1,1,1,1,1,1,1,1
    ,1,1,1,1,1,1,1,1,1,1,1,1,1,1,1,1,1,1,1,1,1,1,1,1,1,1,1,1,1,1,1,1,1,1
    ,1,1,1,1,1,1,1,1,1,1,1,1,1,1,1,1,1,1,1,1,1,1,1,1,1,1,1,1,1,1,1,1,1,1
    ,1,1,1,1,1,1,1,1,1,1,1,1,1,1,1,1,1,1,1,1,1,1,1,1,1,1,1,1,1,1,1,1,1,1
    ,1,1,1,1,1,1,4),(11.616965205149,12.04534948395,12.473733762751,
    12.902118041553,13.330502320354,13.758886599155,14.187270877956,
    14.615655156757,15.044039435558,15.472423714359,15.90080799316,
    16.329192271962,16.757576550763,17.185960829564,17.614345108365,
    18.042729387166,18.471113665967,18.899497944768,19.327882223569,
    19.756266502371,20.184650781172,20.613035059973,21.041419338774,
    21.469803617575,21.898187896376,22.326572175177,22.754956453978,
    23.18334073278,23.611725011581,24.040109290382,24.468493569183,
    24.896877847984,25.325262126785,25.753646405586,26.182030684387,
    26.610414963188,27.03879924199,27.467183520791,27.895567799592,
    28.323952078393,28.752336357194,29.180720635995,29.609104914796,
    30.037489193597,30.465873472399,30.8942577512,31.322642030001,
    31.751026308802,32.179410587603,32.607794866404,33.036179145205,
    33.464563424006,33.892947702808,34.321331981609,34.74971626041,
    35.178100539211,35.606484818012,36.034869096813,36.463253375614,
    36.891637654415,37.320021933217,37.748406212018,38.176790490819,
    38.60517476962,39.033559048421,39.461943327222,39.890327606023,
    40.318711884824,40.747096163626,41.175480442427,41.603864721228,
    42.032249000029,42.46063327883,42.889017557631,43.317401836432,
    43.745786115233,44.174170394035,44.602554672836,45.030938951637,
    45.459323230438,45.887707509239,46.31609178804,46.744476066841,
    47.172860345642,47.601244624444,48.029628903245,48.458013182046,
    48.886397460847,49.314781739648,49.743166018449,50.17155029725,
    50.599934576051,51.028318854852,51.456703133654,51.885087412455,
    52.313471691256,52.741855970057,53.170240248858,53.598624527659,
    54.02700880646,54.455393085261,54.883777364063,55.312161642864,
    55.740545921665,56.168930200466,56.597314479267,57.025698758068,
    57.454083036869,57.88246731567,58.310851594472,58.739235873273,
    59.167620152074,59.596004430875,60.024388709676,60.452772988477,
    60.881157267278,61.309541546079,61.737925824881,62.166310103682,
    62.594694382483,63.023078661284,63.451462940085,63.879847218886,
    64.308231497687,64.736615776488,65.16500005529,65.593384334091,
    66.021768612892,66.450152891693,66.878537170494,67.306921449295,
    67.735305728096,68.163690006897),.QUASI_UNIFORM_KNOTS.);
#3741 = CARTESIAN_POINT('',(55.237112909191,1.133856232683));
#3742 = CARTESIAN_POINT('',(55.41300361932,1.13384920586));
#3743 = CARTESIAN_POINT('',(55.765186101385,1.133838651084));
#3744 = CARTESIAN_POINT('',(56.294628084572,1.13383206431));
#3745 = CARTESIAN_POINT('',(56.825203025986,1.133833296636));
#3746 = CARTESIAN_POINT('',(57.356876941614,1.133841534532));
#3747 = CARTESIAN_POINT('',(57.889615997144,1.133856051699));
#3748 = CARTESIAN_POINT('',(58.423384274678,1.133875118096));
#3749 = CARTESIAN_POINT('',(58.958146908134,1.133897505141));
#3750 = CARTESIAN_POINT('',(59.493869947741,1.133922430212));
#3751 = CARTESIAN_POINT('',(60.030519322565,1.133949068438));
#3752 = CARTESIAN_POINT('',(60.568059199778,1.133975704342));
#3753 = CARTESIAN_POINT('',(61.106454786027,1.134001142311));
#3754 = CARTESIAN_POINT('',(61.645672107928,1.134024604518));
#3755 = CARTESIAN_POINT('',(62.18567701957,1.134045239984));
#3756 = CARTESIAN_POINT('',(62.726433736693,1.134061343363));
#3757 = CARTESIAN_POINT('',(63.267907616656,1.134071736572));
#3758 = CARTESIAN_POINT('',(63.810064009127,1.134075521656));
#3759 = CARTESIAN_POINT('',(64.352870816222,1.134072122611));
#3760 = CARTESIAN_POINT('',(64.896283799055,1.134058360803));
#3761 = CARTESIAN_POINT('',(65.440302319,1.134039829799));
#3762 = CARTESIAN_POINT('',(65.984962038233,1.134023343358));
#3763 = CARTESIAN_POINT('',(66.530254047872,1.134007135692));
#3764 = CARTESIAN_POINT('',(67.076181699081,1.133991819631));
#3765 = CARTESIAN_POINT('',(67.622745333381,1.133977438646));
#3766 = CARTESIAN_POINT('',(68.169946545992,1.133964296747));
#3767 = CARTESIAN_POINT('',(68.717786331416,1.133952561894));
#3768 = CARTESIAN_POINT('',(69.266264979825,1.133942228538));
#3769 = CARTESIAN_POINT('',(69.815383204454,1.133933396371));
#3770 = CARTESIAN_POINT('',(70.365141926122,1.133926215185));
#3771 = CARTESIAN_POINT('',(70.91554232713,1.13392089687));
#3772 = CARTESIAN_POINT('',(71.466585858911,1.133917715313));
#3773 = CARTESIAN_POINT('',(72.018272859931,1.133916679637));
#3774 = CARTESIAN_POINT('',(72.570603904136,1.133917857036));
#3775 = CARTESIAN_POINT('',(73.123579843515,1.133921381113));
#3776 = CARTESIAN_POINT('',(73.677201737903,1.133927433928));
#3777 = CARTESIAN_POINT('',(74.231471101893,1.133936301424));
#3778 = CARTESIAN_POINT('',(74.786388608398,1.133948072317));
#3779 = CARTESIAN_POINT('',(75.341954655365,1.133962777026));
#3780 = CARTESIAN_POINT('',(75.898169969144,1.133980510915));
#3781 = CARTESIAN_POINT('',(76.455035775463,1.13400152971));
#3782 = CARTESIAN_POINT('',(77.012552581312,1.134025749853));
#3783 = CARTESIAN_POINT('',(77.570724610204,1.13405458075));
#3784 = CARTESIAN_POINT('',(78.12953788931,1.134078813904));
#3785 = CARTESIAN_POINT('',(78.688939712936,1.134098702906));
#3786 = CARTESIAN_POINT('',(79.248884612318,1.134114358809));
#3787 = CARTESIAN_POINT('',(79.809325664085,1.134126292609));
#3788 = CARTESIAN_POINT('',(80.370216682539,1.13413530503));
#3789 = CARTESIAN_POINT('',(80.93151028894,1.134141204546));
#3790 = CARTESIAN_POINT('',(81.493159495981,1.134144026144));
#3791 = CARTESIAN_POINT('',(82.055117487129,1.134144067714));
#3792 = CARTESIAN_POINT('',(82.617337742077,1.134141908345));
#3793 = CARTESIAN_POINT('',(83.179773565457,1.134138235814));
#3794 = CARTESIAN_POINT('',(83.742377861324,1.134132825653));
#3795 = CARTESIAN_POINT('',(84.305103809547,1.134125771333));
#3796 = CARTESIAN_POINT('',(84.867904590211,1.134117362939));
#3797 = CARTESIAN_POINT('',(85.430733486744,1.134108099287));
#3798 = CARTESIAN_POINT('',(85.993543561238,1.134098705571));
#3799 = CARTESIAN_POINT('',(86.556287945767,1.134089079878));
#3800 = CARTESIAN_POINT('',(87.118920066551,1.134079278522));
#3801 = CARTESIAN_POINT('',(87.681393105444,1.134069551745));
#3802 = CARTESIAN_POINT('',(88.243660304727,1.13406028828));
#3803 = CARTESIAN_POINT('',(88.805674085339,1.134052152296));
#3804 = CARTESIAN_POINT('',(89.367389366355,1.134045169202));
#3805 = CARTESIAN_POINT('',(89.928753750741,1.134039492615));
#3806 = CARTESIAN_POINT('',(90.489741516703,1.134035781856));
#3807 = CARTESIAN_POINT('',(91.050294470625,1.134033872778));
#3808 = CARTESIAN_POINT('',(91.610293569873,1.134033208933));
#3809 = CARTESIAN_POINT('',(92.169634723951,1.134033713407));
#3810 = CARTESIAN_POINT('',(92.72820856618,1.134035717235));
#3811 = CARTESIAN_POINT('',(93.285908433817,1.134038775993));
#3812 = CARTESIAN_POINT('',(93.842627953021,1.134042455006));
#3813 = CARTESIAN_POINT('',(94.398259716046,1.134046625414));
#3814 = CARTESIAN_POINT('',(94.952694852857,1.134051473872));
#3815 = CARTESIAN_POINT('',(95.505826846973,1.134056599685));
#3816 = CARTESIAN_POINT('',(96.057549416496,1.134061675255));
#3817 = CARTESIAN_POINT('',(96.607754702514,1.134066623265));
#3818 = CARTESIAN_POINT('',(97.156333777281,1.134071447718));
#3819 = CARTESIAN_POINT('',(97.703181132217,1.134075753981));
#3820 = CARTESIAN_POINT('',(98.248189929383,1.134079337471));
#3821 = CARTESIAN_POINT('',(98.791251184065,1.134082160721));
#3822 = CARTESIAN_POINT('',(99.332257446687,1.134084021359));
#3823 = CARTESIAN_POINT('',(99.871103345775,1.13408464381));
#3824 = CARTESIAN_POINT('',(100.40768111747,1.1340838756));
#3825 = CARTESIAN_POINT('',(100.94188134021,1.134081623847));
#3826 = CARTESIAN_POINT('',(101.47359797169,1.134077597404));
#3827 = CARTESIAN_POINT('',(102.00272707504,1.134071772128));
#3828 = CARTESIAN_POINT('',(102.529149782,1.13406340778));
#3829 = CARTESIAN_POINT('',(103.05279891921,1.134055181943));
#3830 = CARTESIAN_POINT('',(103.57374268847,1.134047923027));
#3831 = CARTESIAN_POINT('',(104.09202817743,1.134041674403));
#3832 = CARTESIAN_POINT('',(104.60770723838,1.134036356673));
#3833 = CARTESIAN_POINT('',(105.12083100801,1.134031211187));
#3834 = CARTESIAN_POINT('',(105.63145089784,1.134026985956));
#3835 = CARTESIAN_POINT('',(106.13961759014,1.134024194006));
#3836 = CARTESIAN_POINT('',(106.64538241711,1.134022835436));
#3837 = CARTESIAN_POINT('',(107.14879709499,1.134022340103));
#3838 = CARTESIAN_POINT('',(107.64991345911,1.134022217048));
#3839 = CARTESIAN_POINT('',(108.14878191485,1.134023407058));
#3840 = CARTESIAN_POINT('',(108.64545345531,1.13402617471));
#3841 = CARTESIAN_POINT('',(109.13997938304,1.134030514038));
#3842 = CARTESIAN_POINT('',(109.63241159651,1.13403585134));
#3843 = CARTESIAN_POINT('',(110.12280172309,1.134042023621));
#3844 = CARTESIAN_POINT('',(110.61120011419,1.134049771001));
#3845 = CARTESIAN_POINT('',(111.09765783033,1.134059259115));
#3846 = CARTESIAN_POINT('',(111.58222621349,1.134070462291));
#3847 = CARTESIAN_POINT('',(112.06495735115,1.134082840266));
#3848 = CARTESIAN_POINT('',(112.54590229412,1.134096655524));
#3849 = CARTESIAN_POINT('',(113.02511166116,1.134112209036));
#3850 = CARTESIAN_POINT('',(113.50263702588,1.134129732843));
#3851 = CARTESIAN_POINT('',(113.97852926717,1.134148108765));
#3852 = CARTESIAN_POINT('',(114.45281339861,1.134162565549));
#3853 = CARTESIAN_POINT('',(114.9255294314,1.134174794919));
#3854 = CARTESIAN_POINT('',(115.39671449777,1.134184756928));
#3855 = CARTESIAN_POINT('',(115.86640686125,1.134192658278));
#3856 = CARTESIAN_POINT('',(116.33464510927,1.134198286029));
#3857 = CARTESIAN_POINT('',(116.80146722836,1.134201924019));
#3858 = CARTESIAN_POINT('',(117.26691040121,1.134204116247));
#3859 = CARTESIAN_POINT('',(117.73101239489,1.134205143034));
#3860 = CARTESIAN_POINT('',(118.19381122543,1.134205183084));
#3861 = CARTESIAN_POINT('',(118.6553454128,1.134204198129));
#3862 = CARTESIAN_POINT('',(119.115653312,1.134202318731));
#3863 = CARTESIAN_POINT('',(119.5747720046,1.134200036169));
#3864 = CARTESIAN_POINT('',(120.03273916562,1.134197628791));
#3865 = CARTESIAN_POINT('',(120.48959276463,1.134195303375));
#3866 = CARTESIAN_POINT('',(120.94537119972,1.134193134401));
#3867 = CARTESIAN_POINT('',(121.4001131099,1.134191218956));
#3868 = CARTESIAN_POINT('',(121.85385557645,1.134189962618));
#3869 = CARTESIAN_POINT('',(122.30663617419,1.134189629786));
#3870 = CARTESIAN_POINT('',(122.75849280266,1.134190434818));
#3871 = CARTESIAN_POINT('',(123.20946389026,1.134192539516));
#3872 = CARTESIAN_POINT('',(123.65958779957,1.134196020032));
#3873 = CARTESIAN_POINT('',(124.10890177847,1.134201516258));
#3874 = CARTESIAN_POINT('',(124.40793081582,1.13420574345));
#3875 = CARTESIAN_POINT('',(124.55732340768,1.134207888854));
#3876 = ( GEOMETRIC_REPRESENTATION_CONTEXT(2) 
PARAMETRIC_REPRESENTATION_CONTEXT() REPRESENTATION_CONTEXT('2D SPACE',''
  ) );
#3877 = ORIENTED_EDGE('',*,*,#1245,.T.);
#3878 = ORIENTED_EDGE('',*,*,#603,.T.);
#3879 = FACE_BOUND('',#3880,.F.);
#3880 = EDGE_LOOP('',(#3881,#3935,#3987,#4039,#4091,#4143));
#3881 = ORIENTED_EDGE('',*,*,#3882,.F.);
#3882 = EDGE_CURVE('',#3883,#3885,#3887,.T.);
#3883 = VERTEX_POINT('',#3884);
#3884 = CARTESIAN_POINT('',(119.53977884174,42.527925645274,
    19.50665329563));
#3885 = VERTEX_POINT('',#3886);
#3886 = CARTESIAN_POINT('',(115.08064159318,45.195526627152,
    17.176950096912));
#3887 = SURFACE_CURVE('',#3888,(#3893,#3922),.PCURVE_S1.);
#3888 = B_SPLINE_CURVE_WITH_KNOTS('',3,(#3889,#3890,#3891,#3892),
  .UNSPECIFIED.,.F.,.F.,(4,4),(-0.626935320891,-5.468912266856E-02),
  .PIECEWISE_BEZIER_KNOTS.);
#3889 = CARTESIAN_POINT('',(119.53977884174,42.527925645274,
    19.50665329563));
#3890 = CARTESIAN_POINT('',(118.04711312972,43.420886838673,
    18.714460114212));
#3891 = CARTESIAN_POINT('',(116.57496799233,44.301571956687,
    17.943954349548));
#3892 = CARTESIAN_POINT('',(115.08064159318,45.195526627152,
    17.176950096912));
#3893 = PCURVE('',#644,#3894);
#3894 = DEFINITIONAL_REPRESENTATION('',(#3895),#3921);
#3895 = B_SPLINE_CURVE_WITH_KNOTS('',3,(#3896,#3897,#3898,#3899,#3900,
    #3901,#3902,#3903,#3904,#3905,#3906,#3907,#3908,#3909,#3910,#3911,
    #3912,#3913,#3914,#3915,#3916,#3917,#3918,#3919,#3920),
  .UNSPECIFIED.,.F.,.F.,(4,1,1,1,1,1,1,1,1,1,1,1,1,1,1,1,1,1,1,1,1,1,4),
  (-0.626935320891,-0.600924130062,-0.574912939234,-0.548901748406,
    -0.522890557578,-0.496879366749,-0.470868175921,-0.444856985093,
    -0.418845794264,-0.392834603436,-0.366823412608,-0.34081222178,
    -0.314801030951,-0.288789840123,-0.262778649295,-0.236767458467,
    -0.210756267638,-0.18474507681,-0.158733885982,-0.132722695153,
    -0.106711504325,-8.070031349684E-02,-5.468912266856E-02),
  .UNSPECIFIED.);
#3896 = CARTESIAN_POINT('',(42.538923722978,61.685177351818));
#3897 = CARTESIAN_POINT('',(42.636056253614,61.740507820202));
#3898 = CARTESIAN_POINT('',(42.829935759236,61.851011901707));
#3899 = CARTESIAN_POINT('',(43.119630093299,62.016320456112));
#3900 = CARTESIAN_POINT('',(43.408231357614,62.181204497594));
#3901 = CARTESIAN_POINT('',(43.695771014657,62.345686881572));
#3902 = CARTESIAN_POINT('',(43.982280275027,62.509790336544));
#3903 = CARTESIAN_POINT('',(44.267790064688,62.673537448414));
#3904 = CARTESIAN_POINT('',(44.552331038234,62.836950668397));
#3905 = CARTESIAN_POINT('',(44.835933579502,63.000052314534));
#3906 = CARTESIAN_POINT('',(45.118627805273,63.162864574843));
#3907 = CARTESIAN_POINT('',(45.40044356785,63.325409509972));
#3908 = CARTESIAN_POINT('',(45.681410457662,63.487709055907));
#3909 = CARTESIAN_POINT('',(45.961557805598,63.649785026614));
#3910 = CARTESIAN_POINT('',(46.240914685152,63.811659116622));
#3911 = CARTESIAN_POINT('',(46.519509914386,63.973352903575));
#3912 = CARTESIAN_POINT('',(46.79737205771,64.134887850726));
#3913 = CARTESIAN_POINT('',(47.074529427452,64.296285309382));
#3914 = CARTESIAN_POINT('',(47.35101008545,64.457566521378));
#3915 = CARTESIAN_POINT('',(47.626841843742,64.618752621213));
#3916 = CARTESIAN_POINT('',(47.902052267918,64.779864639264));
#3917 = CARTESIAN_POINT('',(48.17666866978,64.940923500816));
#3918 = CARTESIAN_POINT('',(48.450718139264,65.101950040526));
#3919 = CARTESIAN_POINT('',(48.633057665857,65.209293319581));
#3920 = CARTESIAN_POINT('',(48.724141874073,65.26296647875));
#3921 = ( GEOMETRIC_REPRESENTATION_CONTEXT(2) 
PARAMETRIC_REPRESENTATION_CONTEXT() REPRESENTATION_CONTEXT('2D SPACE',''
  ) );
#3922 = PCURVE('',#3923,#3928);
#3923 = PLANE('',#3924);
#3924 = AXIS2_PLACEMENT_3D('',#3925,#3926,#3927);
#3925 = CARTESIAN_POINT('',(119.53977884174,42.527925645274,15.));
#3926 = DIRECTION('',(0.513380048326,0.858161363603,6.287092329286E-17)
  );
#3927 = DIRECTION('',(-0.858161363603,0.513380048326,-1.050944567088E-16
    ));
#3928 = DEFINITIONAL_REPRESENTATION('',(#3929),#3934);
#3929 = B_SPLINE_CURVE_WITH_KNOTS('',3,(#3930,#3931,#3932,#3933),
  .UNSPECIFIED.,.F.,.F.,(4,4),(-0.626935320891,-5.468912266856E-02),
  .PIECEWISE_BEZIER_KNOTS.);
#3930 = CARTESIAN_POINT('',(0.,4.50665329563));
#3931 = CARTESIAN_POINT('',(1.739376503452,3.714460114212));
#3932 = CARTESIAN_POINT('',(3.454840750427,2.943954349548));
#3933 = CARTESIAN_POINT('',(5.196152422707,2.176950096912));
#3934 = ( GEOMETRIC_REPRESENTATION_CONTEXT(2) 
PARAMETRIC_REPRESENTATION_CONTEXT() REPRESENTATION_CONTEXT('2D SPACE',''
  ) );
#3935 = ORIENTED_EDGE('',*,*,#3936,.F.);
#3936 = EDGE_CURVE('',#3937,#3883,#3939,.T.);
#3937 = VERTEX_POINT('',#3938);
#3938 = CARTESIAN_POINT('',(119.45913724855,37.332399018121,
    26.46896631081));
#3939 = SURFACE_CURVE('',#3940,(#3945,#3974),.PCURVE_S1.);
#3940 = B_SPLINE_CURVE_WITH_KNOTS('',3,(#3941,#3942,#3943,#3944),
  .UNSPECIFIED.,.F.,.F.,(4,4),(-0.94298007381,-8.434923552265E-02),
  .PIECEWISE_BEZIER_KNOTS.);
#3941 = CARTESIAN_POINT('',(119.45913724855,37.332399018121,
    26.46896631081));
#3942 = CARTESIAN_POINT('',(119.48489422803,38.991853741495,
    24.273913687196));
#3943 = CARTESIAN_POINT('',(119.51325652117,40.819161999805,
    21.843330881024));
#3944 = CARTESIAN_POINT('',(119.53977884174,42.527925645274,
    19.50665329563));
#3945 = PCURVE('',#644,#3946);
#3946 = DEFINITIONAL_REPRESENTATION('',(#3947),#3973);
#3947 = B_SPLINE_CURVE_WITH_KNOTS('',3,(#3948,#3949,#3950,#3951,#3952,
    #3953,#3954,#3955,#3956,#3957,#3958,#3959,#3960,#3961,#3962,#3963,
    #3964,#3965,#3966,#3967,#3968,#3969,#3970,#3971,#3972),
  .UNSPECIFIED.,.F.,.F.,(4,1,1,1,1,1,1,1,1,1,1,1,1,1,1,1,1,1,1,1,1,1,4),
  (-0.94298007381,-0.903951399343,-0.864922724875,-0.825894050407,
    -0.78686537594,-0.747836701472,-0.708808027005,-0.669779352537,
    -0.630750678069,-0.591722003602,-0.552693329134,-0.513664654666,
    -0.474635980199,-0.435607305731,-0.396578631264,-0.357549956796,
    -0.318521282328,-0.279492607861,-0.240463933393,-0.201435258926,
    -0.162406584458,-0.12337790999,-8.434923552265E-02),.UNSPECIFIED.);
#3948 = CARTESIAN_POINT('',(23.352293376447,61.558209082675));
#3949 = CARTESIAN_POINT('',(23.617436783255,61.560045395524));
#3950 = CARTESIAN_POINT('',(24.15131291594,61.56373406514));
#3951 = CARTESIAN_POINT('',(24.962422841844,61.569311673637));
#3952 = CARTESIAN_POINT('',(25.78336060556,61.574930324361));
#3953 = CARTESIAN_POINT('',(26.613643123593,61.580586575028));
#3954 = CARTESIAN_POINT('',(27.452777114746,61.586277055271));
#3955 = CARTESIAN_POINT('',(28.3002575761,61.591998471555));
#3956 = CARTESIAN_POINT('',(29.155568061929,61.597747596547));
#3957 = CARTESIAN_POINT('',(30.018180538113,61.603521261125));
#3958 = CARTESIAN_POINT('',(30.88755541154,61.609316344072));
#3959 = CARTESIAN_POINT('',(31.763141576303,61.61512976075));
#3960 = CARTESIAN_POINT('',(32.644376521178,61.620958450366));
#3961 = CARTESIAN_POINT('',(33.530686488231,61.626799361903));
#3962 = CARTESIAN_POINT('',(34.421486686622,61.632649438691));
#3963 = CARTESIAN_POINT('',(35.316181561287,61.638505601642));
#3964 = CARTESIAN_POINT('',(36.214165117351,61.644364731175));
#3965 = CARTESIAN_POINT('',(37.11482129822,61.65022364783));
#3966 = CARTESIAN_POINT('',(38.017524423055,61.656079091847));
#3967 = CARTESIAN_POINT('',(38.921639658221,61.661927700961));
#3968 = CARTESIAN_POINT('',(39.826523610929,61.667765989677));
#3969 = CARTESIAN_POINT('',(40.731524706589,61.673590318286));
#3970 = CARTESIAN_POINT('',(41.635984601278,61.679396896069));
#3971 = CARTESIAN_POINT('',(42.238152163385,61.683253401034));
#3972 = CARTESIAN_POINT('',(42.538923722978,61.685177351818));
#3973 = ( GEOMETRIC_REPRESENTATION_CONTEXT(2) 
PARAMETRIC_REPRESENTATION_CONTEXT() REPRESENTATION_CONTEXT('2D SPACE',''
  ) );
#3974 = PCURVE('',#3975,#3980);
#3975 = PLANE('',#3976);
#3976 = AXIS2_PLACEMENT_3D('',#3977,#3978,#3979);
#3977 = CARTESIAN_POINT('',(119.45913724855,37.332399018121,15.));
#3978 = DIRECTION('',(0.999879565589,-1.5519481845E-02,
    1.224499309532E-16));
#3979 = DIRECTION('',(1.5519481845E-02,0.999879565589,1.900588376591E-18
    ));
#3980 = DEFINITIONAL_REPRESENTATION('',(#3981),#3986);
#3981 = B_SPLINE_CURVE_WITH_KNOTS('',3,(#3982,#3983,#3984,#3985),
  .UNSPECIFIED.,.F.,.F.,(4,4),(-0.94298007381,-8.434923552265E-02),
  .PIECEWISE_BEZIER_KNOTS.);
#3982 = CARTESIAN_POINT('',(0.,11.46896631081));
#3983 = CARTESIAN_POINT('',(1.659654602897,9.273913687196));
#3984 = CARTESIAN_POINT('',(3.487182958507,6.843330881024));
#3985 = CARTESIAN_POINT('',(5.196152422707,4.50665329563));
#3986 = ( GEOMETRIC_REPRESENTATION_CONTEXT(2) 
PARAMETRIC_REPRESENTATION_CONTEXT() REPRESENTATION_CONTEXT('2D SPACE',''
  ) );
#3987 = ORIENTED_EDGE('',*,*,#3988,.F.);
#3988 = EDGE_CURVE('',#3989,#3937,#3991,.T.);
#3989 = VERTEX_POINT('',#3990);
#3990 = CARTESIAN_POINT('',(114.91935840681,34.804473372848,
    30.664674024706));
#3991 = SURFACE_CURVE('',#3992,(#3997,#4026),.PCURVE_S1.);
#3992 = B_SPLINE_CURVE_WITH_KNOTS('',3,(#3993,#3994,#3995,#3996),
  .UNSPECIFIED.,.F.,.F.,(4,4),(-0.730487621731,-6.538551137194E-02),
  .PIECEWISE_BEZIER_KNOTS.);
#3993 = CARTESIAN_POINT('',(114.91935840681,34.804473372848,
    30.664674024706));
#3994 = CARTESIAN_POINT('',(116.45267231207,35.658282264976,
    29.303713606953));
#3995 = CARTESIAN_POINT('',(117.97426440813,36.505563997271,
    27.898221495521));
#3996 = CARTESIAN_POINT('',(119.45913724855,37.332399018121,
    26.46896631081));
#3997 = PCURVE('',#644,#3998);
#3998 = DEFINITIONAL_REPRESENTATION('',(#3999),#4025);
#3999 = B_SPLINE_CURVE_WITH_KNOTS('',3,(#4000,#4001,#4002,#4003,#4004,
    #4005,#4006,#4007,#4008,#4009,#4010,#4011,#4012,#4013,#4014,#4015,
    #4016,#4017,#4018,#4019,#4020,#4021,#4022,#4023,#4024),
  .UNSPECIFIED.,.F.,.F.,(4,1,1,1,1,1,1,1,1,1,1,1,1,1,1,1,1,1,1,1,1,1,4),
  (-0.730487621731,-0.700255707624,-0.670023793517,-0.63979187941,
    -0.609559965302,-0.579328051195,-0.549096137088,-0.518864222981,
    -0.488632308873,-0.458400394766,-0.428168480659,-0.397936566552,
    -0.367704652444,-0.337472738337,-0.30724082423,-0.277008910123,
    -0.246776996015,-0.216545081908,-0.186313167801,-0.156081253694,
    -0.125849339586,-9.561742547919E-02,-6.538551137194E-02),
  .UNSPECIFIED.);
#4000 = CARTESIAN_POINT('',(12.551491252486,65.160475119076));
#4001 = CARTESIAN_POINT('',(12.705103786817,65.104973620793));
#4002 = CARTESIAN_POINT('',(13.013271667584,64.994027665924));
#4003 = CARTESIAN_POINT('',(13.47834258989,64.827790873976));
#4004 = CARTESIAN_POINT('',(13.946223544202,64.661747244921));
#4005 = CARTESIAN_POINT('',(14.41690453035,64.495907775855));
#4006 = CARTESIAN_POINT('',(14.89037490667,64.330283447429));
#4007 = CARTESIAN_POINT('',(15.366623280993,64.164885221667));
#4008 = CARTESIAN_POINT('',(15.845637508269,63.99972404277));
#4009 = CARTESIAN_POINT('',(16.3274046595,63.834810837119));
#4010 = CARTESIAN_POINT('',(16.811910998287,63.670156513486));
#4011 = CARTESIAN_POINT('',(17.299141955316,63.505771963171));
#4012 = CARTESIAN_POINT('',(17.789082103416,63.341668060153));
#4013 = CARTESIAN_POINT('',(18.281715132557,63.177855661219));
#4014 = CARTESIAN_POINT('',(18.777023824993,63.014345606082));
#4015 = CARTESIAN_POINT('',(19.274990030553,62.851148717483));
#4016 = CARTESIAN_POINT('',(19.775594642212,62.688275801276));
#4017 = CARTESIAN_POINT('',(20.278817571676,62.525737646488));
#4018 = CARTESIAN_POINT('',(20.784637726223,62.36354502538));
#4019 = CARTESIAN_POINT('',(21.293032982417,62.201708693424));
#4020 = CARTESIAN_POINT('',(21.803980173332,62.040239389461));
#4021 = CARTESIAN_POINT('',(22.317455027442,61.879147835097));
#4022 = CARTESIAN_POINT('',(22.833432290287,61.718444736805));
#4023 = CARTESIAN_POINT('',(23.179067541219,61.61157543081));
#4024 = CARTESIAN_POINT('',(23.352293376447,61.558209082675));
#4025 = ( GEOMETRIC_REPRESENTATION_CONTEXT(2) 
PARAMETRIC_REPRESENTATION_CONTEXT() REPRESENTATION_CONTEXT('2D SPACE',''
  ) );
#4026 = PCURVE('',#4027,#4032);
#4027 = PLANE('',#4028);
#4028 = AXIS2_PLACEMENT_3D('',#4029,#4030,#4031);
#4029 = CARTESIAN_POINT('',(114.91935840681,34.804473372848,15.));
#4030 = DIRECTION('',(0.486499517263,-0.873680845448,5.957900766033E-17)
  );
#4031 = DIRECTION('',(0.873680845448,0.486499517263,1.069950450854E-16)
  );
#4032 = DEFINITIONAL_REPRESENTATION('',(#4033),#4038);
#4033 = B_SPLINE_CURVE_WITH_KNOTS('',3,(#4034,#4035,#4036,#4037),
  .UNSPECIFIED.,.F.,.F.,(4,4),(-0.730487621731,-6.538551137194E-02),
  .PIECEWISE_BEZIER_KNOTS.);
#4034 = CARTESIAN_POINT('',(0.,15.664674024706));
#4035 = CARTESIAN_POINT('',(1.755004602946,14.303713606953));
#4036 = CARTESIAN_POINT('',(3.496592625604,12.898221495521));
#4037 = CARTESIAN_POINT('',(5.196152422707,11.46896631081));
#4038 = ( GEOMETRIC_REPRESENTATION_CONTEXT(2) 
PARAMETRIC_REPRESENTATION_CONTEXT() REPRESENTATION_CONTEXT('2D SPACE',''
  ) );
#4039 = ORIENTED_EDGE('',*,*,#4040,.F.);
#4040 = EDGE_CURVE('',#4041,#3989,#4043,.T.);
#4041 = VERTEX_POINT('',#4042);
#4042 = CARTESIAN_POINT('',(110.46022115825,37.472074354726,
    28.052142264521));
#4043 = SURFACE_CURVE('',#4044,(#4049,#4078),.PCURVE_S1.);
#4044 = B_SPLINE_CURVE_WITH_KNOTS('',3,(#4045,#4046,#4047,#4048),
  .UNSPECIFIED.,.F.,.F.,(4,4),(-0.650471390196,-5.632945305147E-02),
  .PIECEWISE_BEZIER_KNOTS.);
#4045 = CARTESIAN_POINT('',(110.46022115825,37.472074354726,
    28.052142264521));
#4046 = CARTESIAN_POINT('',(111.9576839755,36.576243376904,
    28.915069122665));
#4047 = CARTESIAN_POINT('',(113.41540497103,35.704187249851,
    29.771155154842));
#4048 = CARTESIAN_POINT('',(114.91935840681,34.804473372848,
    30.664674024706));
#4049 = PCURVE('',#644,#4050);
#4050 = DEFINITIONAL_REPRESENTATION('',(#4051),#4077);
#4051 = B_SPLINE_CURVE_WITH_KNOTS('',3,(#4052,#4053,#4054,#4055,#4056,
    #4057,#4058,#4059,#4060,#4061,#4062,#4063,#4064,#4065,#4066,#4067,
    #4068,#4069,#4070,#4071,#4072,#4073,#4074,#4075,#4076),
  .UNSPECIFIED.,.F.,.F.,(4,1,1,1,1,1,1,1,1,1,1,1,1,1,1,1,1,1,1,1,1,1,4),
  (-0.650471390196,-0.623464938508,-0.596458486819,-0.569452035131,
    -0.542445583443,-0.515439131754,-0.488432680066,-0.461426228377,
    -0.434419776689,-0.407413325001,-0.380406873312,-0.353400421624,
    -0.326393969935,-0.299387518247,-0.272381066559,-0.24537461487,
    -0.218368163182,-0.191361711493,-0.164355259805,-0.137348808117,
    -0.110342356428,-8.333590473987E-02,-5.632945305147E-02),
  .UNSPECIFIED.);
#4052 = CARTESIAN_POINT('',(18.917098198919,68.772746971523));
#4053 = CARTESIAN_POINT('',(18.821887531651,68.718396372497));
#4054 = CARTESIAN_POINT('',(18.63150682241,68.609759235474));
#4055 = CARTESIAN_POINT('',(18.345996299515,68.446956118269));
#4056 = CARTESIAN_POINT('',(18.060485109569,68.284266064286));
#4057 = CARTESIAN_POINT('',(17.774911600361,68.121649304627));
#4058 = CARTESIAN_POINT('',(17.489213829009,67.959065906158));
#4059 = CARTESIAN_POINT('',(17.203329520635,67.796475745677));
#4060 = CARTESIAN_POINT('',(16.917196078563,67.63383851223));
#4061 = CARTESIAN_POINT('',(16.630750579992,67.471113701785));
#4062 = CARTESIAN_POINT('',(16.343929774826,67.308260613844));
#4063 = CARTESIAN_POINT('',(16.0566700829,67.145238347425));
#4064 = CARTESIAN_POINT('',(15.768907590849,66.982005797094));
#4065 = CARTESIAN_POINT('',(15.480578048267,66.818521648853));
#4066 = CARTESIAN_POINT('',(15.191616863206,66.654744375933));
#4067 = CARTESIAN_POINT('',(14.901959096978,66.49063223447));
#4068 = CARTESIAN_POINT('',(14.611539458255,66.326143259083));
#4069 = CARTESIAN_POINT('',(14.320292296317,66.161235258269));
#4070 = CARTESIAN_POINT('',(14.028151593864,65.995865809893));
#4071 = CARTESIAN_POINT('',(13.735050957688,65.829992255738));
#4072 = CARTESIAN_POINT('',(13.440923613405,65.663571698938));
#4073 = CARTESIAN_POINT('',(13.145702380876,65.496560990054));
#4074 = CARTESIAN_POINT('',(12.849319717376,65.328916754864));
#4075 = CARTESIAN_POINT('',(12.6509115747,65.216702428834));
#4076 = CARTESIAN_POINT('',(12.551491252486,65.160475119076));
#4077 = ( GEOMETRIC_REPRESENTATION_CONTEXT(2) 
PARAMETRIC_REPRESENTATION_CONTEXT() REPRESENTATION_CONTEXT('2D SPACE',''
  ) );
#4078 = PCURVE('',#4079,#4084);
#4079 = PLANE('',#4080);
#4080 = AXIS2_PLACEMENT_3D('',#4081,#4082,#4083);
#4081 = CARTESIAN_POINT('',(110.46022115825,37.472074354726,15.));
#4082 = DIRECTION('',(-0.513380048326,-0.858161363603,
    -6.287092329286E-17));
#4083 = DIRECTION('',(0.858161363603,-0.513380048326,1.050944567088E-16)
  );
#4084 = DEFINITIONAL_REPRESENTATION('',(#4085),#4090);
#4085 = B_SPLINE_CURVE_WITH_KNOTS('',3,(#4086,#4087,#4088,#4089),
  .UNSPECIFIED.,.F.,.F.,(4,4),(-0.650471390196,-5.632945305147E-02),
  .PIECEWISE_BEZIER_KNOTS.);
#4086 = CARTESIAN_POINT('',(-2.84217094304E-14,13.052142264521));
#4087 = CARTESIAN_POINT('',(1.744966483882,13.915069122665));
#4088 = CARTESIAN_POINT('',(3.443622537806,14.771155154842));
#4089 = CARTESIAN_POINT('',(5.196152422706,15.664674024706));
#4090 = ( GEOMETRIC_REPRESENTATION_CONTEXT(2) 
PARAMETRIC_REPRESENTATION_CONTEXT() REPRESENTATION_CONTEXT('2D SPACE',''
  ) );
#4091 = ORIENTED_EDGE('',*,*,#4092,.F.);
#4092 = EDGE_CURVE('',#4093,#4041,#4095,.T.);
#4093 = VERTEX_POINT('',#4094);
#4094 = CARTESIAN_POINT('',(110.54086275144,42.667600981879,
    21.588860981727));
#4095 = SURFACE_CURVE('',#4096,(#4101,#4130),.PCURVE_S1.);
#4096 = B_SPLINE_CURVE_WITH_KNOTS('',3,(#4097,#4098,#4099,#4100),
  .UNSPECIFIED.,.F.,.F.,(4,4),(-0.98318404982,-8.048703568997E-02),
  .PIECEWISE_BEZIER_KNOTS.);
#4097 = CARTESIAN_POINT('',(110.54086275144,42.667600981879,
    21.588860981727));
#4098 = CARTESIAN_POINT('',(110.51466487828,40.979740633778,
    23.70544244424));
#4099 = CARTESIAN_POINT('',(110.48895236796,39.323150941822,
    25.755473832877));
#4100 = CARTESIAN_POINT('',(110.46022115825,37.472074354726,
    28.052142264521));
#4101 = PCURVE('',#644,#4102);
#4102 = DEFINITIONAL_REPRESENTATION('',(#4103),#4129);
#4103 = B_SPLINE_CURVE_WITH_KNOTS('',3,(#4104,#4105,#4106,#4107,#4108,
    #4109,#4110,#4111,#4112,#4113,#4114,#4115,#4116,#4117,#4118,#4119,
    #4120,#4121,#4122,#4123,#4124,#4125,#4126,#4127,#4128),
  .UNSPECIFIED.,.F.,.F.,(4,1,1,1,1,1,1,1,1,1,1,1,1,1,1,1,1,1,1,1,1,1,4),
  (-0.98318404982,-0.94215236736,-0.901120684899,-0.860089002439,
    -0.819057319979,-0.778025637518,-0.736993955058,-0.695962272597,
    -0.654930590137,-0.613898907676,-0.572867225216,-0.531835542755,
    -0.490803860295,-0.449772177834,-0.408740495374,-0.367708812913,
    -0.326677130453,-0.285645447992,-0.244613765532,-0.203582083071,
    -0.162550400611,-0.12151871815,-8.048703568997E-02),.UNSPECIFIED.);
#4104 = CARTESIAN_POINT('',(35.985720378886,68.754115791798));
#4105 = CARTESIAN_POINT('',(35.723034206235,68.754374967298));
#4106 = CARTESIAN_POINT('',(35.199040043659,68.754896532137));
#4107 = CARTESIAN_POINT('',(34.416753010186,68.755687788418));
#4108 = CARTESIAN_POINT('',(33.637738457862,68.756487173956));
#4109 = CARTESIAN_POINT('',(32.861569527543,68.757294074448));
#4110 = CARTESIAN_POINT('',(32.087822876591,68.758107964356));
#4111 = CARTESIAN_POINT('',(31.316079351882,68.758928408961));
#4112 = CARTESIAN_POINT('',(30.545924107567,68.759755046409));
#4113 = CARTESIAN_POINT('',(29.776946860889,68.760587576145));
#4114 = CARTESIAN_POINT('',(29.00874210164,68.761425746563));
#4115 = CARTESIAN_POINT('',(28.240909305908,68.762269343732));
#4116 = CARTESIAN_POINT('',(27.473053141628,68.763118180641));
#4117 = CARTESIAN_POINT('',(26.704783670277,68.763972087043));
#4118 = CARTESIAN_POINT('',(25.935716544349,68.764830899829));
#4119 = CARTESIAN_POINT('',(25.1654732016,68.765694453908));
#4120 = CARTESIAN_POINT('',(24.393681055884,68.766562573563));
#4121 = CARTESIAN_POINT('',(23.619973687085,68.767435064236));
#4122 = CARTESIAN_POINT('',(22.843991022684,68.768311704799));
#4123 = CARTESIAN_POINT('',(22.065379540143,68.769192240029));
#4124 = CARTESIAN_POINT('',(21.283792382161,68.770076374235));
#4125 = CARTESIAN_POINT('',(20.498889788421,68.770963762506));
#4126 = CARTESIAN_POINT('',(19.71033833771,68.771854012615));
#4127 = CARTESIAN_POINT('',(19.18198919351,68.772449103591));
#4128 = CARTESIAN_POINT('',(18.917098198919,68.772746971523));
#4129 = ( GEOMETRIC_REPRESENTATION_CONTEXT(2) 
PARAMETRIC_REPRESENTATION_CONTEXT() REPRESENTATION_CONTEXT('2D SPACE',''
  ) );
#4130 = PCURVE('',#4131,#4136);
#4131 = PLANE('',#4132);
#4132 = AXIS2_PLACEMENT_3D('',#4133,#4134,#4135);
#4133 = CARTESIAN_POINT('',(110.54086275144,42.667600981879,15.));
#4134 = DIRECTION('',(-0.999879565589,1.5519481845E-02,
    -1.224499309532E-16));
#4135 = DIRECTION('',(-1.5519481845E-02,-0.999879565589,
    -1.900588376591E-18));
#4136 = DEFINITIONAL_REPRESENTATION('',(#4137),#4142);
#4137 = B_SPLINE_CURVE_WITH_KNOTS('',3,(#4138,#4139,#4140,#4141),
  .UNSPECIFIED.,.F.,.F.,(4,4),(-0.98318404982,-8.048703568997E-02),
  .PIECEWISE_BEZIER_KNOTS.);
#4138 = CARTESIAN_POINT('',(0.,6.588860981727));
#4139 = CARTESIAN_POINT('',(1.688063649052,8.70544244424));
#4140 = CARTESIAN_POINT('',(3.344852875441,10.755473832877));
#4141 = CARTESIAN_POINT('',(5.196152422707,13.052142264521));
#4142 = ( GEOMETRIC_REPRESENTATION_CONTEXT(2) 
PARAMETRIC_REPRESENTATION_CONTEXT() REPRESENTATION_CONTEXT('2D SPACE',''
  ) );
#4143 = ORIENTED_EDGE('',*,*,#4144,.F.);
#4144 = EDGE_CURVE('',#3885,#4093,#4145,.T.);
#4145 = SURFACE_CURVE('',#4146,(#4151,#4180),.PCURVE_S1.);
#4146 = B_SPLINE_CURVE_WITH_KNOTS('',3,(#4147,#4148,#4149,#4150),
  .UNSPECIFIED.,.F.,.F.,(4,4),(-0.743711524493,-6.387632833631E-02),
  .PIECEWISE_BEZIER_KNOTS.);
#4147 = CARTESIAN_POINT('',(115.08064159318,45.195526627152,
    17.176950096912));
#4148 = CARTESIAN_POINT('',(113.60810826491,44.375562727188,
    18.699344167119));
#4149 = CARTESIAN_POINT('',(112.08812226189,43.529175330037,
    20.171712453592));
#4150 = CARTESIAN_POINT('',(110.54086275144,42.667600981879,
    21.588860981727));
#4151 = PCURVE('',#644,#4152);
#4152 = DEFINITIONAL_REPRESENTATION('',(#4153),#4179);
#4153 = B_SPLINE_CURVE_WITH_KNOTS('',3,(#4154,#4155,#4156,#4157,#4158,
    #4159,#4160,#4161,#4162,#4163,#4164,#4165,#4166,#4167,#4168,#4169,
    #4170,#4171,#4172,#4173,#4174,#4175,#4176,#4177,#4178),
  .UNSPECIFIED.,.F.,.F.,(4,1,1,1,1,1,1,1,1,1,1,1,1,1,1,1,1,1,1,1,1,1,4),
  (-0.743711524493,-0.712809924668,-0.681908324842,-0.651006725017,
    -0.620105125192,-0.589203525366,-0.558301925541,-0.527400325716,
    -0.49649872589,-0.465597126065,-0.43469552624,-0.403793926415,
    -0.372892326589,-0.341990726764,-0.311089126939,-0.280187527113,
    -0.249285927288,-0.218384327463,-0.187482727638,-0.156581127812,
    -0.125679527987,-9.477792816161E-02,-6.387632833631E-02),
  .UNSPECIFIED.);
#4154 = CARTESIAN_POINT('',(48.724141874073,65.26296647875));
#4155 = CARTESIAN_POINT('',(48.521671443583,65.314100664436));
#4156 = CARTESIAN_POINT('',(48.117509704285,65.416549428244));
#4157 = CARTESIAN_POINT('',(47.513642669996,65.570755608452));
#4158 = CARTESIAN_POINT('',(46.912189906905,65.725486694346));
#4159 = CARTESIAN_POINT('',(46.313188407319,65.88073450809));
#4160 = CARTESIAN_POINT('',(45.716674041981,66.036490841466));
#4161 = CARTESIAN_POINT('',(45.122681402008,66.19274745256));
#4162 = CARTESIAN_POINT('',(44.531243841743,66.34949606828));
#4163 = CARTESIAN_POINT('',(43.942393470122,66.506728385226));
#4164 = CARTESIAN_POINT('',(43.356161158091,66.664436070943));
#4165 = CARTESIAN_POINT('',(42.772576543898,66.822610764988));
#4166 = CARTESIAN_POINT('',(42.191668041025,66.981244079983));
#4167 = CARTESIAN_POINT('',(41.613462847382,67.140327602592));
#4168 = CARTESIAN_POINT('',(41.037986956047,67.299852894448));
#4169 = CARTESIAN_POINT('',(40.465265167353,67.459811493014));
#4170 = CARTESIAN_POINT('',(39.895321102342,67.620194912395));
#4171 = CARTESIAN_POINT('',(39.328177217214,67.78099464408));
#4172 = CARTESIAN_POINT('',(38.763854819777,67.942202157649));
#4173 = CARTESIAN_POINT('',(38.202374083756,68.103808901366));
#4174 = CARTESIAN_POINT('',(37.643754076068,68.265806302926));
#4175 = CARTESIAN_POINT('',(37.088012740268,68.428185769343));
#4176 = CARTESIAN_POINT('',(36.535167047834,68.590938689831));
#4177 = CARTESIAN_POINT('',(36.168544033869,68.699683848108));
#4178 = CARTESIAN_POINT('',(35.985720378886,68.754115791798));
#4179 = ( GEOMETRIC_REPRESENTATION_CONTEXT(2) 
PARAMETRIC_REPRESENTATION_CONTEXT() REPRESENTATION_CONTEXT('2D SPACE',''
  ) );
#4180 = PCURVE('',#4181,#4186);
#4181 = PLANE('',#4182);
#4182 = AXIS2_PLACEMENT_3D('',#4183,#4184,#4185);
#4183 = CARTESIAN_POINT('',(115.08064159318,45.195526627152,15.));
#4184 = DIRECTION('',(-0.486499517263,0.873680845448,-5.957900766033E-17
    ));
#4185 = DIRECTION('',(-0.873680845448,-0.486499517263,
    -1.069950450854E-16));
#4186 = DEFINITIONAL_REPRESENTATION('',(#4187),#4192);
#4187 = B_SPLINE_CURVE_WITH_KNOTS('',3,(#4188,#4189,#4190,#4191),
  .UNSPECIFIED.,.F.,.F.,(4,4),(-0.743711524493,-6.387632833631E-02),
  .PIECEWISE_BEZIER_KNOTS.);
#4188 = CARTESIAN_POINT('',(0.,2.176950096912));
#4189 = CARTESIAN_POINT('',(1.685436204699,3.699344167119));
#4190 = CARTESIAN_POINT('',(3.425185921024,5.171712453592));
#4191 = CARTESIAN_POINT('',(5.196152422706,6.588860981727));
#4192 = ( GEOMETRIC_REPRESENTATION_CONTEXT(2) 
PARAMETRIC_REPRESENTATION_CONTEXT() REPRESENTATION_CONTEXT('2D SPACE',''
  ) );
#4193 = ADVANCED_FACE('',(#4194),#405,.T.);
#4194 = FACE_BOUND('',#4195,.T.);
#4195 = EDGE_LOOP('',(#4196,#4197,#4198,#4221));
#4196 = ORIENTED_EDGE('',*,*,#389,.T.);
#4197 = ORIENTED_EDGE('',*,*,#796,.T.);
#4198 = ORIENTED_EDGE('',*,*,#4199,.F.);
#4199 = EDGE_CURVE('',#4200,#774,#4202,.T.);
#4200 = VERTEX_POINT('',#4201);
#4201 = CARTESIAN_POINT('',(64.860091679958,-50.,36.));
#4202 = SURFACE_CURVE('',#4203,(#4207,#4214),.PCURVE_S1.);
#4203 = LINE('',#4204,#4205);
#4204 = CARTESIAN_POINT('',(64.860091679958,-50.,36.));
#4205 = VECTOR('',#4206,1.);
#4206 = DIRECTION('',(0.,1.,0.));
#4207 = PCURVE('',#405,#4208);
#4208 = DEFINITIONAL_REPRESENTATION('',(#4209),#4213);
#4209 = LINE('',#4210,#4211);
#4210 = CARTESIAN_POINT('',(-4.,0.));
#4211 = VECTOR('',#4212,1.);
#4212 = DIRECTION('',(0.,1.));
#4213 = ( GEOMETRIC_REPRESENTATION_CONTEXT(2) 
PARAMETRIC_REPRESENTATION_CONTEXT() REPRESENTATION_CONTEXT('2D SPACE',''
  ) );
#4214 = PCURVE('',#543,#4215);
#4215 = DEFINITIONAL_REPRESENTATION('',(#4216),#4220);
#4216 = LINE('',#4217,#4218);
#4217 = CARTESIAN_POINT('',(-2.,0.));
#4218 = VECTOR('',#4219,1.);
#4219 = DIRECTION('',(0.,1.));
#4220 = ( GEOMETRIC_REPRESENTATION_CONTEXT(2) 
PARAMETRIC_REPRESENTATION_CONTEXT() REPRESENTATION_CONTEXT('2D SPACE',''
  ) );
#4221 = ORIENTED_EDGE('',*,*,#4222,.T.);
#4222 = EDGE_CURVE('',#4200,#390,#4223,.T.);
#4223 = SURFACE_CURVE('',#4224,(#4228,#4235),.PCURVE_S1.);
#4224 = LINE('',#4225,#4226);
#4225 = CARTESIAN_POINT('',(64.860091679958,-50.,40.));
#4226 = VECTOR('',#4227,1.);
#4227 = DIRECTION('',(-1.224646799147E-16,0.,1.));
#4228 = PCURVE('',#405,#4229);
#4229 = DEFINITIONAL_REPRESENTATION('',(#4230),#4234);
#4230 = LINE('',#4231,#4232);
#4231 = CARTESIAN_POINT('',(0.,0.));
#4232 = VECTOR('',#4233,1.);
#4233 = DIRECTION('',(1.,0.));
#4234 = ( GEOMETRIC_REPRESENTATION_CONTEXT(2) 
PARAMETRIC_REPRESENTATION_CONTEXT() REPRESENTATION_CONTEXT('2D SPACE',''
  ) );
#4235 = PCURVE('',#126,#4236);
#4236 = DEFINITIONAL_REPRESENTATION('',(#4237),#4241);
#4237 = LINE('',#4238,#4239);
#4238 = CARTESIAN_POINT('',(60.139908320042,-7.365014622515E-15));
#4239 = VECTOR('',#4240,1.);
#4240 = DIRECTION('',(0.,-1.));
#4241 = ( GEOMETRIC_REPRESENTATION_CONTEXT(2) 
PARAMETRIC_REPRESENTATION_CONTEXT() REPRESENTATION_CONTEXT('2D SPACE',''
  ) );
#4242 = ADVANCED_FACE('',(#4243),#543,.T.);
#4243 = FACE_BOUND('',#4244,.T.);
#4244 = EDGE_LOOP('',(#4245,#4246,#4247,#4248));
#4245 = ORIENTED_EDGE('',*,*,#4199,.T.);
#4246 = ORIENTED_EDGE('',*,*,#773,.T.);
#4247 = ORIENTED_EDGE('',*,*,#527,.F.);
#4248 = ORIENTED_EDGE('',*,*,#4249,.T.);
#4249 = EDGE_CURVE('',#505,#4200,#4250,.T.);
#4250 = SURFACE_CURVE('',#4251,(#4255,#4262),.PCURVE_S1.);
#4251 = LINE('',#4252,#4253);
#4252 = CARTESIAN_POINT('',(95.930045839979,-50.,36.));
#4253 = VECTOR('',#4254,1.);
#4254 = DIRECTION('',(1.,0.,1.224646799147E-16));
#4255 = PCURVE('',#543,#4256);
#4256 = DEFINITIONAL_REPRESENTATION('',(#4257),#4261);
#4257 = LINE('',#4258,#4259);
#4258 = CARTESIAN_POINT('',(29.069954160021,0.));
#4259 = VECTOR('',#4260,1.);
#4260 = DIRECTION('',(1.,0.));
#4261 = ( GEOMETRIC_REPRESENTATION_CONTEXT(2) 
PARAMETRIC_REPRESENTATION_CONTEXT() REPRESENTATION_CONTEXT('2D SPACE',''
  ) );
#4262 = PCURVE('',#126,#4263);
#4263 = DEFINITIONAL_REPRESENTATION('',(#4264),#4268);
#4264 = LINE('',#4265,#4266);
#4265 = CARTESIAN_POINT('',(29.069954160021,4.));
#4266 = VECTOR('',#4267,1.);
#4267 = DIRECTION('',(-1.,0.));
#4268 = ( GEOMETRIC_REPRESENTATION_CONTEXT(2) 
PARAMETRIC_REPRESENTATION_CONTEXT() REPRESENTATION_CONTEXT('2D SPACE',''
  ) );
#4269 = ADVANCED_FACE('',(#4270),#126,.T.);
#4270 = FACE_BOUND('',#4271,.T.);
#4271 = EDGE_LOOP('',(#4272,#4273,#4296,#4317,#4318,#4339,#4340,#4341,
    #4342,#4343));
#4272 = ORIENTED_EDGE('',*,*,#112,.T.);
#4273 = ORIENTED_EDGE('',*,*,#4274,.T.);
#4274 = EDGE_CURVE('',#85,#4275,#4277,.T.);
#4275 = VERTEX_POINT('',#4276);
#4276 = CARTESIAN_POINT('',(-25.,-50.,15.));
#4277 = SURFACE_CURVE('',#4278,(#4282,#4289),.PCURVE_S1.);
#4278 = LINE('',#4279,#4280);
#4279 = CARTESIAN_POINT('',(-25.,-50.,40.));
#4280 = VECTOR('',#4281,1.);
#4281 = DIRECTION('',(1.224646799147E-16,0.,-1.));
#4282 = PCURVE('',#126,#4283);
#4283 = DEFINITIONAL_REPRESENTATION('',(#4284),#4288);
#4284 = LINE('',#4285,#4286);
#4285 = CARTESIAN_POINT('',(150.,-1.836970198721E-14));
#4286 = VECTOR('',#4287,1.);
#4287 = DIRECTION('',(0.,1.));
#4288 = ( GEOMETRIC_REPRESENTATION_CONTEXT(2) 
PARAMETRIC_REPRESENTATION_CONTEXT() REPRESENTATION_CONTEXT('2D SPACE',''
  ) );
#4289 = PCURVE('',#100,#4290);
#4290 = DEFINITIONAL_REPRESENTATION('',(#4291),#4295);
#4291 = LINE('',#4292,#4293);
#4292 = CARTESIAN_POINT('',(0.,0.));
#4293 = VECTOR('',#4294,1.);
#4294 = DIRECTION('',(0.,1.));
#4295 = ( GEOMETRIC_REPRESENTATION_CONTEXT(2) 
PARAMETRIC_REPRESENTATION_CONTEXT() REPRESENTATION_CONTEXT('2D SPACE',''
  ) );
#4296 = ORIENTED_EDGE('',*,*,#4297,.F.);
#4297 = EDGE_CURVE('',#2371,#4275,#4298,.T.);
#4298 = SURFACE_CURVE('',#4299,(#4303,#4310),.PCURVE_S1.);
#4299 = LINE('',#4300,#4301);
#4300 = CARTESIAN_POINT('',(125.,-50.,15.));
#4301 = VECTOR('',#4302,1.);
#4302 = DIRECTION('',(-1.,0.,-1.224646799147E-16));
#4303 = PCURVE('',#126,#4304);
#4304 = DEFINITIONAL_REPRESENTATION('',(#4305),#4309);
#4305 = LINE('',#4306,#4307);
#4306 = CARTESIAN_POINT('',(3.061616997868E-15,25.));
#4307 = VECTOR('',#4308,1.);
#4308 = DIRECTION('',(1.,0.));
#4309 = ( GEOMETRIC_REPRESENTATION_CONTEXT(2) 
PARAMETRIC_REPRESENTATION_CONTEXT() REPRESENTATION_CONTEXT('2D SPACE',''
  ) );
#4310 = PCURVE('',#913,#4311);
#4311 = DEFINITIONAL_REPRESENTATION('',(#4312),#4316);
#4312 = LINE('',#4313,#4314);
#4313 = CARTESIAN_POINT('',(-125.,-50.));
#4314 = VECTOR('',#4315,1.);
#4315 = DIRECTION('',(1.,0.));
#4316 = ( GEOMETRIC_REPRESENTATION_CONTEXT(2) 
PARAMETRIC_REPRESENTATION_CONTEXT() REPRESENTATION_CONTEXT('2D SPACE',''
  ) );
#4317 = ORIENTED_EDGE('',*,*,#2417,.T.);
#4318 = ORIENTED_EDGE('',*,*,#4319,.F.);
#4319 = EDGE_CURVE('',#1296,#2418,#4320,.T.);
#4320 = SURFACE_CURVE('',#4321,(#4325,#4332),.PCURVE_S1.);
#4321 = LINE('',#4322,#4323);
#4322 = CARTESIAN_POINT('',(125.,-50.,15.));
#4323 = VECTOR('',#4324,1.);
#4324 = DIRECTION('',(-1.,0.,-1.224646799147E-16));
#4325 = PCURVE('',#126,#4326);
#4326 = DEFINITIONAL_REPRESENTATION('',(#4327),#4331);
#4327 = LINE('',#4328,#4329);
#4328 = CARTESIAN_POINT('',(3.061616997868E-15,25.));
#4329 = VECTOR('',#4330,1.);
#4330 = DIRECTION('',(1.,0.));
#4331 = ( GEOMETRIC_REPRESENTATION_CONTEXT(2) 
PARAMETRIC_REPRESENTATION_CONTEXT() REPRESENTATION_CONTEXT('2D SPACE',''
  ) );
#4332 = PCURVE('',#1335,#4333);
#4333 = DEFINITIONAL_REPRESENTATION('',(#4334),#4338);
#4334 = LINE('',#4335,#4336);
#4335 = CARTESIAN_POINT('',(-125.,-50.));
#4336 = VECTOR('',#4337,1.);
#4337 = DIRECTION('',(1.,0.));
#4338 = ( GEOMETRIC_REPRESENTATION_CONTEXT(2) 
PARAMETRIC_REPRESENTATION_CONTEXT() REPRESENTATION_CONTEXT('2D SPACE',''
  ) );
#4339 = ORIENTED_EDGE('',*,*,#1295,.F.);
#4340 = ORIENTED_EDGE('',*,*,#417,.T.);
#4341 = ORIENTED_EDGE('',*,*,#4222,.F.);
#4342 = ORIENTED_EDGE('',*,*,#4249,.F.);
#4343 = ORIENTED_EDGE('',*,*,#504,.T.);
#4344 = ADVANCED_FACE('',(#4345),#3402,.F.);
#4345 = FACE_BOUND('',#4346,.T.);
#4346 = EDGE_LOOP('',(#4347,#4348,#4371,#4399));
#4347 = ORIENTED_EDGE('',*,*,#3363,.F.);
#4348 = ORIENTED_EDGE('',*,*,#4349,.T.);
#4349 = EDGE_CURVE('',#3364,#4350,#4352,.T.);
#4350 = VERTEX_POINT('',#4351);
#4351 = CARTESIAN_POINT('',(35.,39.618802153517,35.));
#4352 = SURFACE_CURVE('',#4353,(#4357,#4364),.PCURVE_S1.);
#4353 = LINE('',#4354,#4355);
#4354 = CARTESIAN_POINT('',(35.,39.618802153517,15.));
#4355 = VECTOR('',#4356,1.);
#4356 = DIRECTION('',(-1.224646799147E-16,0.,1.));
#4357 = PCURVE('',#3402,#4358);
#4358 = DEFINITIONAL_REPRESENTATION('',(#4359),#4363);
#4359 = LINE('',#4360,#4361);
#4360 = CARTESIAN_POINT('',(-0.,0.));
#4361 = VECTOR('',#4362,1.);
#4362 = DIRECTION('',(0.,1.));
#4363 = ( GEOMETRIC_REPRESENTATION_CONTEXT(2) 
PARAMETRIC_REPRESENTATION_CONTEXT() REPRESENTATION_CONTEXT('2D SPACE',''
  ) );
#4364 = PCURVE('',#3454,#4365);
#4365 = DEFINITIONAL_REPRESENTATION('',(#4366),#4370);
#4366 = LINE('',#4367,#4368);
#4367 = CARTESIAN_POINT('',(4.618802153517,4.898587196589E-16));
#4368 = VECTOR('',#4369,1.);
#4369 = DIRECTION('',(0.,1.));
#4370 = ( GEOMETRIC_REPRESENTATION_CONTEXT(2) 
PARAMETRIC_REPRESENTATION_CONTEXT() REPRESENTATION_CONTEXT('2D SPACE',''
  ) );
#4371 = ORIENTED_EDGE('',*,*,#4372,.T.);
#4372 = EDGE_CURVE('',#4350,#4373,#4375,.T.);
#4373 = VERTEX_POINT('',#4374);
#4374 = CARTESIAN_POINT('',(31.,37.309401076758,35.));
#4375 = SURFACE_CURVE('',#4376,(#4380,#4387),.PCURVE_S1.);
#4376 = LINE('',#4377,#4378);
#4377 = CARTESIAN_POINT('',(31.,37.309401076758,35.));
#4378 = VECTOR('',#4379,1.);
#4379 = DIRECTION('',(-0.866025403784,-0.5,-1.060575238725E-16));
#4380 = PCURVE('',#3402,#4381);
#4381 = DEFINITIONAL_REPRESENTATION('',(#4382),#4386);
#4382 = LINE('',#4383,#4384);
#4383 = CARTESIAN_POINT('',(4.618802153517,20.));
#4384 = VECTOR('',#4385,1.);
#4385 = DIRECTION('',(1.,0.));
#4386 = ( GEOMETRIC_REPRESENTATION_CONTEXT(2) 
PARAMETRIC_REPRESENTATION_CONTEXT() REPRESENTATION_CONTEXT('2D SPACE',''
  ) );
#4387 = PCURVE('',#4388,#4393);
#4388 = PLANE('',#4389);
#4389 = AXIS2_PLACEMENT_3D('',#4390,#4391,#4392);
#4390 = CARTESIAN_POINT('',(35.,35.,35.));
#4391 = DIRECTION('',(-1.224646799147E-16,0.,1.));
#4392 = DIRECTION('',(1.,0.,1.224646799147E-16));
#4393 = DEFINITIONAL_REPRESENTATION('',(#4394),#4398);
#4394 = LINE('',#4395,#4396);
#4395 = CARTESIAN_POINT('',(-4.,2.309401076758));
#4396 = VECTOR('',#4397,1.);
#4397 = DIRECTION('',(-0.866025403784,-0.5));
#4398 = ( GEOMETRIC_REPRESENTATION_CONTEXT(2) 
PARAMETRIC_REPRESENTATION_CONTEXT() REPRESENTATION_CONTEXT('2D SPACE',''
  ) );
#4399 = ORIENTED_EDGE('',*,*,#4400,.F.);
#4400 = EDGE_CURVE('',#3335,#4373,#4401,.T.);
#4401 = SURFACE_CURVE('',#4402,(#4406,#4413),.PCURVE_S1.);
#4402 = LINE('',#4403,#4404);
#4403 = CARTESIAN_POINT('',(31.,37.309401076758,15.));
#4404 = VECTOR('',#4405,1.);
#4405 = DIRECTION('',(-1.224646799147E-16,0.,1.));
#4406 = PCURVE('',#3402,#4407);
#4407 = DEFINITIONAL_REPRESENTATION('',(#4408),#4412);
#4408 = LINE('',#4409,#4410);
#4409 = CARTESIAN_POINT('',(4.618802153517,4.898587196589E-16));
#4410 = VECTOR('',#4411,1.);
#4411 = DIRECTION('',(0.,1.));
#4412 = ( GEOMETRIC_REPRESENTATION_CONTEXT(2) 
PARAMETRIC_REPRESENTATION_CONTEXT() REPRESENTATION_CONTEXT('2D SPACE',''
  ) );
#4413 = PCURVE('',#3350,#4414);
#4414 = DEFINITIONAL_REPRESENTATION('',(#4415),#4419);
#4415 = LINE('',#4416,#4417);
#4416 = CARTESIAN_POINT('',(0.,0.));
#4417 = VECTOR('',#4418,1.);
#4418 = DIRECTION('',(-0.,1.));
#4419 = ( GEOMETRIC_REPRESENTATION_CONTEXT(2) 
PARAMETRIC_REPRESENTATION_CONTEXT() REPRESENTATION_CONTEXT('2D SPACE',''
  ) );
#4420 = ADVANCED_FACE('',(#4421),#3350,.F.);
#4421 = FACE_BOUND('',#4422,.T.);
#4422 = EDGE_LOOP('',(#4423,#4424,#4425,#4448,#4476));
#4423 = ORIENTED_EDGE('',*,*,#3334,.F.);
#4424 = ORIENTED_EDGE('',*,*,#4400,.T.);
#4425 = ORIENTED_EDGE('',*,*,#4426,.T.);
#4426 = EDGE_CURVE('',#4373,#4427,#4429,.T.);
#4427 = VERTEX_POINT('',#4428);
#4428 = CARTESIAN_POINT('',(31.,32.690598923242,35.));
#4429 = SURFACE_CURVE('',#4430,(#4434,#4441),.PCURVE_S1.);
#4430 = LINE('',#4431,#4432);
#4431 = CARTESIAN_POINT('',(31.,32.690598923242,35.));
#4432 = VECTOR('',#4433,1.);
#4433 = DIRECTION('',(0.,-1.,-0.));
#4434 = PCURVE('',#3350,#4435);
#4435 = DEFINITIONAL_REPRESENTATION('',(#4436),#4440);
#4436 = LINE('',#4437,#4438);
#4437 = CARTESIAN_POINT('',(4.618802153517,20.));
#4438 = VECTOR('',#4439,1.);
#4439 = DIRECTION('',(1.,0.));
#4440 = ( GEOMETRIC_REPRESENTATION_CONTEXT(2) 
PARAMETRIC_REPRESENTATION_CONTEXT() REPRESENTATION_CONTEXT('2D SPACE',''
  ) );
#4441 = PCURVE('',#4388,#4442);
#4442 = DEFINITIONAL_REPRESENTATION('',(#4443),#4447);
#4443 = LINE('',#4444,#4445);
#4444 = CARTESIAN_POINT('',(-4.,-2.309401076758));
#4445 = VECTOR('',#4446,1.);
#4446 = DIRECTION('',(0.,-1.));
#4447 = ( GEOMETRIC_REPRESENTATION_CONTEXT(2) 
PARAMETRIC_REPRESENTATION_CONTEXT() REPRESENTATION_CONTEXT('2D SPACE',''
  ) );
#4448 = ORIENTED_EDGE('',*,*,#4449,.F.);
#4449 = EDGE_CURVE('',#4450,#4427,#4452,.T.);
#4450 = VERTEX_POINT('',#4451);
#4451 = CARTESIAN_POINT('',(31.,32.690598923242,28.518373846206));
#4452 = SURFACE_CURVE('',#4453,(#4457,#4464),.PCURVE_S1.);
#4453 = LINE('',#4454,#4455);
#4454 = CARTESIAN_POINT('',(31.,32.690598923242,15.));
#4455 = VECTOR('',#4456,1.);
#4456 = DIRECTION('',(-1.224646799147E-16,0.,1.));
#4457 = PCURVE('',#3350,#4458);
#4458 = DEFINITIONAL_REPRESENTATION('',(#4459),#4463);
#4459 = LINE('',#4460,#4461);
#4460 = CARTESIAN_POINT('',(4.618802153517,0.));
#4461 = VECTOR('',#4462,1.);
#4462 = DIRECTION('',(-0.,1.));
#4463 = ( GEOMETRIC_REPRESENTATION_CONTEXT(2) 
PARAMETRIC_REPRESENTATION_CONTEXT() REPRESENTATION_CONTEXT('2D SPACE',''
  ) );
#4464 = PCURVE('',#4465,#4470);
#4465 = PLANE('',#4466);
#4466 = AXIS2_PLACEMENT_3D('',#4467,#4468,#4469);
#4467 = CARTESIAN_POINT('',(31.,32.690598923242,15.));
#4468 = DIRECTION('',(-0.5,-0.866025403784,-6.123233995737E-17));
#4469 = DIRECTION('',(0.866025403784,-0.5,1.060575238725E-16));
#4470 = DEFINITIONAL_REPRESENTATION('',(#4471),#4475);
#4471 = LINE('',#4472,#4473);
#4472 = CARTESIAN_POINT('',(0.,0.));
#4473 = VECTOR('',#4474,1.);
#4474 = DIRECTION('',(0.,1.));
#4475 = ( GEOMETRIC_REPRESENTATION_CONTEXT(2) 
PARAMETRIC_REPRESENTATION_CONTEXT() REPRESENTATION_CONTEXT('2D SPACE',''
  ) );
#4476 = ORIENTED_EDGE('',*,*,#4477,.F.);
#4477 = EDGE_CURVE('',#3016,#4450,#4478,.T.);
#4478 = SURFACE_CURVE('',#4479,(#4484,#4492),.PCURVE_S1.);
#4479 = B_SPLINE_CURVE_WITH_KNOTS('',3,(#4480,#4481,#4482,#4483),
  .UNSPECIFIED.,.F.,.F.,(4,4),(-0.409181086411,-5.021020251376E-02),
  .PIECEWISE_BEZIER_KNOTS.);
#4480 = CARTESIAN_POINT('',(31.,36.264202335714,28.15818259149));
#4481 = CARTESIAN_POINT('',(31.,35.074489812749,28.285682313272));
#4482 = CARTESIAN_POINT('',(31.,33.882259100961,28.405666597902));
#4483 = CARTESIAN_POINT('',(31.,32.690598923242,28.518373846206));
#4484 = PCURVE('',#3350,#4485);
#4485 = DEFINITIONAL_REPRESENTATION('',(#4486),#4491);
#4486 = B_SPLINE_CURVE_WITH_KNOTS('',3,(#4487,#4488,#4489,#4490),
  .UNSPECIFIED.,.F.,.F.,(4,4),(-0.409181086411,-5.021020251376E-02),
  .PIECEWISE_BEZIER_KNOTS.);
#4487 = CARTESIAN_POINT('',(1.045198741045,13.15818259149));
#4488 = CARTESIAN_POINT('',(2.23491126401,13.285682313272));
#4489 = CARTESIAN_POINT('',(3.427141975798,13.405666597902));
#4490 = CARTESIAN_POINT('',(4.618802153517,13.518373846206));
#4491 = ( GEOMETRIC_REPRESENTATION_CONTEXT(2) 
PARAMETRIC_REPRESENTATION_CONTEXT() REPRESENTATION_CONTEXT('2D SPACE',''
  ) );
#4492 = PCURVE('',#1175,#4493);
#4493 = DEFINITIONAL_REPRESENTATION('',(#4494),#4520);
#4494 = B_SPLINE_CURVE_WITH_KNOTS('',3,(#4495,#4496,#4497,#4498,#4499,
    #4500,#4501,#4502,#4503,#4504,#4505,#4506,#4507,#4508,#4509,#4510,
    #4511,#4512,#4513,#4514,#4515,#4516,#4517,#4518,#4519),
  .UNSPECIFIED.,.F.,.F.,(4,1,1,1,1,1,1,1,1,1,1,1,1,1,1,1,1,1,1,1,1,1,4),
  (-0.409181086411,-0.392864228052,-0.376547369693,-0.360230511334,
    -0.343913652975,-0.327596794616,-0.311279936257,-0.294963077898,
    -0.278646219539,-0.26232936118,-0.246012502821,-0.229695644462,
    -0.213378786103,-0.197061927744,-0.180745069385,-0.164428211026,
    -0.148111352668,-0.131794494309,-0.11547763595,-9.916077759064E-02,
    -8.284391923168E-02,-6.652706087272E-02,-5.021020251376E-02),
  .UNSPECIFIED.);
#4495 = CARTESIAN_POINT('',(132.05028666326,1.134264969441));
#4496 = CARTESIAN_POINT('',(132.05028728358,1.225568004452));
#4497 = CARTESIAN_POINT('',(132.05028852068,1.408072357699));
#4498 = CARTESIAN_POINT('',(132.05029036595,1.681523669748));
#4499 = CARTESIAN_POINT('',(132.05029220104,1.954669701252));
#4500 = CARTESIAN_POINT('',(132.05029402609,2.227510372774));
#4501 = CARTESIAN_POINT('',(132.05029584124,2.500045594042));
#4502 = CARTESIAN_POINT('',(132.05029764659,2.772275262499));
#4503 = CARTESIAN_POINT('',(132.05029944221,3.044199263813));
#4504 = CARTESIAN_POINT('',(132.05030122815,3.315817471855));
#4505 = CARTESIAN_POINT('',(132.05030300446,3.587129748825));
#4506 = CARTESIAN_POINT('',(132.05030477114,3.85813594533));
#4507 = CARTESIAN_POINT('',(132.05030652821,4.128835900474));
#4508 = CARTESIAN_POINT('',(132.05030827564,4.399229441946));
#4509 = CARTESIAN_POINT('',(132.05031001342,4.669316386099));
#4510 = CARTESIAN_POINT('',(132.05031174153,4.939096538036));
#4511 = CARTESIAN_POINT('',(132.05031345992,5.208569691692));
#4512 = CARTESIAN_POINT('',(132.05031516857,5.477735629908));
#4513 = CARTESIAN_POINT('',(132.05031686745,5.746594124517));
#4514 = CARTESIAN_POINT('',(132.05031855651,6.015144936397));
#4515 = CARTESIAN_POINT('',(132.05032023573,6.283387815635));
#4516 = CARTESIAN_POINT('',(132.05032190509,6.551322501248));
#4517 = CARTESIAN_POINT('',(132.05032356459,6.818948722592));
#4518 = CARTESIAN_POINT('',(132.05032466434,6.997160370479));
#4519 = CARTESIAN_POINT('',(132.05032521257,7.086214689325));
#4520 = ( GEOMETRIC_REPRESENTATION_CONTEXT(2) 
PARAMETRIC_REPRESENTATION_CONTEXT() REPRESENTATION_CONTEXT('2D SPACE',''
  ) );
#4521 = ADVANCED_FACE('',(#4522),#4465,.F.);
#4522 = FACE_BOUND('',#4523,.T.);
#4523 = EDGE_LOOP('',(#4524,#4571,#4572,#4595));
#4524 = ORIENTED_EDGE('',*,*,#4525,.F.);
#4525 = EDGE_CURVE('',#4450,#4526,#4528,.T.);
#4526 = VERTEX_POINT('',#4527);
#4527 = CARTESIAN_POINT('',(35.,30.381197846483,29.310062222531));
#4528 = SURFACE_CURVE('',#4529,(#4534,#4542),.PCURVE_S1.);
#4529 = B_SPLINE_CURVE_WITH_KNOTS('',3,(#4530,#4531,#4532,#4533),
  .UNSPECIFIED.,.F.,.F.,(4,4),(-0.518615541703,-5.068268062871E-02),
  .PIECEWISE_BEZIER_KNOTS.);
#4530 = CARTESIAN_POINT('',(31.,32.690598923242,28.518373846206));
#4531 = CARTESIAN_POINT('',(32.331295186463,31.921975288967,
    28.786956699642));
#4532 = CARTESIAN_POINT('',(33.667055645056,31.150773628625,
    29.051220591617));
#4533 = CARTESIAN_POINT('',(35.,30.381197846483,29.310062222531));
#4534 = PCURVE('',#4465,#4535);
#4535 = DEFINITIONAL_REPRESENTATION('',(#4536),#4541);
#4536 = B_SPLINE_CURVE_WITH_KNOTS('',3,(#4537,#4538,#4539,#4540),
  .UNSPECIFIED.,.F.,.F.,(4,4),(-0.518615541703,-5.068268062871E-02),
  .PIECEWISE_BEZIER_KNOTS.);
#4537 = CARTESIAN_POINT('',(-6.927791673661E-14,13.518373846206));
#4538 = CARTESIAN_POINT('',(1.53724726855,13.786956699642));
#4539 = CARTESIAN_POINT('',(3.079650589234,14.051220591617));
#4540 = CARTESIAN_POINT('',(4.618802153517,14.310062222531));
#4541 = ( GEOMETRIC_REPRESENTATION_CONTEXT(2) 
PARAMETRIC_REPRESENTATION_CONTEXT() REPRESENTATION_CONTEXT('2D SPACE',''
  ) );
#4542 = PCURVE('',#1175,#4543);
#4543 = DEFINITIONAL_REPRESENTATION('',(#4544),#4570);
#4544 = B_SPLINE_CURVE_WITH_KNOTS('',3,(#4545,#4546,#4547,#4548,#4549,
    #4550,#4551,#4552,#4553,#4554,#4555,#4556,#4557,#4558,#4559,#4560,
    #4561,#4562,#4563,#4564,#4565,#4566,#4567,#4568,#4569),
  .UNSPECIFIED.,.F.,.F.,(4,1,1,1,1,1,1,1,1,1,1,1,1,1,1,1,1,1,1,1,1,1,4),
  (-0.518615541703,-0.497345866199,-0.476076190696,-0.454806515193,
    -0.433536839689,-0.412267164186,-0.390997488682,-0.369727813179,
    -0.348458137676,-0.327188462172,-0.305918786669,-0.284649111166,
    -0.263379435662,-0.242109760159,-0.220840084656,-0.199570409152,
    -0.178300733649,-0.157031058146,-0.135761382642,-0.114491707139,
    -9.322203163544E-02,-7.195235613208E-02,-5.068268062871E-02),
  .UNSPECIFIED.);
#4545 = CARTESIAN_POINT('',(132.05032521257,7.086214689324));
#4546 = CARTESIAN_POINT('',(131.99198424719,7.138935205109));
#4547 = CARTESIAN_POINT('',(131.87536652977,7.244395821284));
#4548 = CARTESIAN_POINT('',(131.70063530303,7.402641545883));
#4549 = CARTESIAN_POINT('',(131.52610213959,7.560938113855));
#4550 = CARTESIAN_POINT('',(131.35176973759,7.719281580417));
#4551 = CARTESIAN_POINT('',(131.17764078514,7.877668008729));
#4552 = CARTESIAN_POINT('',(131.00371795897,8.036093470992));
#4553 = CARTESIAN_POINT('',(130.83000392505,8.194554048107));
#4554 = CARTESIAN_POINT('',(130.65650133863,8.353045829721));
#4555 = CARTESIAN_POINT('',(130.48321284445,8.511564914164));
#4556 = CARTESIAN_POINT('',(130.31014107693,8.67010740841));
#4557 = CARTESIAN_POINT('',(130.1372886603,8.828669428033));
#4558 = CARTESIAN_POINT('',(129.96465820881,8.987247097154));
#4559 = CARTESIAN_POINT('',(129.79225232689,9.145836548398));
#4560 = CARTESIAN_POINT('',(129.62007360928,9.304433922833));
#4561 = CARTESIAN_POINT('',(129.44812464124,9.463035369922));
#4562 = CARTESIAN_POINT('',(129.27640799871,9.62163704746));
#4563 = CARTESIAN_POINT('',(129.10492624843,9.780235121516));
#4564 = CARTESIAN_POINT('',(128.93368194814,9.938825766385));
#4565 = CARTESIAN_POINT('',(128.76267764675,10.097405164456));
#4566 = CARTESIAN_POINT('',(128.59191588426,10.255969506413));
#4567 = CARTESIAN_POINT('',(128.42139919298,10.414514990167));
#4568 = CARTESIAN_POINT('',(128.30788646012,10.520196879735));
#4569 = CARTESIAN_POINT('',(128.2511717797,10.573033417234));
#4570 = ( GEOMETRIC_REPRESENTATION_CONTEXT(2) 
PARAMETRIC_REPRESENTATION_CONTEXT() REPRESENTATION_CONTEXT('2D SPACE',''
  ) );
#4571 = ORIENTED_EDGE('',*,*,#4449,.T.);
#4572 = ORIENTED_EDGE('',*,*,#4573,.T.);
#4573 = EDGE_CURVE('',#4427,#4574,#4576,.T.);
#4574 = VERTEX_POINT('',#4575);
#4575 = CARTESIAN_POINT('',(35.,30.381197846483,35.));
#4576 = SURFACE_CURVE('',#4577,(#4581,#4588),.PCURVE_S1.);
#4577 = LINE('',#4578,#4579);
#4578 = CARTESIAN_POINT('',(35.,30.381197846483,35.));
#4579 = VECTOR('',#4580,1.);
#4580 = DIRECTION('',(0.866025403784,-0.5,1.060575238725E-16));
#4581 = PCURVE('',#4465,#4582);
#4582 = DEFINITIONAL_REPRESENTATION('',(#4583),#4587);
#4583 = LINE('',#4584,#4585);
#4584 = CARTESIAN_POINT('',(4.618802153517,20.));
#4585 = VECTOR('',#4586,1.);
#4586 = DIRECTION('',(1.,0.));
#4587 = ( GEOMETRIC_REPRESENTATION_CONTEXT(2) 
PARAMETRIC_REPRESENTATION_CONTEXT() REPRESENTATION_CONTEXT('2D SPACE',''
  ) );
#4588 = PCURVE('',#4388,#4589);
#4589 = DEFINITIONAL_REPRESENTATION('',(#4590),#4594);
#4590 = LINE('',#4591,#4592);
#4591 = CARTESIAN_POINT('',(0.,-4.618802153517));
#4592 = VECTOR('',#4593,1.);
#4593 = DIRECTION('',(0.866025403784,-0.5));
#4594 = ( GEOMETRIC_REPRESENTATION_CONTEXT(2) 
PARAMETRIC_REPRESENTATION_CONTEXT() REPRESENTATION_CONTEXT('2D SPACE',''
  ) );
#4595 = ORIENTED_EDGE('',*,*,#4596,.F.);
#4596 = EDGE_CURVE('',#4526,#4574,#4597,.T.);
#4597 = SURFACE_CURVE('',#4598,(#4602,#4609),.PCURVE_S1.);
#4598 = LINE('',#4599,#4600);
#4599 = CARTESIAN_POINT('',(35.,30.381197846483,15.));
#4600 = VECTOR('',#4601,1.);
#4601 = DIRECTION('',(-1.224646799147E-16,0.,1.));
#4602 = PCURVE('',#4465,#4603);
#4603 = DEFINITIONAL_REPRESENTATION('',(#4604),#4608);
#4604 = LINE('',#4605,#4606);
#4605 = CARTESIAN_POINT('',(4.618802153517,-4.898587196589E-16));
#4606 = VECTOR('',#4607,1.);
#4607 = DIRECTION('',(0.,1.));
#4608 = ( GEOMETRIC_REPRESENTATION_CONTEXT(2) 
PARAMETRIC_REPRESENTATION_CONTEXT() REPRESENTATION_CONTEXT('2D SPACE',''
  ) );
#4609 = PCURVE('',#4610,#4615);
#4610 = PLANE('',#4611);
#4611 = AXIS2_PLACEMENT_3D('',#4612,#4613,#4614);
#4612 = CARTESIAN_POINT('',(35.,30.381197846483,15.));
#4613 = DIRECTION('',(0.5,-0.866025403784,6.123233995737E-17));
#4614 = DIRECTION('',(0.866025403784,0.5,1.060575238725E-16));
#4615 = DEFINITIONAL_REPRESENTATION('',(#4616),#4620);
#4616 = LINE('',#4617,#4618);
#4617 = CARTESIAN_POINT('',(0.,0.));
#4618 = VECTOR('',#4619,1.);
#4619 = DIRECTION('',(0.,1.));
#4620 = ( GEOMETRIC_REPRESENTATION_CONTEXT(2) 
PARAMETRIC_REPRESENTATION_CONTEXT() REPRESENTATION_CONTEXT('2D SPACE',''
  ) );
#4621 = ADVANCED_FACE('',(#4622),#4610,.F.);
#4622 = FACE_BOUND('',#4623,.T.);
#4623 = EDGE_LOOP('',(#4624,#4671,#4672,#4695));
#4624 = ORIENTED_EDGE('',*,*,#4625,.F.);
#4625 = EDGE_CURVE('',#4526,#4626,#4628,.T.);
#4626 = VERTEX_POINT('',#4627);
#4627 = CARTESIAN_POINT('',(39.,32.690598923242,29.623896588297));
#4628 = SURFACE_CURVE('',#4629,(#4634,#4642),.PCURVE_S1.);
#4629 = B_SPLINE_CURVE_WITH_KNOTS('',3,(#4630,#4631,#4632,#4633),
  .UNSPECIFIED.,.F.,.F.,(4,4),(-0.51296429462,-5.008543134251E-02),
  .PIECEWISE_BEZIER_KNOTS.);
#4630 = CARTESIAN_POINT('',(35.,30.381197846483,29.310062222531));
#4631 = CARTESIAN_POINT('',(36.332417711144,31.150469570685,
    29.42709383611));
#4632 = CARTESIAN_POINT('',(37.666085742948,31.920463167856,
    29.531565957718));
#4633 = CARTESIAN_POINT('',(39.,32.690598923242,29.623896588297));
#4634 = PCURVE('',#4610,#4635);
#4635 = DEFINITIONAL_REPRESENTATION('',(#4636),#4641);
#4636 = B_SPLINE_CURVE_WITH_KNOTS('',3,(#4637,#4638,#4639,#4640),
  .UNSPECIFIED.,.F.,.F.,(4,4),(-0.51296429462,-5.008543134251E-02),
  .PIECEWISE_BEZIER_KNOTS.);
#4637 = CARTESIAN_POINT('',(-2.13162820728E-14,14.310062222531));
#4638 = CARTESIAN_POINT('',(1.538543448404,14.42709383611));
#4639 = CARTESIAN_POINT('',(3.078530642747,14.531565957718));
#4640 = CARTESIAN_POINT('',(4.618802153517,14.623896588297));
#4641 = ( GEOMETRIC_REPRESENTATION_CONTEXT(2) 
PARAMETRIC_REPRESENTATION_CONTEXT() REPRESENTATION_CONTEXT('2D SPACE',''
  ) );
#4642 = PCURVE('',#1175,#4643);
#4643 = DEFINITIONAL_REPRESENTATION('',(#4644),#4670);
#4644 = B_SPLINE_CURVE_WITH_KNOTS('',3,(#4645,#4646,#4647,#4648,#4649,
    #4650,#4651,#4652,#4653,#4654,#4655,#4656,#4657,#4658,#4659,#4660,
    #4661,#4662,#4663,#4664,#4665,#4666,#4667,#4668,#4669),
  .UNSPECIFIED.,.F.,.F.,(4,1,1,1,1,1,1,1,1,1,1,1,1,1,1,1,1,1,1,1,1,1,4),
  (-0.51296429462,-0.491924346289,-0.470884397958,-0.449844449627,
    -0.428804501296,-0.407764552966,-0.386724604635,-0.365684656304,
    -0.344644707973,-0.323604759643,-0.302564811312,-0.281524862981,
    -0.26048491465,-0.239444966319,-0.218405017989,-0.197365069658,
    -0.176325121327,-0.155285172996,-0.134245224666,-0.113205276335,
    -9.216532800406E-02,-7.112537967329E-02,-5.008543134251E-02),
  .UNSPECIFIED.);
#4645 = CARTESIAN_POINT('',(128.2511717797,10.573033417234));
#4646 = CARTESIAN_POINT('',(128.19447843506,10.511816131543));
#4647 = CARTESIAN_POINT('',(128.08115928323,10.389308636897));
#4648 = CARTESIAN_POINT('',(127.91138255866,10.205327977235));
#4649 = CARTESIAN_POINT('',(127.74180722551,10.021127255082));
#4650 = CARTESIAN_POINT('',(127.57243268103,9.836705814753));
#4651 = CARTESIAN_POINT('',(127.4032583283,9.652062993365));
#4652 = CARTESIAN_POINT('',(127.23428357696,9.467198119783));
#4653 = CARTESIAN_POINT('',(127.06550784297,9.28211051484));
#4654 = CARTESIAN_POINT('',(126.89693054858,9.096799491213));
#4655 = CARTESIAN_POINT('',(126.72855112225,8.911264353388));
#4656 = CARTESIAN_POINT('',(126.56036899859,8.725504397604));
#4657 = CARTESIAN_POINT('',(126.39238361832,8.539518911798));
#4658 = CARTESIAN_POINT('',(126.22459442817,8.35330717555));
#4659 = CARTESIAN_POINT('',(126.05700088085,8.166868460026));
#4660 = CARTESIAN_POINT('',(125.88960243499,7.98020202792));
#4661 = CARTESIAN_POINT('',(125.72239855506,7.793307133399));
#4662 = CARTESIAN_POINT('',(125.55538871134,7.606183022038));
#4663 = CARTESIAN_POINT('',(125.38857237982,7.418828930768));
#4664 = CARTESIAN_POINT('',(125.22194904221,7.231244087794));
#4665 = CARTESIAN_POINT('',(125.05551818579,7.043427712609));
#4666 = CARTESIAN_POINT('',(124.88927930354,6.85537901563));
#4667 = CARTESIAN_POINT('',(124.72323189344,6.667097199275));
#4668 = CARTESIAN_POINT('',(124.61266093844,6.541420035511));
#4669 = CARTESIAN_POINT('',(124.55740720775,6.478542331015));
#4670 = ( GEOMETRIC_REPRESENTATION_CONTEXT(2) 
PARAMETRIC_REPRESENTATION_CONTEXT() REPRESENTATION_CONTEXT('2D SPACE',''
  ) );
#4671 = ORIENTED_EDGE('',*,*,#4596,.T.);
#4672 = ORIENTED_EDGE('',*,*,#4673,.T.);
#4673 = EDGE_CURVE('',#4574,#4674,#4676,.T.);
#4674 = VERTEX_POINT('',#4675);
#4675 = CARTESIAN_POINT('',(39.,32.690598923242,35.));
#4676 = SURFACE_CURVE('',#4677,(#4681,#4688),.PCURVE_S1.);
#4677 = LINE('',#4678,#4679);
#4678 = CARTESIAN_POINT('',(39.,32.690598923242,35.));
#4679 = VECTOR('',#4680,1.);
#4680 = DIRECTION('',(0.866025403784,0.5,1.060575238725E-16));
#4681 = PCURVE('',#4610,#4682);
#4682 = DEFINITIONAL_REPRESENTATION('',(#4683),#4687);
#4683 = LINE('',#4684,#4685);
#4684 = CARTESIAN_POINT('',(4.618802153517,20.));
#4685 = VECTOR('',#4686,1.);
#4686 = DIRECTION('',(1.,0.));
#4687 = ( GEOMETRIC_REPRESENTATION_CONTEXT(2) 
PARAMETRIC_REPRESENTATION_CONTEXT() REPRESENTATION_CONTEXT('2D SPACE',''
  ) );
#4688 = PCURVE('',#4388,#4689);
#4689 = DEFINITIONAL_REPRESENTATION('',(#4690),#4694);
#4690 = LINE('',#4691,#4692);
#4691 = CARTESIAN_POINT('',(4.,-2.309401076758));
#4692 = VECTOR('',#4693,1.);
#4693 = DIRECTION('',(0.866025403784,0.5));
#4694 = ( GEOMETRIC_REPRESENTATION_CONTEXT(2) 
PARAMETRIC_REPRESENTATION_CONTEXT() REPRESENTATION_CONTEXT('2D SPACE',''
  ) );
#4695 = ORIENTED_EDGE('',*,*,#4696,.F.);
#4696 = EDGE_CURVE('',#4626,#4674,#4697,.T.);
#4697 = SURFACE_CURVE('',#4698,(#4702,#4709),.PCURVE_S1.);
#4698 = LINE('',#4699,#4700);
#4699 = CARTESIAN_POINT('',(39.,32.690598923242,15.));
#4700 = VECTOR('',#4701,1.);
#4701 = DIRECTION('',(-1.224646799147E-16,0.,1.));
#4702 = PCURVE('',#4610,#4703);
#4703 = DEFINITIONAL_REPRESENTATION('',(#4704),#4708);
#4704 = LINE('',#4705,#4706);
#4705 = CARTESIAN_POINT('',(4.618802153517,-4.898587196589E-16));
#4706 = VECTOR('',#4707,1.);
#4707 = DIRECTION('',(0.,1.));
#4708 = ( GEOMETRIC_REPRESENTATION_CONTEXT(2) 
PARAMETRIC_REPRESENTATION_CONTEXT() REPRESENTATION_CONTEXT('2D SPACE',''
  ) );
#4709 = PCURVE('',#3483,#4710);
#4710 = DEFINITIONAL_REPRESENTATION('',(#4711),#4715);
#4711 = LINE('',#4712,#4713);
#4712 = CARTESIAN_POINT('',(0.,0.));
#4713 = VECTOR('',#4714,1.);
#4714 = DIRECTION('',(0.,1.));
#4715 = ( GEOMETRIC_REPRESENTATION_CONTEXT(2) 
PARAMETRIC_REPRESENTATION_CONTEXT() REPRESENTATION_CONTEXT('2D SPACE',''
  ) );
#4716 = ADVANCED_FACE('',(#4717),#3454,.F.);
#4717 = FACE_BOUND('',#4718,.T.);
#4718 = EDGE_LOOP('',(#4719,#4720,#4743,#4764));
#4719 = ORIENTED_EDGE('',*,*,#3415,.F.);
#4720 = ORIENTED_EDGE('',*,*,#4721,.T.);
#4721 = EDGE_CURVE('',#3416,#4722,#4724,.T.);
#4722 = VERTEX_POINT('',#4723);
#4723 = CARTESIAN_POINT('',(39.,37.309401076758,35.));
#4724 = SURFACE_CURVE('',#4725,(#4729,#4736),.PCURVE_S1.);
#4725 = LINE('',#4726,#4727);
#4726 = CARTESIAN_POINT('',(39.,37.309401076758,15.));
#4727 = VECTOR('',#4728,1.);
#4728 = DIRECTION('',(-1.224646799147E-16,0.,1.));
#4729 = PCURVE('',#3454,#4730);
#4730 = DEFINITIONAL_REPRESENTATION('',(#4731),#4735);
#4731 = LINE('',#4732,#4733);
#4732 = CARTESIAN_POINT('',(0.,0.));
#4733 = VECTOR('',#4734,1.);
#4734 = DIRECTION('',(0.,1.));
#4735 = ( GEOMETRIC_REPRESENTATION_CONTEXT(2) 
PARAMETRIC_REPRESENTATION_CONTEXT() REPRESENTATION_CONTEXT('2D SPACE',''
  ) );
#4736 = PCURVE('',#3483,#4737);
#4737 = DEFINITIONAL_REPRESENTATION('',(#4738),#4742);
#4738 = LINE('',#4739,#4740);
#4739 = CARTESIAN_POINT('',(4.618802153517,0.));
#4740 = VECTOR('',#4741,1.);
#4741 = DIRECTION('',(0.,1.));
#4742 = ( GEOMETRIC_REPRESENTATION_CONTEXT(2) 
PARAMETRIC_REPRESENTATION_CONTEXT() REPRESENTATION_CONTEXT('2D SPACE',''
  ) );
#4743 = ORIENTED_EDGE('',*,*,#4744,.T.);
#4744 = EDGE_CURVE('',#4722,#4350,#4745,.T.);
#4745 = SURFACE_CURVE('',#4746,(#4750,#4757),.PCURVE_S1.);
#4746 = LINE('',#4747,#4748);
#4747 = CARTESIAN_POINT('',(35.,39.618802153517,35.));
#4748 = VECTOR('',#4749,1.);
#4749 = DIRECTION('',(-0.866025403784,0.5,-1.060575238725E-16));
#4750 = PCURVE('',#3454,#4751);
#4751 = DEFINITIONAL_REPRESENTATION('',(#4752),#4756);
#4752 = LINE('',#4753,#4754);
#4753 = CARTESIAN_POINT('',(4.618802153517,20.));
#4754 = VECTOR('',#4755,1.);
#4755 = DIRECTION('',(1.,0.));
#4756 = ( GEOMETRIC_REPRESENTATION_CONTEXT(2) 
PARAMETRIC_REPRESENTATION_CONTEXT() REPRESENTATION_CONTEXT('2D SPACE',''
  ) );
#4757 = PCURVE('',#4388,#4758);
#4758 = DEFINITIONAL_REPRESENTATION('',(#4759),#4763);
#4759 = LINE('',#4760,#4761);
#4760 = CARTESIAN_POINT('',(0.,4.618802153517));
#4761 = VECTOR('',#4762,1.);
#4762 = DIRECTION('',(-0.866025403784,0.5));
#4763 = ( GEOMETRIC_REPRESENTATION_CONTEXT(2) 
PARAMETRIC_REPRESENTATION_CONTEXT() REPRESENTATION_CONTEXT('2D SPACE',''
  ) );
#4764 = ORIENTED_EDGE('',*,*,#4349,.F.);
#4765 = ADVANCED_FACE('',(#4766),#3483,.F.);
#4766 = FACE_BOUND('',#4767,.T.);
#4767 = EDGE_LOOP('',(#4768,#4769,#4791,#4792,#4813));
#4768 = ORIENTED_EDGE('',*,*,#3467,.F.);
#4769 = ORIENTED_EDGE('',*,*,#4770,.F.);
#4770 = EDGE_CURVE('',#4626,#3468,#4771,.T.);
#4771 = SURFACE_CURVE('',#4772,(#4777,#4785),.PCURVE_S1.);
#4772 = B_SPLINE_CURVE_WITH_KNOTS('',3,(#4773,#4774,#4775,#4776),
  .UNSPECIFIED.,.F.,.F.,(4,4),(-0.318763257828,-7.408165995696E-05),
  .PIECEWISE_BEZIER_KNOTS.);
#4773 = CARTESIAN_POINT('',(39.,32.690598923242,29.623896588297));
#4774 = CARTESIAN_POINT('',(39.,33.747373743454,29.512256191275));
#4775 = CARTESIAN_POINT('',(39.,34.804349895896,29.394215233022));
#4776 = CARTESIAN_POINT('',(39.,35.859311833338,29.269587872506));
#4777 = PCURVE('',#3483,#4778);
#4778 = DEFINITIONAL_REPRESENTATION('',(#4779),#4784);
#4779 = B_SPLINE_CURVE_WITH_KNOTS('',3,(#4780,#4781,#4782,#4783),
  .UNSPECIFIED.,.F.,.F.,(4,4),(-0.318763257828,-7.408165995696E-05),
  .PIECEWISE_BEZIER_KNOTS.);
#4780 = CARTESIAN_POINT('',(-9.947598300641E-14,14.623896588297));
#4781 = CARTESIAN_POINT('',(1.056774820213,14.512256191275));
#4782 = CARTESIAN_POINT('',(2.113750972655,14.394215233022));
#4783 = CARTESIAN_POINT('',(3.168712910096,14.269587872506));
#4784 = ( GEOMETRIC_REPRESENTATION_CONTEXT(2) 
PARAMETRIC_REPRESENTATION_CONTEXT() REPRESENTATION_CONTEXT('2D SPACE',''
  ) );
#4785 = PCURVE('',#1175,#4786);
#4786 = DEFINITIONAL_REPRESENTATION('',(#4787),#4790);
#4787 = B_SPLINE_CURVE_WITH_KNOTS('',1,(#4788,#4789),.UNSPECIFIED.,.F.,
  .F.,(2,2),(-0.318763257828,-7.408165995696E-05),
  .PIECEWISE_BEZIER_KNOTS.);
#4788 = CARTESIAN_POINT('',(124.55740720775,6.478542331015));
#4789 = CARTESIAN_POINT('',(124.55732340768,1.134207888854));
#4790 = ( GEOMETRIC_REPRESENTATION_CONTEXT(2) 
PARAMETRIC_REPRESENTATION_CONTEXT() REPRESENTATION_CONTEXT('2D SPACE',''
  ) );
#4791 = ORIENTED_EDGE('',*,*,#4696,.T.);
#4792 = ORIENTED_EDGE('',*,*,#4793,.T.);
#4793 = EDGE_CURVE('',#4674,#4722,#4794,.T.);
#4794 = SURFACE_CURVE('',#4795,(#4799,#4806),.PCURVE_S1.);
#4795 = LINE('',#4796,#4797);
#4796 = CARTESIAN_POINT('',(39.,37.309401076758,35.));
#4797 = VECTOR('',#4798,1.);
#4798 = DIRECTION('',(0.,1.,0.));
#4799 = PCURVE('',#3483,#4800);
#4800 = DEFINITIONAL_REPRESENTATION('',(#4801),#4805);
#4801 = LINE('',#4802,#4803);
#4802 = CARTESIAN_POINT('',(4.618802153517,20.));
#4803 = VECTOR('',#4804,1.);
#4804 = DIRECTION('',(1.,0.));
#4805 = ( GEOMETRIC_REPRESENTATION_CONTEXT(2) 
PARAMETRIC_REPRESENTATION_CONTEXT() REPRESENTATION_CONTEXT('2D SPACE',''
  ) );
#4806 = PCURVE('',#4388,#4807);
#4807 = DEFINITIONAL_REPRESENTATION('',(#4808),#4812);
#4808 = LINE('',#4809,#4810);
#4809 = CARTESIAN_POINT('',(4.,2.309401076758));
#4810 = VECTOR('',#4811,1.);
#4811 = DIRECTION('',(0.,1.));
#4812 = ( GEOMETRIC_REPRESENTATION_CONTEXT(2) 
PARAMETRIC_REPRESENTATION_CONTEXT() REPRESENTATION_CONTEXT('2D SPACE',''
  ) );
#4813 = ORIENTED_EDGE('',*,*,#4721,.F.);
#4814 = ADVANCED_FACE('',(#4815,#4823),#4388,.F.);
#4815 = FACE_BOUND('',#4816,.T.);
#4816 = EDGE_LOOP('',(#4817,#4818,#4819,#4820,#4821,#4822));
#4817 = ORIENTED_EDGE('',*,*,#4793,.F.);
#4818 = ORIENTED_EDGE('',*,*,#4673,.F.);
#4819 = ORIENTED_EDGE('',*,*,#4573,.F.);
#4820 = ORIENTED_EDGE('',*,*,#4426,.F.);
#4821 = ORIENTED_EDGE('',*,*,#4372,.F.);
#4822 = ORIENTED_EDGE('',*,*,#4744,.F.);
#4823 = FACE_BOUND('',#4824,.T.);
#4824 = EDGE_LOOP('',(#4825));
#4825 = ORIENTED_EDGE('',*,*,#4826,.F.);
#4826 = EDGE_CURVE('',#4827,#4827,#4829,.T.);
#4827 = VERTEX_POINT('',#4828);
#4828 = CARTESIAN_POINT('',(32.5,35.,35.));
#4829 = SURFACE_CURVE('',#4830,(#4835,#4846),.PCURVE_S1.);
#4830 = CIRCLE('',#4831,2.5);
#4831 = AXIS2_PLACEMENT_3D('',#4832,#4833,#4834);
#4832 = CARTESIAN_POINT('',(35.,35.,35.));
#4833 = DIRECTION('',(1.224646799147E-16,0.,-1.));
#4834 = DIRECTION('',(1.,0.,1.224646799147E-16));
#4835 = PCURVE('',#4388,#4836);
#4836 = DEFINITIONAL_REPRESENTATION('',(#4837),#4845);
#4837 = ( BOUNDED_CURVE() B_SPLINE_CURVE(2,(#4838,#4839,#4840,#4841,
#4842,#4843,#4844),.UNSPECIFIED.,.T.,.F.) B_SPLINE_CURVE_WITH_KNOTS((1,2
    ,2,2,2,1),(-2.094395102393,0.,2.094395102393,4.188790204786,
6.28318530718,8.377580409573),.UNSPECIFIED.) CURVE() 
GEOMETRIC_REPRESENTATION_ITEM() RATIONAL_B_SPLINE_CURVE((1.,0.5,1.,0.5,
1.,0.5,1.)) REPRESENTATION_ITEM('') );
#4838 = CARTESIAN_POINT('',(2.5,0.));
#4839 = CARTESIAN_POINT('',(2.5,-4.330127018922));
#4840 = CARTESIAN_POINT('',(-1.25,-2.165063509461));
#4841 = CARTESIAN_POINT('',(-5.,-6.123233995737E-16));
#4842 = CARTESIAN_POINT('',(-1.25,2.165063509461));
#4843 = CARTESIAN_POINT('',(2.5,4.330127018922));
#4844 = CARTESIAN_POINT('',(2.5,0.));
#4845 = ( GEOMETRIC_REPRESENTATION_CONTEXT(2) 
PARAMETRIC_REPRESENTATION_CONTEXT() REPRESENTATION_CONTEXT('2D SPACE',''
  ) );
#4846 = PCURVE('',#157,#4847);
#4847 = DEFINITIONAL_REPRESENTATION('',(#4848),#4852);
#4848 = LINE('',#4849,#4850);
#4849 = CARTESIAN_POINT('',(-6.28318530718,-5.));
#4850 = VECTOR('',#4851,1.);
#4851 = DIRECTION('',(1.,0.));
#4852 = ( GEOMETRIC_REPRESENTATION_CONTEXT(2) 
PARAMETRIC_REPRESENTATION_CONTEXT() REPRESENTATION_CONTEXT('2D SPACE',''
  ) );
#4853 = ADVANCED_FACE('',(#4854),#1957,.F.);
#4854 = FACE_BOUND('',#4855,.T.);
#4855 = EDGE_LOOP('',(#4856,#4903,#4931,#4959,#4980));
#4856 = ORIENTED_EDGE('',*,*,#4857,.F.);
#4857 = EDGE_CURVE('',#4858,#1942,#4860,.T.);
#4858 = VERTEX_POINT('',#4859);
#4859 = CARTESIAN_POINT('',(31.,-32.69059892324,28.518373846596));
#4860 = SURFACE_CURVE('',#4861,(#4866,#4874),.PCURVE_S1.);
#4861 = B_SPLINE_CURVE_WITH_KNOTS('',3,(#4862,#4863,#4864,#4865),
  .UNSPECIFIED.,.F.,.F.,(4,4),(-0.35903550247,-7.823543680444E-05),
  .PIECEWISE_BEZIER_KNOTS.);
#4862 = CARTESIAN_POINT('',(31.,-32.69059892324,28.518373846596));
#4863 = CARTESIAN_POINT('',(31.,-33.88225909663,28.405666598717));
#4864 = CARTESIAN_POINT('',(31.,-35.07448972672,28.285682322519));
#4865 = CARTESIAN_POINT('',(31.,-36.26420224541,28.158182601606));
#4866 = PCURVE('',#1957,#4867);
#4867 = DEFINITIONAL_REPRESENTATION('',(#4868),#4873);
#4868 = B_SPLINE_CURVE_WITH_KNOTS('',3,(#4869,#4870,#4871,#4872),
  .UNSPECIFIED.,.F.,.F.,(4,4),(-0.35903550247,-7.823543680444E-05),
  .PIECEWISE_BEZIER_KNOTS.);
#4869 = CARTESIAN_POINT('',(0.,13.518373846596));
#4870 = CARTESIAN_POINT('',(1.191660173388,13.405666598717));
#4871 = CARTESIAN_POINT('',(2.383890803483,13.285682322519));
#4872 = CARTESIAN_POINT('',(3.573603322175,13.158182601606));
#4873 = ( GEOMETRIC_REPRESENTATION_CONTEXT(2) 
PARAMETRIC_REPRESENTATION_CONTEXT() REPRESENTATION_CONTEXT('2D SPACE',''
  ) );
#4874 = PCURVE('',#1083,#4875);
#4875 = DEFINITIONAL_REPRESENTATION('',(#4876),#4902);
#4876 = B_SPLINE_CURVE_WITH_KNOTS('',3,(#4877,#4878,#4879,#4880,#4881,
    #4882,#4883,#4884,#4885,#4886,#4887,#4888,#4889,#4890,#4891,#4892,
    #4893,#4894,#4895,#4896,#4897,#4898,#4899,#4900,#4901),
  .UNSPECIFIED.,.F.,.F.,(4,1,1,1,1,1,1,1,1,1,1,1,1,1,1,1,1,1,1,1,1,1,4),
  (-0.35903550247,-0.34271926306,-0.326403023649,-0.310086784238,
    -0.293770544828,-0.277454305417,-0.261138066007,-0.244821826596,
    -0.228505587185,-0.212189347775,-0.195873108364,-0.179556868954,
    -0.163240629543,-0.146924390132,-0.130608150722,-0.114291911311,
    -9.797567190049E-02,-8.165943248987E-02,-6.534319307926E-02,
    -4.902695366865E-02,-3.271071425803E-02,-1.639447484742E-02,
    -7.823543680444E-05),.UNSPECIFIED.);
#4877 = CARTESIAN_POINT('',(7.086214696028,132.05032521256));
#4878 = CARTESIAN_POINT('',(6.997160377509,132.05032466433));
#4879 = CARTESIAN_POINT('',(6.818948730801,132.05032356458));
#4880 = CARTESIAN_POINT('',(6.551322512667,132.05032190508));
#4881 = CARTESIAN_POINT('',(6.283387831566,132.05032023572));
#4882 = CARTESIAN_POINT('',(6.015144958003,132.05031855649));
#4883 = CARTESIAN_POINT('',(5.746594152821,132.05031686743));
#4884 = CARTESIAN_POINT('',(5.47773566579,132.05031516855));
#4885 = CARTESIAN_POINT('',(5.208569735893,132.0503134599));
#4886 = CARTESIAN_POINT('',(4.939096591153,132.0503117415));
#4887 = CARTESIAN_POINT('',(4.669316448587,132.0503100134));
#4888 = CARTESIAN_POINT('',(4.399229514117,132.05030827561));
#4889 = CARTESIAN_POINT('',(4.128835982497,132.05030652818));
#4890 = CARTESIAN_POINT('',(3.858136037227,132.05030477112));
#4891 = CARTESIAN_POINT('',(3.587129850474,132.05030300443));
#4892 = CARTESIAN_POINT('',(3.315817582988,132.05030122813));
#4893 = CARTESIAN_POINT('',(3.044199384016,132.05029944218));
#4894 = CARTESIAN_POINT('',(2.77227539121,132.05029764657));
#4895 = CARTESIAN_POINT('',(2.500045730551,132.05029584122));
#4896 = CARTESIAN_POINT('',(2.227510516221,132.05029402608));
#4897 = CARTESIAN_POINT('',(1.95466985063,132.05029220102));
#4898 = CARTESIAN_POINT('',(1.681523823897,132.05029036594));
#4899 = CARTESIAN_POINT('',(1.40807251531,132.05028852067));
#4900 = CARTESIAN_POINT('',(1.225568163395,132.05028728357));
#4901 = CARTESIAN_POINT('',(1.134265128782,132.05028666325));
#4902 = ( GEOMETRIC_REPRESENTATION_CONTEXT(2) 
PARAMETRIC_REPRESENTATION_CONTEXT() REPRESENTATION_CONTEXT('2D SPACE',''
  ) );
#4903 = ORIENTED_EDGE('',*,*,#4904,.T.);
#4904 = EDGE_CURVE('',#4858,#4905,#4907,.T.);
#4905 = VERTEX_POINT('',#4906);
#4906 = CARTESIAN_POINT('',(31.,-32.69059892324,35.));
#4907 = SURFACE_CURVE('',#4908,(#4912,#4919),.PCURVE_S1.);
#4908 = LINE('',#4909,#4910);
#4909 = CARTESIAN_POINT('',(31.,-32.69059892324,15.));
#4910 = VECTOR('',#4911,1.);
#4911 = DIRECTION('',(-1.224646799147E-16,0.,1.));
#4912 = PCURVE('',#1957,#4913);
#4913 = DEFINITIONAL_REPRESENTATION('',(#4914),#4918);
#4914 = LINE('',#4915,#4916);
#4915 = CARTESIAN_POINT('',(0.,0.));
#4916 = VECTOR('',#4917,1.);
#4917 = DIRECTION('',(-0.,1.));
#4918 = ( GEOMETRIC_REPRESENTATION_CONTEXT(2) 
PARAMETRIC_REPRESENTATION_CONTEXT() REPRESENTATION_CONTEXT('2D SPACE',''
  ) );
#4919 = PCURVE('',#4920,#4925);
#4920 = PLANE('',#4921);
#4921 = AXIS2_PLACEMENT_3D('',#4922,#4923,#4924);
#4922 = CARTESIAN_POINT('',(35.,-30.38119784648,15.));
#4923 = DIRECTION('',(-0.5,0.866025403784,-6.123233995737E-17));
#4924 = DIRECTION('',(-0.866025403784,-0.5,-1.060575238725E-16));
#4925 = DEFINITIONAL_REPRESENTATION('',(#4926),#4930);
#4926 = LINE('',#4927,#4928);
#4927 = CARTESIAN_POINT('',(4.618802153517,4.898587196589E-16));
#4928 = VECTOR('',#4929,1.);
#4929 = DIRECTION('',(0.,1.));
#4930 = ( GEOMETRIC_REPRESENTATION_CONTEXT(2) 
PARAMETRIC_REPRESENTATION_CONTEXT() REPRESENTATION_CONTEXT('2D SPACE',''
  ) );
#4931 = ORIENTED_EDGE('',*,*,#4932,.T.);
#4932 = EDGE_CURVE('',#4905,#4933,#4935,.T.);
#4933 = VERTEX_POINT('',#4934);
#4934 = CARTESIAN_POINT('',(31.,-37.30940107675,35.));
#4935 = SURFACE_CURVE('',#4936,(#4940,#4947),.PCURVE_S1.);
#4936 = LINE('',#4937,#4938);
#4937 = CARTESIAN_POINT('',(31.,-37.30940107675,35.));
#4938 = VECTOR('',#4939,1.);
#4939 = DIRECTION('',(0.,-1.,-0.));
#4940 = PCURVE('',#1957,#4941);
#4941 = DEFINITIONAL_REPRESENTATION('',(#4942),#4946);
#4942 = LINE('',#4943,#4944);
#4943 = CARTESIAN_POINT('',(4.618802153517,20.));
#4944 = VECTOR('',#4945,1.);
#4945 = DIRECTION('',(1.,0.));
#4946 = ( GEOMETRIC_REPRESENTATION_CONTEXT(2) 
PARAMETRIC_REPRESENTATION_CONTEXT() REPRESENTATION_CONTEXT('2D SPACE',''
  ) );
#4947 = PCURVE('',#4948,#4953);
#4948 = PLANE('',#4949);
#4949 = AXIS2_PLACEMENT_3D('',#4950,#4951,#4952);
#4950 = CARTESIAN_POINT('',(35.,-35.,35.));
#4951 = DIRECTION('',(-1.224646799147E-16,0.,1.));
#4952 = DIRECTION('',(1.,0.,1.224646799147E-16));
#4953 = DEFINITIONAL_REPRESENTATION('',(#4954),#4958);
#4954 = LINE('',#4955,#4956);
#4955 = CARTESIAN_POINT('',(-4.,-2.309401076758));
#4956 = VECTOR('',#4957,1.);
#4957 = DIRECTION('',(0.,-1.));
#4958 = ( GEOMETRIC_REPRESENTATION_CONTEXT(2) 
PARAMETRIC_REPRESENTATION_CONTEXT() REPRESENTATION_CONTEXT('2D SPACE',''
  ) );
#4959 = ORIENTED_EDGE('',*,*,#4960,.F.);
#4960 = EDGE_CURVE('',#1890,#4933,#4961,.T.);
#4961 = SURFACE_CURVE('',#4962,(#4966,#4973),.PCURVE_S1.);
#4962 = LINE('',#4963,#4964);
#4963 = CARTESIAN_POINT('',(31.,-37.30940107675,15.));
#4964 = VECTOR('',#4965,1.);
#4965 = DIRECTION('',(-1.224646799147E-16,0.,1.));
#4966 = PCURVE('',#1957,#4967);
#4967 = DEFINITIONAL_REPRESENTATION('',(#4968),#4972);
#4968 = LINE('',#4969,#4970);
#4969 = CARTESIAN_POINT('',(4.618802153517,0.));
#4970 = VECTOR('',#4971,1.);
#4971 = DIRECTION('',(-0.,1.));
#4972 = ( GEOMETRIC_REPRESENTATION_CONTEXT(2) 
PARAMETRIC_REPRESENTATION_CONTEXT() REPRESENTATION_CONTEXT('2D SPACE',''
  ) );
#4973 = PCURVE('',#1928,#4974);
#4974 = DEFINITIONAL_REPRESENTATION('',(#4975),#4979);
#4975 = LINE('',#4976,#4977);
#4976 = CARTESIAN_POINT('',(0.,0.));
#4977 = VECTOR('',#4978,1.);
#4978 = DIRECTION('',(0.,1.));
#4979 = ( GEOMETRIC_REPRESENTATION_CONTEXT(2) 
PARAMETRIC_REPRESENTATION_CONTEXT() REPRESENTATION_CONTEXT('2D SPACE',''
  ) );
#4980 = ORIENTED_EDGE('',*,*,#1941,.F.);
#4981 = ADVANCED_FACE('',(#4982),#1928,.F.);
#4982 = FACE_BOUND('',#4983,.T.);
#4983 = EDGE_LOOP('',(#4984,#4985,#4986,#5009));
#4984 = ORIENTED_EDGE('',*,*,#1889,.F.);
#4985 = ORIENTED_EDGE('',*,*,#4960,.T.);
#4986 = ORIENTED_EDGE('',*,*,#4987,.T.);
#4987 = EDGE_CURVE('',#4933,#4988,#4990,.T.);
#4988 = VERTEX_POINT('',#4989);
#4989 = CARTESIAN_POINT('',(35.,-39.61880215351,35.));
#4990 = SURFACE_CURVE('',#4991,(#4995,#5002),.PCURVE_S1.);
#4991 = LINE('',#4992,#4993);
#4992 = CARTESIAN_POINT('',(35.,-39.61880215351,35.));
#4993 = VECTOR('',#4994,1.);
#4994 = DIRECTION('',(0.866025403784,-0.5,1.060575238725E-16));
#4995 = PCURVE('',#1928,#4996);
#4996 = DEFINITIONAL_REPRESENTATION('',(#4997),#5001);
#4997 = LINE('',#4998,#4999);
#4998 = CARTESIAN_POINT('',(4.618802153517,20.));
#4999 = VECTOR('',#5000,1.);
#5000 = DIRECTION('',(1.,0.));
#5001 = ( GEOMETRIC_REPRESENTATION_CONTEXT(2) 
PARAMETRIC_REPRESENTATION_CONTEXT() REPRESENTATION_CONTEXT('2D SPACE',''
  ) );
#5002 = PCURVE('',#4948,#5003);
#5003 = DEFINITIONAL_REPRESENTATION('',(#5004),#5008);
#5004 = LINE('',#5005,#5006);
#5005 = CARTESIAN_POINT('',(0.,-4.618802153517));
#5006 = VECTOR('',#5007,1.);
#5007 = DIRECTION('',(0.866025403784,-0.5));
#5008 = ( GEOMETRIC_REPRESENTATION_CONTEXT(2) 
PARAMETRIC_REPRESENTATION_CONTEXT() REPRESENTATION_CONTEXT('2D SPACE',''
  ) );
#5009 = ORIENTED_EDGE('',*,*,#5010,.F.);
#5010 = EDGE_CURVE('',#1838,#4988,#5011,.T.);
#5011 = SURFACE_CURVE('',#5012,(#5016,#5023),.PCURVE_S1.);
#5012 = LINE('',#5013,#5014);
#5013 = CARTESIAN_POINT('',(35.,-39.61880215351,15.));
#5014 = VECTOR('',#5015,1.);
#5015 = DIRECTION('',(-1.224646799147E-16,0.,1.));
#5016 = PCURVE('',#1928,#5017);
#5017 = DEFINITIONAL_REPRESENTATION('',(#5018),#5022);
#5018 = LINE('',#5019,#5020);
#5019 = CARTESIAN_POINT('',(4.618802153517,-4.898587196589E-16));
#5020 = VECTOR('',#5021,1.);
#5021 = DIRECTION('',(0.,1.));
#5022 = ( GEOMETRIC_REPRESENTATION_CONTEXT(2) 
PARAMETRIC_REPRESENTATION_CONTEXT() REPRESENTATION_CONTEXT('2D SPACE',''
  ) );
#5023 = PCURVE('',#1876,#5024);
#5024 = DEFINITIONAL_REPRESENTATION('',(#5025),#5029);
#5025 = LINE('',#5026,#5027);
#5026 = CARTESIAN_POINT('',(0.,0.));
#5027 = VECTOR('',#5028,1.);
#5028 = DIRECTION('',(0.,1.));
#5029 = ( GEOMETRIC_REPRESENTATION_CONTEXT(2) 
PARAMETRIC_REPRESENTATION_CONTEXT() REPRESENTATION_CONTEXT('2D SPACE',''
  ) );
#5030 = ADVANCED_FACE('',(#5031),#1876,.F.);
#5031 = FACE_BOUND('',#5032,.T.);
#5032 = EDGE_LOOP('',(#5033,#5034,#5035,#5058));
#5033 = ORIENTED_EDGE('',*,*,#1837,.F.);
#5034 = ORIENTED_EDGE('',*,*,#5010,.T.);
#5035 = ORIENTED_EDGE('',*,*,#5036,.T.);
#5036 = EDGE_CURVE('',#4988,#5037,#5039,.T.);
#5037 = VERTEX_POINT('',#5038);
#5038 = CARTESIAN_POINT('',(39.,-37.30940107675,35.));
#5039 = SURFACE_CURVE('',#5040,(#5044,#5051),.PCURVE_S1.);
#5040 = LINE('',#5041,#5042);
#5041 = CARTESIAN_POINT('',(39.,-37.30940107675,35.));
#5042 = VECTOR('',#5043,1.);
#5043 = DIRECTION('',(0.866025403784,0.5,1.060575238725E-16));
#5044 = PCURVE('',#1876,#5045);
#5045 = DEFINITIONAL_REPRESENTATION('',(#5046),#5050);
#5046 = LINE('',#5047,#5048);
#5047 = CARTESIAN_POINT('',(4.618802153517,20.));
#5048 = VECTOR('',#5049,1.);
#5049 = DIRECTION('',(1.,0.));
#5050 = ( GEOMETRIC_REPRESENTATION_CONTEXT(2) 
PARAMETRIC_REPRESENTATION_CONTEXT() REPRESENTATION_CONTEXT('2D SPACE',''
  ) );
#5051 = PCURVE('',#4948,#5052);
#5052 = DEFINITIONAL_REPRESENTATION('',(#5053),#5057);
#5053 = LINE('',#5054,#5055);
#5054 = CARTESIAN_POINT('',(4.,-2.309401076758));
#5055 = VECTOR('',#5056,1.);
#5056 = DIRECTION('',(0.866025403784,0.5));
#5057 = ( GEOMETRIC_REPRESENTATION_CONTEXT(2) 
PARAMETRIC_REPRESENTATION_CONTEXT() REPRESENTATION_CONTEXT('2D SPACE',''
  ) );
#5058 = ORIENTED_EDGE('',*,*,#5059,.F.);
#5059 = EDGE_CURVE('',#1809,#5037,#5060,.T.);
#5060 = SURFACE_CURVE('',#5061,(#5065,#5072),.PCURVE_S1.);
#5061 = LINE('',#5062,#5063);
#5062 = CARTESIAN_POINT('',(39.,-37.30940107675,15.));
#5063 = VECTOR('',#5064,1.);
#5064 = DIRECTION('',(-1.224646799147E-16,0.,1.));
#5065 = PCURVE('',#1876,#5066);
#5066 = DEFINITIONAL_REPRESENTATION('',(#5067),#5071);
#5067 = LINE('',#5068,#5069);
#5068 = CARTESIAN_POINT('',(4.618802153517,-4.898587196589E-16));
#5069 = VECTOR('',#5070,1.);
#5070 = DIRECTION('',(0.,1.));
#5071 = ( GEOMETRIC_REPRESENTATION_CONTEXT(2) 
PARAMETRIC_REPRESENTATION_CONTEXT() REPRESENTATION_CONTEXT('2D SPACE',''
  ) );
#5072 = PCURVE('',#1824,#5073);
#5073 = DEFINITIONAL_REPRESENTATION('',(#5074),#5078);
#5074 = LINE('',#5075,#5076);
#5075 = CARTESIAN_POINT('',(0.,0.));
#5076 = VECTOR('',#5077,1.);
#5077 = DIRECTION('',(0.,1.));
#5078 = ( GEOMETRIC_REPRESENTATION_CONTEXT(2) 
PARAMETRIC_REPRESENTATION_CONTEXT() REPRESENTATION_CONTEXT('2D SPACE',''
  ) );
#5079 = ADVANCED_FACE('',(#5080),#4920,.F.);
#5080 = FACE_BOUND('',#5081,.T.);
#5081 = EDGE_LOOP('',(#5082,#5129,#5157,#5178));
#5082 = ORIENTED_EDGE('',*,*,#5083,.F.);
#5083 = EDGE_CURVE('',#5084,#4858,#5086,.T.);
#5084 = VERTEX_POINT('',#5085);
#5085 = CARTESIAN_POINT('',(35.,-30.38119784648,29.310062222915));
#5086 = SURFACE_CURVE('',#5087,(#5092,#5100),.PCURVE_S1.);
#5087 = B_SPLINE_CURVE_WITH_KNOTS('',3,(#5088,#5089,#5090,#5091),
  .UNSPECIFIED.,.F.,.F.,(4,4),(-0.518591361587,-5.074314070916E-02),
  .PIECEWISE_BEZIER_KNOTS.);
#5088 = CARTESIAN_POINT('',(35.,-30.38119784648,29.310062222915));
#5089 = CARTESIAN_POINT('',(33.667055644868,-31.15077362873,
    29.051220591967));
#5090 = CARTESIAN_POINT('',(32.331295186433,-31.92197528898,
    28.786956700025));
#5091 = CARTESIAN_POINT('',(31.,-32.69059892324,28.518373846596));
#5092 = PCURVE('',#4920,#5093);
#5093 = DEFINITIONAL_REPRESENTATION('',(#5094),#5099);
#5094 = B_SPLINE_CURVE_WITH_KNOTS('',3,(#5095,#5096,#5097,#5098),
  .UNSPECIFIED.,.F.,.F.,(4,4),(-0.518591361587,-5.074314070916E-02),
  .PIECEWISE_BEZIER_KNOTS.);
#5095 = CARTESIAN_POINT('',(2.13162820728E-14,14.310062222915));
#5096 = CARTESIAN_POINT('',(1.539151564501,14.051220591967));
#5097 = CARTESIAN_POINT('',(3.081554885001,13.786956700025));
#5098 = CARTESIAN_POINT('',(4.618802153517,13.518373846596));
#5099 = ( GEOMETRIC_REPRESENTATION_CONTEXT(2) 
PARAMETRIC_REPRESENTATION_CONTEXT() REPRESENTATION_CONTEXT('2D SPACE',''
  ) );
#5100 = PCURVE('',#1083,#5101);
#5101 = DEFINITIONAL_REPRESENTATION('',(#5102),#5128);
#5102 = B_SPLINE_CURVE_WITH_KNOTS('',3,(#5103,#5104,#5105,#5106,#5107,
    #5108,#5109,#5110,#5111,#5112,#5113,#5114,#5115,#5116,#5117,#5118,
    #5119,#5120,#5121,#5122,#5123,#5124,#5125,#5126,#5127),
  .UNSPECIFIED.,.F.,.F.,(4,1,1,1,1,1,1,1,1,1,1,1,1,1,1,1,1,1,1,1,1,1,4),
  (-0.518591361587,-0.497325533365,-0.476059705143,-0.454793876922,
    -0.4335280487,-0.412262220478,-0.390996392256,-0.369730564035,
    -0.348464735813,-0.327198907591,-0.30593307937,-0.284667251148,
    -0.263401422926,-0.242135594704,-0.220869766483,-0.199603938261,
    -0.178338110039,-0.157072281818,-0.135806453596,-0.114540625374,
    -9.327479715257E-02,-7.200896893086E-02,-5.074314070916E-02),
  .UNSPECIFIED.);
#5103 = CARTESIAN_POINT('',(10.57303342388,128.25117177969));
#5104 = CARTESIAN_POINT('',(10.520196886374,128.30788646011));
#5105 = CARTESIAN_POINT('',(10.414514996794,128.42139919299));
#5106 = CARTESIAN_POINT('',(10.255969513025,128.59191588429));
#5107 = CARTESIAN_POINT('',(10.097405171057,128.76267764679));
#5108 = CARTESIAN_POINT('',(9.938825772978,128.93368194819));
#5109 = CARTESIAN_POINT('',(9.780235128104,129.1049262485));
#5110 = CARTESIAN_POINT('',(9.621637054045,129.27640799878));
#5111 = CARTESIAN_POINT('',(9.463035376507,129.44812464132));
#5112 = CARTESIAN_POINT('',(9.30443392942,129.62007360935));
#5113 = CARTESIAN_POINT('',(9.145836554988,129.79225232696));
#5114 = CARTESIAN_POINT('',(8.98724710375,129.96465820888));
#5115 = CARTESIAN_POINT('',(8.828669434635,130.13728866036));
#5116 = CARTESIAN_POINT('',(8.670107415021,130.31014107699));
#5117 = CARTESIAN_POINT('',(8.511564920783,130.4832128445));
#5118 = CARTESIAN_POINT('',(8.35304583635,130.65650133867));
#5119 = CARTESIAN_POINT('',(8.194554054746,130.83000392509));
#5120 = CARTESIAN_POINT('',(8.036093477642,131.003717959));
#5121 = CARTESIAN_POINT('',(7.877668015389,131.17764078516));
#5122 = CARTESIAN_POINT('',(7.719281587087,131.35176973761));
#5123 = CARTESIAN_POINT('',(7.560938120535,131.5261021396));
#5124 = CARTESIAN_POINT('',(7.402641552572,131.70063530304));
#5125 = CARTESIAN_POINT('',(7.244395827981,131.87536652976));
#5126 = CARTESIAN_POINT('',(7.138935211811,131.99198424718));
#5127 = CARTESIAN_POINT('',(7.086214696028,132.05032521256));
#5128 = ( GEOMETRIC_REPRESENTATION_CONTEXT(2) 
PARAMETRIC_REPRESENTATION_CONTEXT() REPRESENTATION_CONTEXT('2D SPACE',''
  ) );
#5129 = ORIENTED_EDGE('',*,*,#5130,.T.);
#5130 = EDGE_CURVE('',#5084,#5131,#5133,.T.);
#5131 = VERTEX_POINT('',#5132);
#5132 = CARTESIAN_POINT('',(35.,-30.38119784648,35.));
#5133 = SURFACE_CURVE('',#5134,(#5138,#5145),.PCURVE_S1.);
#5134 = LINE('',#5135,#5136);
#5135 = CARTESIAN_POINT('',(35.,-30.38119784648,15.));
#5136 = VECTOR('',#5137,1.);
#5137 = DIRECTION('',(-1.224646799147E-16,0.,1.));
#5138 = PCURVE('',#4920,#5139);
#5139 = DEFINITIONAL_REPRESENTATION('',(#5140),#5144);
#5140 = LINE('',#5141,#5142);
#5141 = CARTESIAN_POINT('',(-0.,0.));
#5142 = VECTOR('',#5143,1.);
#5143 = DIRECTION('',(0.,1.));
#5144 = ( GEOMETRIC_REPRESENTATION_CONTEXT(2) 
PARAMETRIC_REPRESENTATION_CONTEXT() REPRESENTATION_CONTEXT('2D SPACE',''
  ) );
#5145 = PCURVE('',#5146,#5151);
#5146 = PLANE('',#5147);
#5147 = AXIS2_PLACEMENT_3D('',#5148,#5149,#5150);
#5148 = CARTESIAN_POINT('',(39.,-32.69059892324,15.));
#5149 = DIRECTION('',(0.5,0.866025403784,6.123233995737E-17));
#5150 = DIRECTION('',(-0.866025403784,0.5,-1.060575238725E-16));
#5151 = DEFINITIONAL_REPRESENTATION('',(#5152),#5156);
#5152 = LINE('',#5153,#5154);
#5153 = CARTESIAN_POINT('',(4.618802153517,4.898587196589E-16));
#5154 = VECTOR('',#5155,1.);
#5155 = DIRECTION('',(0.,1.));
#5156 = ( GEOMETRIC_REPRESENTATION_CONTEXT(2) 
PARAMETRIC_REPRESENTATION_CONTEXT() REPRESENTATION_CONTEXT('2D SPACE',''
  ) );
#5157 = ORIENTED_EDGE('',*,*,#5158,.T.);
#5158 = EDGE_CURVE('',#5131,#4905,#5159,.T.);
#5159 = SURFACE_CURVE('',#5160,(#5164,#5171),.PCURVE_S1.);
#5160 = LINE('',#5161,#5162);
#5161 = CARTESIAN_POINT('',(31.,-32.69059892324,35.));
#5162 = VECTOR('',#5163,1.);
#5163 = DIRECTION('',(-0.866025403784,-0.5,-1.060575238725E-16));
#5164 = PCURVE('',#4920,#5165);
#5165 = DEFINITIONAL_REPRESENTATION('',(#5166),#5170);
#5166 = LINE('',#5167,#5168);
#5167 = CARTESIAN_POINT('',(4.618802153517,20.));
#5168 = VECTOR('',#5169,1.);
#5169 = DIRECTION('',(1.,0.));
#5170 = ( GEOMETRIC_REPRESENTATION_CONTEXT(2) 
PARAMETRIC_REPRESENTATION_CONTEXT() REPRESENTATION_CONTEXT('2D SPACE',''
  ) );
#5171 = PCURVE('',#4948,#5172);
#5172 = DEFINITIONAL_REPRESENTATION('',(#5173),#5177);
#5173 = LINE('',#5174,#5175);
#5174 = CARTESIAN_POINT('',(-4.,2.309401076758));
#5175 = VECTOR('',#5176,1.);
#5176 = DIRECTION('',(-0.866025403784,-0.5));
#5177 = ( GEOMETRIC_REPRESENTATION_CONTEXT(2) 
PARAMETRIC_REPRESENTATION_CONTEXT() REPRESENTATION_CONTEXT('2D SPACE',''
  ) );
#5178 = ORIENTED_EDGE('',*,*,#4904,.F.);
#5179 = ADVANCED_FACE('',(#5180),#5146,.F.);
#5180 = FACE_BOUND('',#5181,.T.);
#5181 = EDGE_LOOP('',(#5182,#5229,#5252,#5273));
#5182 = ORIENTED_EDGE('',*,*,#5183,.F.);
#5183 = EDGE_CURVE('',#5184,#5084,#5186,.T.);
#5184 = VERTEX_POINT('',#5185);
#5185 = CARTESIAN_POINT('',(39.,-32.69059892324,29.623896588739));
#5186 = SURFACE_CURVE('',#5187,(#5192,#5200),.PCURVE_S1.);
#5187 = B_SPLINE_CURVE_WITH_KNOTS('',3,(#5188,#5189,#5190,#5191),
  .UNSPECIFIED.,.F.,.F.,(4,4),(-0.513007464633,-5.014591137381E-02),
  .PIECEWISE_BEZIER_KNOTS.);
#5188 = CARTESIAN_POINT('',(39.,-32.69059892324,29.623896588739));
#5189 = CARTESIAN_POINT('',(37.666085742709,-31.92046316771,
    29.531565958123));
#5190 = CARTESIAN_POINT('',(36.33241771111,-31.15046957066,
    29.427093836509));
#5191 = CARTESIAN_POINT('',(35.,-30.38119784648,29.310062222915));
#5192 = PCURVE('',#5146,#5193);
#5193 = DEFINITIONAL_REPRESENTATION('',(#5194),#5199);
#5194 = B_SPLINE_CURVE_WITH_KNOTS('',3,(#5195,#5196,#5197,#5198),
  .UNSPECIFIED.,.F.,.F.,(4,4),(-0.513007464633,-5.014591137381E-02),
  .PIECEWISE_BEZIER_KNOTS.);
#5195 = CARTESIAN_POINT('',(2.13162820728E-14,14.623896588739));
#5196 = CARTESIAN_POINT('',(1.540271511046,14.531565958123));
#5197 = CARTESIAN_POINT('',(3.080258705152,14.427093836509));
#5198 = CARTESIAN_POINT('',(4.618802153517,14.310062222915));
#5199 = ( GEOMETRIC_REPRESENTATION_CONTEXT(2) 
PARAMETRIC_REPRESENTATION_CONTEXT() REPRESENTATION_CONTEXT('2D SPACE',''
  ) );
#5200 = PCURVE('',#1083,#5201);
#5201 = DEFINITIONAL_REPRESENTATION('',(#5202),#5228);
#5202 = B_SPLINE_CURVE_WITH_KNOTS('',3,(#5203,#5204,#5205,#5206,#5207,
    #5208,#5209,#5210,#5211,#5212,#5213,#5214,#5215,#5216,#5217,#5218,
    #5219,#5220,#5221,#5222,#5223,#5224,#5225,#5226,#5227),
  .UNSPECIFIED.,.F.,.F.,(4,1,1,1,1,1,1,1,1,1,1,1,1,1,1,1,1,1,1,1,1,1,4),
  (-0.513007464633,-0.491968303121,-0.47092914161,-0.449889980098,
    -0.428850818586,-0.407811657074,-0.386772495562,-0.365733334051,
    -0.344694172539,-0.323655011027,-0.302615849515,-0.281576688003,
    -0.260537526492,-0.23949836498,-0.218459203468,-0.197420041956,
    -0.176380880445,-0.155341718933,-0.134302557421,-0.113263395909,
    -9.222423439739E-02,-7.11850728856E-02,-5.014591137381E-02),
  .UNSPECIFIED.);
#5203 = CARTESIAN_POINT('',(6.478542337808,124.55740720773));
#5204 = CARTESIAN_POINT('',(6.541420042313,124.61266093843));
#5205 = CARTESIAN_POINT('',(6.667097206093,124.72323189345));
#5206 = CARTESIAN_POINT('',(6.855379022467,124.88927930357));
#5207 = CARTESIAN_POINT('',(7.043427719459,125.05551818584));
#5208 = CARTESIAN_POINT('',(7.231244094653,125.22194904228));
#5209 = CARTESIAN_POINT('',(7.418828937632,125.3885723799));
#5210 = CARTESIAN_POINT('',(7.606183028902,125.55538871142));
#5211 = CARTESIAN_POINT('',(7.79330714026,125.72239855515));
#5212 = CARTESIAN_POINT('',(7.980202034776,125.88960243508));
#5213 = CARTESIAN_POINT('',(8.166868466873,126.05700088094));
#5214 = CARTESIAN_POINT('',(8.353307182386,126.22459442825));
#5215 = CARTESIAN_POINT('',(8.539518918621,126.3923836184));
#5216 = CARTESIAN_POINT('',(8.725504404412,126.56036899867));
#5217 = CARTESIAN_POINT('',(8.91126436018,126.72855112232));
#5218 = CARTESIAN_POINT('',(9.096799497987,126.89693054864));
#5219 = CARTESIAN_POINT('',(9.282110521597,127.06550784302));
#5220 = CARTESIAN_POINT('',(9.467198126522,127.234283577));
#5221 = CARTESIAN_POINT('',(9.652063000086,127.40325832832));
#5222 = CARTESIAN_POINT('',(9.836705821457,127.57243268105));
#5223 = CARTESIAN_POINT('',(10.021127261769,127.74180722551));
#5224 = CARTESIAN_POINT('',(10.205327983906,127.91138255866));
#5225 = CARTESIAN_POINT('',(10.389308643554,128.08115928322));
#5226 = CARTESIAN_POINT('',(10.511816138192,128.19447843505));
#5227 = CARTESIAN_POINT('',(10.57303342388,128.25117177969));
#5228 = ( GEOMETRIC_REPRESENTATION_CONTEXT(2) 
PARAMETRIC_REPRESENTATION_CONTEXT() REPRESENTATION_CONTEXT('2D SPACE',''
  ) );
#5229 = ORIENTED_EDGE('',*,*,#5230,.T.);
#5230 = EDGE_CURVE('',#5184,#5231,#5233,.T.);
#5231 = VERTEX_POINT('',#5232);
#5232 = CARTESIAN_POINT('',(39.,-32.69059892324,35.));
#5233 = SURFACE_CURVE('',#5234,(#5238,#5245),.PCURVE_S1.);
#5234 = LINE('',#5235,#5236);
#5235 = CARTESIAN_POINT('',(39.,-32.69059892324,15.));
#5236 = VECTOR('',#5237,1.);
#5237 = DIRECTION('',(-1.224646799147E-16,0.,1.));
#5238 = PCURVE('',#5146,#5239);
#5239 = DEFINITIONAL_REPRESENTATION('',(#5240),#5244);
#5240 = LINE('',#5241,#5242);
#5241 = CARTESIAN_POINT('',(0.,0.));
#5242 = VECTOR('',#5243,1.);
#5243 = DIRECTION('',(0.,1.));
#5244 = ( GEOMETRIC_REPRESENTATION_CONTEXT(2) 
PARAMETRIC_REPRESENTATION_CONTEXT() REPRESENTATION_CONTEXT('2D SPACE',''
  ) );
#5245 = PCURVE('',#1824,#5246);
#5246 = DEFINITIONAL_REPRESENTATION('',(#5247),#5251);
#5247 = LINE('',#5248,#5249);
#5248 = CARTESIAN_POINT('',(4.618802153517,0.));
#5249 = VECTOR('',#5250,1.);
#5250 = DIRECTION('',(0.,1.));
#5251 = ( GEOMETRIC_REPRESENTATION_CONTEXT(2) 
PARAMETRIC_REPRESENTATION_CONTEXT() REPRESENTATION_CONTEXT('2D SPACE',''
  ) );
#5252 = ORIENTED_EDGE('',*,*,#5253,.T.);
#5253 = EDGE_CURVE('',#5231,#5131,#5254,.T.);
#5254 = SURFACE_CURVE('',#5255,(#5259,#5266),.PCURVE_S1.);
#5255 = LINE('',#5256,#5257);
#5256 = CARTESIAN_POINT('',(35.,-30.38119784648,35.));
#5257 = VECTOR('',#5258,1.);
#5258 = DIRECTION('',(-0.866025403784,0.5,-1.060575238725E-16));
#5259 = PCURVE('',#5146,#5260);
#5260 = DEFINITIONAL_REPRESENTATION('',(#5261),#5265);
#5261 = LINE('',#5262,#5263);
#5262 = CARTESIAN_POINT('',(4.618802153517,20.));
#5263 = VECTOR('',#5264,1.);
#5264 = DIRECTION('',(1.,0.));
#5265 = ( GEOMETRIC_REPRESENTATION_CONTEXT(2) 
PARAMETRIC_REPRESENTATION_CONTEXT() REPRESENTATION_CONTEXT('2D SPACE',''
  ) );
#5266 = PCURVE('',#4948,#5267);
#5267 = DEFINITIONAL_REPRESENTATION('',(#5268),#5272);
#5268 = LINE('',#5269,#5270);
#5269 = CARTESIAN_POINT('',(0.,4.618802153517));
#5270 = VECTOR('',#5271,1.);
#5271 = DIRECTION('',(-0.866025403784,0.5));
#5272 = ( GEOMETRIC_REPRESENTATION_CONTEXT(2) 
PARAMETRIC_REPRESENTATION_CONTEXT() REPRESENTATION_CONTEXT('2D SPACE',''
  ) );
#5273 = ORIENTED_EDGE('',*,*,#5130,.F.);
#5274 = ADVANCED_FACE('',(#5275),#1824,.F.);
#5275 = FACE_BOUND('',#5276,.T.);
#5276 = EDGE_LOOP('',(#5277,#5299,#5300,#5301,#5322));
#5277 = ORIENTED_EDGE('',*,*,#5278,.F.);
#5278 = EDGE_CURVE('',#1425,#5184,#5279,.T.);
#5279 = SURFACE_CURVE('',#5280,(#5285,#5293),.PCURVE_S1.);
#5280 = B_SPLINE_CURVE_WITH_KNOTS('',3,(#5281,#5282,#5283,#5284),
  .UNSPECIFIED.,.F.,.F.,(4,4),(-0.368963428169,-5.026511283211E-02),
  .PIECEWISE_BEZIER_KNOTS.);
#5281 = CARTESIAN_POINT('',(39.,-35.85931182166,29.269587874379));
#5282 = CARTESIAN_POINT('',(39.,-34.8043498858,29.39421523464));
#5283 = CARTESIAN_POINT('',(39.,-33.74737374186,29.512256191903));
#5284 = CARTESIAN_POINT('',(39.,-32.69059892324,29.623896588739));
#5285 = PCURVE('',#1824,#5286);
#5286 = DEFINITIONAL_REPRESENTATION('',(#5287),#5292);
#5287 = B_SPLINE_CURVE_WITH_KNOTS('',3,(#5288,#5289,#5290,#5291),
  .UNSPECIFIED.,.F.,.F.,(4,4),(-0.368963428169,-5.026511283211E-02),
  .PIECEWISE_BEZIER_KNOTS.);
#5288 = CARTESIAN_POINT('',(1.450089255097,14.269587874379));
#5289 = CARTESIAN_POINT('',(2.505051190955,14.39421523464));
#5290 = CARTESIAN_POINT('',(3.562027334898,14.512256191903));
#5291 = CARTESIAN_POINT('',(4.618802153517,14.623896588739));
#5292 = ( GEOMETRIC_REPRESENTATION_CONTEXT(2) 
PARAMETRIC_REPRESENTATION_CONTEXT() REPRESENTATION_CONTEXT('2D SPACE',''
  ) );
#5293 = PCURVE('',#1083,#5294);
#5294 = DEFINITIONAL_REPRESENTATION('',(#5295),#5298);
#5295 = B_SPLINE_CURVE_WITH_KNOTS('',1,(#5296,#5297),.UNSPECIFIED.,.F.,
  .F.,(2,2),(-0.368963428169,-5.026511283211E-02),
  .PIECEWISE_BEZIER_KNOTS.);
#5296 = CARTESIAN_POINT('',(1.134207915747,124.55732340765));
#5297 = CARTESIAN_POINT('',(6.478542337808,124.55740720773));
#5298 = ( GEOMETRIC_REPRESENTATION_CONTEXT(2) 
PARAMETRIC_REPRESENTATION_CONTEXT() REPRESENTATION_CONTEXT('2D SPACE',''
  ) );
#5299 = ORIENTED_EDGE('',*,*,#1808,.F.);
#5300 = ORIENTED_EDGE('',*,*,#5059,.T.);
#5301 = ORIENTED_EDGE('',*,*,#5302,.T.);
#5302 = EDGE_CURVE('',#5037,#5231,#5303,.T.);
#5303 = SURFACE_CURVE('',#5304,(#5308,#5315),.PCURVE_S1.);
#5304 = LINE('',#5305,#5306);
#5305 = CARTESIAN_POINT('',(39.,-32.69059892324,35.));
#5306 = VECTOR('',#5307,1.);
#5307 = DIRECTION('',(0.,1.,0.));
#5308 = PCURVE('',#1824,#5309);
#5309 = DEFINITIONAL_REPRESENTATION('',(#5310),#5314);
#5310 = LINE('',#5311,#5312);
#5311 = CARTESIAN_POINT('',(4.618802153517,20.));
#5312 = VECTOR('',#5313,1.);
#5313 = DIRECTION('',(1.,0.));
#5314 = ( GEOMETRIC_REPRESENTATION_CONTEXT(2) 
PARAMETRIC_REPRESENTATION_CONTEXT() REPRESENTATION_CONTEXT('2D SPACE',''
  ) );
#5315 = PCURVE('',#4948,#5316);
#5316 = DEFINITIONAL_REPRESENTATION('',(#5317),#5321);
#5317 = LINE('',#5318,#5319);
#5318 = CARTESIAN_POINT('',(4.,2.309401076758));
#5319 = VECTOR('',#5320,1.);
#5320 = DIRECTION('',(0.,1.));
#5321 = ( GEOMETRIC_REPRESENTATION_CONTEXT(2) 
PARAMETRIC_REPRESENTATION_CONTEXT() REPRESENTATION_CONTEXT('2D SPACE',''
  ) );
#5322 = ORIENTED_EDGE('',*,*,#5230,.F.);
#5323 = ADVANCED_FACE('',(#5324,#5332),#4948,.F.);
#5324 = FACE_BOUND('',#5325,.T.);
#5325 = EDGE_LOOP('',(#5326,#5327,#5328,#5329,#5330,#5331));
#5326 = ORIENTED_EDGE('',*,*,#5036,.F.);
#5327 = ORIENTED_EDGE('',*,*,#4987,.F.);
#5328 = ORIENTED_EDGE('',*,*,#4932,.F.);
#5329 = ORIENTED_EDGE('',*,*,#5158,.F.);
#5330 = ORIENTED_EDGE('',*,*,#5253,.F.);
#5331 = ORIENTED_EDGE('',*,*,#5302,.F.);
#5332 = FACE_BOUND('',#5333,.T.);
#5333 = EDGE_LOOP('',(#5334));
#5334 = ORIENTED_EDGE('',*,*,#5335,.F.);
#5335 = EDGE_CURVE('',#5336,#5336,#5338,.T.);
#5336 = VERTEX_POINT('',#5337);
#5337 = CARTESIAN_POINT('',(32.5,-35.,35.));
#5338 = SURFACE_CURVE('',#5339,(#5344,#5355),.PCURVE_S1.);
#5339 = CIRCLE('',#5340,2.5);
#5340 = AXIS2_PLACEMENT_3D('',#5341,#5342,#5343);
#5341 = CARTESIAN_POINT('',(35.,-35.,35.));
#5342 = DIRECTION('',(1.224646799147E-16,0.,-1.));
#5343 = DIRECTION('',(1.,0.,1.224646799147E-16));
#5344 = PCURVE('',#4948,#5345);
#5345 = DEFINITIONAL_REPRESENTATION('',(#5346),#5354);
#5346 = ( BOUNDED_CURVE() B_SPLINE_CURVE(2,(#5347,#5348,#5349,#5350,
#5351,#5352,#5353),.UNSPECIFIED.,.T.,.F.) B_SPLINE_CURVE_WITH_KNOTS((1,2
    ,2,2,2,1),(-2.094395102393,0.,2.094395102393,4.188790204786,
6.28318530718,8.377580409573),.UNSPECIFIED.) CURVE() 
GEOMETRIC_REPRESENTATION_ITEM() RATIONAL_B_SPLINE_CURVE((1.,0.5,1.,0.5,
1.,0.5,1.)) REPRESENTATION_ITEM('') );
#5347 = CARTESIAN_POINT('',(2.5,0.));
#5348 = CARTESIAN_POINT('',(2.5,-4.330127018922));
#5349 = CARTESIAN_POINT('',(-1.25,-2.165063509461));
#5350 = CARTESIAN_POINT('',(-5.,-6.123233995737E-16));
#5351 = CARTESIAN_POINT('',(-1.25,2.165063509461));
#5352 = CARTESIAN_POINT('',(2.5,4.330127018922));
#5353 = CARTESIAN_POINT('',(2.5,0.));
#5354 = ( GEOMETRIC_REPRESENTATION_CONTEXT(2) 
PARAMETRIC_REPRESENTATION_CONTEXT() REPRESENTATION_CONTEXT('2D SPACE',''
  ) );
#5355 = PCURVE('',#188,#5356);
#5356 = DEFINITIONAL_REPRESENTATION('',(#5357),#5361);
#5357 = LINE('',#5358,#5359);
#5358 = CARTESIAN_POINT('',(-6.28318530718,-5.));
#5359 = VECTOR('',#5360,1.);
#5360 = DIRECTION('',(1.,0.));
#5361 = ( GEOMETRIC_REPRESENTATION_CONTEXT(2) 
PARAMETRIC_REPRESENTATION_CONTEXT() REPRESENTATION_CONTEXT('2D SPACE',''
  ) );
#5362 = ADVANCED_FACE('',(#5363),#1175,.F.);
#5363 = FACE_BOUND('',#5364,.F.);
#5364 = EDGE_LOOP('',(#5365,#5366,#5390,#5442,#5494,#5545,#5571,#5572,
    #5573,#5574,#5575,#5576));
#5365 = ORIENTED_EDGE('',*,*,#3015,.T.);
#5366 = ORIENTED_EDGE('',*,*,#5367,.F.);
#5367 = EDGE_CURVE('',#5368,#2987,#5370,.T.);
#5368 = VERTEX_POINT('',#5369);
#5369 = CARTESIAN_POINT('',(-10.54086275144,37.332399018121,
    17.976387388224));
#5370 = SURFACE_CURVE('',#5371,(#5376,#5382),.PCURVE_S1.);
#5371 = B_SPLINE_CURVE_WITH_KNOTS('',3,(#5372,#5373,#5374,#5375),
  .UNSPECIFIED.,.F.,.F.,(4,4),(-0.279047978512,-1.435438506855E-04),
  .PIECEWISE_BEZIER_KNOTS.);
#5372 = CARTESIAN_POINT('',(-10.54086275144,37.332399018121,
    17.976387388224));
#5373 = CARTESIAN_POINT('',(-10.52644398683,38.261362254975,
    17.936736525982));
#5374 = CARTESIAN_POINT('',(-10.51201861025,39.190751484279,
    17.89502235597));
#5375 = CARTESIAN_POINT('',(-10.49760647446,40.119287643834,
    17.851182568342));
#5376 = PCURVE('',#1175,#5377);
#5377 = DEFINITIONAL_REPRESENTATION('',(#5378),#5381);
#5378 = B_SPLINE_CURVE_WITH_KNOTS('',1,(#5379,#5380),.UNSPECIFIED.,.F.,
  .F.,(2,2),(-0.279047978512,-1.435438506962E-04),
  .PIECEWISE_BEZIER_KNOTS.);
#5379 = CARTESIAN_POINT('',(183.56679081147,5.356475114437));
#5380 = CARTESIAN_POINT('',(183.49542529199,1.135145036139));
#5381 = ( GEOMETRIC_REPRESENTATION_CONTEXT(2) 
PARAMETRIC_REPRESENTATION_CONTEXT() REPRESENTATION_CONTEXT('2D SPACE',''
  ) );
#5382 = PCURVE('',#3002,#5383);
#5383 = DEFINITIONAL_REPRESENTATION('',(#5384),#5389);
#5384 = B_SPLINE_CURVE_WITH_KNOTS('',3,(#5385,#5386,#5387,#5388),
  .UNSPECIFIED.,.F.,.F.,(4,4),(-0.279047978512,-1.435438506855E-04),
  .PIECEWISE_BEZIER_KNOTS.);
#5385 = CARTESIAN_POINT('',(0.,2.976387388224));
#5386 = CARTESIAN_POINT('',(0.929075129469,2.936736525982));
#5387 = CARTESIAN_POINT('',(1.858576302699,2.89502235597));
#5388 = CARTESIAN_POINT('',(2.787224303429,2.851182568342));
#5389 = ( GEOMETRIC_REPRESENTATION_CONTEXT(2) 
PARAMETRIC_REPRESENTATION_CONTEXT() REPRESENTATION_CONTEXT('2D SPACE',''
  ) );
#5390 = ORIENTED_EDGE('',*,*,#5391,.F.);
#5391 = EDGE_CURVE('',#5392,#5368,#5394,.T.);
#5392 = VERTEX_POINT('',#5393);
#5393 = CARTESIAN_POINT('',(-15.08064159318,34.804473372848,
    16.272873897938));
#5394 = SURFACE_CURVE('',#5395,(#5400,#5429),.PCURVE_S1.);
#5395 = B_SPLINE_CURVE_WITH_KNOTS('',3,(#5396,#5397,#5398,#5399),
  .UNSPECIFIED.,.F.,.F.,(4,4),(-0.601661968717,-5.244645618883E-02),
  .PIECEWISE_BEZIER_KNOTS.);
#5396 = CARTESIAN_POINT('',(-15.08064159318,34.804473372848,
    16.272873897938));
#5397 = CARTESIAN_POINT('',(-13.56426040106,35.648853470913,
    16.862131614126));
#5398 = CARTESIAN_POINT('',(-12.06350882273,36.484530391372,
    17.428660583389));
#5399 = CARTESIAN_POINT('',(-10.54086275144,37.332399018121,
    17.976387388224));
#5400 = PCURVE('',#1175,#5401);
#5401 = DEFINITIONAL_REPRESENTATION('',(#5402),#5428);
#5402 = B_SPLINE_CURVE_WITH_KNOTS('',3,(#5403,#5404,#5405,#5406,#5407,
    #5408,#5409,#5410,#5411,#5412,#5413,#5414,#5415,#5416,#5417,#5418,
    #5419,#5420,#5421,#5422,#5423,#5424,#5425,#5426,#5427),
  .UNSPECIFIED.,.F.,.F.,(4,1,1,1,1,1,1,1,1,1,1,1,1,1,1,1,1,1,1,1,1,1,4),
  (-0.601661968717,-0.576697627238,-0.55173328576,-0.526768944281,
    -0.501804602803,-0.476840261324,-0.451875919845,-0.426911578367,
    -0.401947236888,-0.37698289541,-0.352018553931,-0.327054212453,
    -0.302089870974,-0.277125529496,-0.252161188017,-0.227196846539,
    -0.20223250506,-0.177268163582,-0.152303822103,-0.127339480624,
    -0.102375139146,-7.741079766737E-02,-5.244645618883E-02),
  .QUASI_UNIFORM_KNOTS.);
#5403 = CARTESIAN_POINT('',(191.28408905588,10.05167322253));
#5404 = CARTESIAN_POINT('',(191.16361641367,9.981802976331));
#5405 = CARTESIAN_POINT('',(190.92306699856,9.841994505807));
#5406 = CARTESIAN_POINT('',(190.56339995256,9.632059178315));
#5407 = CARTESIAN_POINT('',(190.20485942425,9.421882611552));
#5408 = CARTESIAN_POINT('',(189.8474149514,9.211445943783));
#5409 = CARTESIAN_POINT('',(189.49103614381,9.000730154436));
#5410 = CARTESIAN_POINT('',(189.13569269819,8.789716042436));
#5411 = CARTESIAN_POINT('',(188.78135440233,8.578384233191));
#5412 = CARTESIAN_POINT('',(188.42799114177,8.366715177866));
#5413 = CARTESIAN_POINT('',(188.07557290567,8.154689154709));
#5414 = CARTESIAN_POINT('',(187.72406979268,7.942286269795));
#5415 = CARTESIAN_POINT('',(187.37345201654,7.729486457899));
#5416 = CARTESIAN_POINT('',(187.02368991165,7.516269483318));
#5417 = CARTESIAN_POINT('',(186.67475393842,7.302614940666));
#5418 = CARTESIAN_POINT('',(186.32661468856,7.088502255658));
#5419 = CARTESIAN_POINT('',(185.97924289015,6.873910685873));
#5420 = CARTESIAN_POINT('',(185.63260941274,6.658819321464));
#5421 = CARTESIAN_POINT('',(185.28668527211,6.443207085974));
#5422 = CARTESIAN_POINT('',(184.94144163549,6.227052736637));
#5423 = CARTESIAN_POINT('',(184.59684982474,6.010334866526));
#5424 = CARTESIAN_POINT('',(184.25288132678,5.793031899667));
#5425 = CARTESIAN_POINT('',(183.90950777628,5.575122112325));
#5426 = CARTESIAN_POINT('',(183.68096995332,5.429429741778));
#5427 = CARTESIAN_POINT('',(183.56679081147,5.356475114437));
#5428 = ( GEOMETRIC_REPRESENTATION_CONTEXT(2) 
PARAMETRIC_REPRESENTATION_CONTEXT() REPRESENTATION_CONTEXT('2D SPACE',''
  ) );
#5429 = PCURVE('',#5430,#5435);
#5430 = PLANE('',#5431);
#5431 = AXIS2_PLACEMENT_3D('',#5432,#5433,#5434);
#5432 = CARTESIAN_POINT('',(-15.08064159318,34.804473372848,15.));
#5433 = DIRECTION('',(0.486499517263,-0.873680845448,5.957900766033E-17)
  );
#5434 = DIRECTION('',(0.873680845448,0.486499517263,1.069950450854E-16)
  );
#5435 = DEFINITIONAL_REPRESENTATION('',(#5436),#5441);
#5436 = B_SPLINE_CURVE_WITH_KNOTS('',3,(#5437,#5438,#5439,#5440),
  .UNSPECIFIED.,.F.,.F.,(4,4),(-0.601661968717,-5.244645618883E-02),
  .PIECEWISE_BEZIER_KNOTS.);
#5437 = CARTESIAN_POINT('',(0.,1.272873897938));
#5438 = CARTESIAN_POINT('',(1.735623712054,1.862131614126));
#5439 = CARTESIAN_POINT('',(3.453358038206,2.428660583389));
#5440 = CARTESIAN_POINT('',(5.196152422707,2.976387388224));
#5441 = ( GEOMETRIC_REPRESENTATION_CONTEXT(2) 
PARAMETRIC_REPRESENTATION_CONTEXT() REPRESENTATION_CONTEXT('2D SPACE',''
  ) );
#5442 = ORIENTED_EDGE('',*,*,#5443,.F.);
#5443 = EDGE_CURVE('',#5444,#5392,#5446,.T.);
#5444 = VERTEX_POINT('',#5445);
#5445 = CARTESIAN_POINT('',(-17.96699161702,36.531181865645,15.));
#5446 = SURFACE_CURVE('',#5447,(#5452,#5481),.PCURVE_S1.);
#5447 = B_SPLINE_CURVE_WITH_KNOTS('',3,(#5448,#5449,#5450,#5451),
  .UNSPECIFIED.,.F.,.F.,(4,4),(-0.419800907572,-5.369834407096E-02),
  .PIECEWISE_BEZIER_KNOTS.);
#5448 = CARTESIAN_POINT('',(-17.96699161702,36.531181865645,15.));
#5449 = CARTESIAN_POINT('',(-16.98729939945,35.945098106423,
    15.43511309572));
#5450 = CARTESIAN_POINT('',(-16.05039558135,35.384611759899,
    15.849227744019));
#5451 = CARTESIAN_POINT('',(-15.08064159318,34.804473372848,
    16.272873897938));
#5452 = PCURVE('',#1175,#5453);
#5453 = DEFINITIONAL_REPRESENTATION('',(#5454),#5480);
#5454 = B_SPLINE_CURVE_WITH_KNOTS('',3,(#5455,#5456,#5457,#5458,#5459,
    #5460,#5461,#5462,#5463,#5464,#5465,#5466,#5467,#5468,#5469,#5470,
    #5471,#5472,#5473,#5474,#5475,#5476,#5477,#5478,#5479),
  .UNSPECIFIED.,.F.,.F.,(4,1,1,1,1,1,1,1,1,1,1,1,1,1,1,1,1,1,1,1,1,1,4),
  (-0.419800907572,-0.403159881958,-0.386518856345,-0.369877830731,
    -0.353236805117,-0.336595779504,-0.31995475389,-0.303313728276,
    -0.286672702663,-0.270031677049,-0.253390651435,-0.236749625821,
    -0.220108600208,-0.203467574594,-0.18682654898,-0.170185523367,
    -0.153544497753,-0.136903472139,-0.120262446526,-0.103621420912,
    -8.698039529833E-02,-7.033936968465E-02,-5.369834407096E-02),
  .QUASI_UNIFORM_KNOTS.);
#5455 = CARTESIAN_POINT('',(196.40725457908,8.200647793396));
#5456 = CARTESIAN_POINT('',(196.3270798476,8.228792787732));
#5457 = CARTESIAN_POINT('',(196.16714574078,8.285007252282));
#5458 = CARTESIAN_POINT('',(195.92841437687,8.369129105676));
#5459 = CARTESIAN_POINT('',(195.69077642557,8.453077800885));
#5460 = CARTESIAN_POINT('',(195.45415589363,8.53688017607));
#5461 = CARTESIAN_POINT('',(195.21847705018,8.620563172148));
#5462 = CARTESIAN_POINT('',(194.98366446746,8.704153848732));
#5463 = CARTESIAN_POINT('',(194.7496430163,8.787679382335));
#5464 = CARTESIAN_POINT('',(194.51633787374,8.871167069327));
#5465 = CARTESIAN_POINT('',(194.28367452743,8.954644327622));
#5466 = CARTESIAN_POINT('',(194.05157878098,9.038138698716));
#5467 = CARTESIAN_POINT('',(193.81997675907,9.121677849656));
#5468 = CARTESIAN_POINT('',(193.58879491282,9.205289575053));
#5469 = CARTESIAN_POINT('',(193.3579600252,9.289001799124));
#5470 = CARTESIAN_POINT('',(193.12739921653,9.372842577773));
#5471 = CARTESIAN_POINT('',(192.89703995015,9.456840100705));
#5472 = CARTESIAN_POINT('',(192.66681003832,9.541022693624));
#5473 = CARTESIAN_POINT('',(192.43663764793,9.625418820348));
#5474 = CARTESIAN_POINT('',(192.20645130767,9.710057085468));
#5475 = CARTESIAN_POINT('',(191.97617991073,9.794966235291));
#5476 = CARTESIAN_POINT('',(191.74575273482,9.880175165423));
#5477 = CARTESIAN_POINT('',(191.515099399,9.965712903938));
#5478 = CARTESIAN_POINT('',(191.36113317087,10.022976758614));
#5479 = CARTESIAN_POINT('',(191.28408905588,10.05167322253));
#5480 = ( GEOMETRIC_REPRESENTATION_CONTEXT(2) 
PARAMETRIC_REPRESENTATION_CONTEXT() REPRESENTATION_CONTEXT('2D SPACE',''
  ) );
#5481 = PCURVE('',#5482,#5487);
#5482 = PLANE('',#5483);
#5483 = AXIS2_PLACEMENT_3D('',#5484,#5485,#5486);
#5484 = CARTESIAN_POINT('',(-19.53977884174,37.472074354726,15.));
#5485 = DIRECTION('',(-0.513380048326,-0.858161363603,
    -6.287092329286E-17));
#5486 = DIRECTION('',(0.858161363603,-0.513380048326,1.050944567088E-16)
  );
#5487 = DEFINITIONAL_REPRESENTATION('',(#5488),#5493);
#5488 = B_SPLINE_CURVE_WITH_KNOTS('',3,(#5489,#5490,#5491,#5492),
  .UNSPECIFIED.,.F.,.F.,(4,4),(-0.419800907572,-5.369834407096E-02),
  .PIECEWISE_BEZIER_KNOTS.);
#5489 = CARTESIAN_POINT('',(1.832740660938,0.));
#5490 = CARTESIAN_POINT('',(2.974358378909,0.43511309572));
#5491 = CARTESIAN_POINT('',(4.066115544681,0.849227744019));
#5492 = CARTESIAN_POINT('',(5.196152422706,1.272873897938));
#5493 = ( GEOMETRIC_REPRESENTATION_CONTEXT(2) 
PARAMETRIC_REPRESENTATION_CONTEXT() REPRESENTATION_CONTEXT('2D SPACE',''
  ) );
#5494 = ORIENTED_EDGE('',*,*,#5495,.T.);
#5495 = EDGE_CURVE('',#5444,#5496,#5498,.T.);
#5496 = VERTEX_POINT('',#5497);
#5497 = CARTESIAN_POINT('',(-19.72781286899,-3.902016327412E-08,15.));
#5498 = SURFACE_CURVE('',#5499,(#5506,#5535),.PCURVE_S1.);
#5499 = B_SPLINE_CURVE_WITH_KNOTS('',3,(#5500,#5501,#5502,#5503,#5504,
    #5505),.UNSPECIFIED.,.F.,.F.,(4,2,4),(0.486692736026,1.970091829664,
    4.102728081466),.UNSPECIFIED.);
#5500 = CARTESIAN_POINT('',(-17.96699161702,36.531181865645,15.));
#5501 = CARTESIAN_POINT('',(-18.47291719319,31.546989895286,15.));
#5502 = CARTESIAN_POINT('',(-18.85585880581,26.481020575887,
    14.999999999539));
#5503 = CARTESIAN_POINT('',(-19.52924845642,14.408113893434,
    14.999999999539));
#5504 = CARTESIAN_POINT('',(-19.72781286356,7.14005320096,15.));
#5505 = CARTESIAN_POINT('',(-19.72781286899,-3.902016536966E-08,15.));
#5506 = PCURVE('',#1175,#5507);
#5507 = DEFINITIONAL_REPRESENTATION('',(#5508),#5534);
#5508 = B_SPLINE_CURVE_WITH_KNOTS('',3,(#5509,#5510,#5511,#5512,#5513,
    #5514,#5515,#5516,#5517,#5518,#5519,#5520,#5521,#5522,#5523,#5524,
    #5525,#5526,#5527,#5528,#5529,#5530,#5531,#5532,#5533),
  .UNSPECIFIED.,.F.,.F.,(4,1,1,1,1,1,1,1,1,1,1,1,1,1,1,1,1,1,1,1,1,1,4),
  (0.486692736026,0.651057979001,0.815423221975,0.97978846495,
    1.144153707925,1.308518950899,1.472884193874,1.637249436848,
    1.801614679823,1.965979922797,2.130345165772,2.294710408746,
    2.459075651721,2.623440894695,2.78780613767,2.952171380644,
    3.116536623619,3.280901866593,3.445267109568,3.609632352542,
    3.773997595517,3.938362838491,4.102728081466),
  .QUASI_UNIFORM_KNOTS.);
#5509 = CARTESIAN_POINT('',(196.40725457908,8.200647793396));
#5510 = CARTESIAN_POINT('',(196.50818662446,9.005296754354));
#5511 = CARTESIAN_POINT('',(196.70476532083,10.60777762895));
#5512 = CARTESIAN_POINT('',(196.98394688012,12.990701861116));
#5513 = CARTESIAN_POINT('',(197.24760924137,15.352499785117));
#5514 = CARTESIAN_POINT('',(197.49592812942,17.692783689873));
#5515 = CARTESIAN_POINT('',(197.729083052,20.011105960038));
#5516 = CARTESIAN_POINT('',(197.9472648513,22.307040960598));
#5517 = CARTESIAN_POINT('',(198.15064995247,24.579858583186));
#5518 = CARTESIAN_POINT('',(198.33949563726,26.8297466509));
#5519 = CARTESIAN_POINT('',(198.51378453917,29.053245173384));
#5520 = CARTESIAN_POINT('',(198.67455124608,31.260283407289));
#5521 = CARTESIAN_POINT('',(198.82274744178,33.463510873109));
#5522 = CARTESIAN_POINT('',(198.95808753944,35.659639834847));
#5523 = CARTESIAN_POINT('',(199.08061931475,37.849627400463));
#5524 = CARTESIAN_POINT('',(199.19030379464,40.033277268711));
#5525 = CARTESIAN_POINT('',(199.2871278538,42.210686417468));
#5526 = CARTESIAN_POINT('',(199.37107407639,44.381857605964));
#5527 = CARTESIAN_POINT('',(199.44212886575,46.546803272768));
#5528 = CARTESIAN_POINT('',(199.50028031689,48.705517647253));
#5529 = CARTESIAN_POINT('',(199.54551881181,50.857984234959));
#5530 = CARTESIAN_POINT('',(199.57783698534,53.004173226511));
#5531 = CARTESIAN_POINT('',(199.59722951309,55.144043476366));
#5532 = CARTESIAN_POINT('',(199.60153935071,56.566371771155));
#5533 = CARTESIAN_POINT('',(199.60153913439,57.27646395963));
#5534 = ( GEOMETRIC_REPRESENTATION_CONTEXT(2) 
PARAMETRIC_REPRESENTATION_CONTEXT() REPRESENTATION_CONTEXT('2D SPACE',''
  ) );
#5535 = PCURVE('',#913,#5536);
#5536 = DEFINITIONAL_REPRESENTATION('',(#5537),#5544);
#5537 = B_SPLINE_CURVE_WITH_KNOTS('',3,(#5538,#5539,#5540,#5541,#5542,
    #5543),.UNSPECIFIED.,.F.,.F.,(4,2,4),(0.486692736026,1.970091829664,
    4.102728081466),.UNSPECIFIED.);
#5538 = CARTESIAN_POINT('',(17.966991617025,36.531181865645));
#5539 = CARTESIAN_POINT('',(18.472917193197,31.546989895286));
#5540 = CARTESIAN_POINT('',(18.855858805812,26.481020575887));
#5541 = CARTESIAN_POINT('',(19.529248456423,14.408113893434));
#5542 = CARTESIAN_POINT('',(19.727812863566,7.14005320096));
#5543 = CARTESIAN_POINT('',(19.727812868997,-3.902021159657E-08));
#5544 = ( GEOMETRIC_REPRESENTATION_CONTEXT(2) 
PARAMETRIC_REPRESENTATION_CONTEXT() REPRESENTATION_CONTEXT('2D SPACE',''
  ) );
#5545 = ORIENTED_EDGE('',*,*,#5546,.T.);
#5546 = EDGE_CURVE('',#5496,#1062,#5547,.T.);
#5547 = SURFACE_CURVE('',#5548,(#5559,#5565),.PCURVE_S1.);
#5548 = B_SPLINE_CURVE_WITH_KNOTS('',3,(#5549,#5550,#5551,#5552,#5553,
    #5554,#5555,#5556,#5557,#5558),.UNSPECIFIED.,.F.,.F.,(4,3,3,4),(
    -139.9870171707,-100.6115422881,-55.8811670976,-12.1946297113),
  .UNSPECIFIED.);
#5549 = CARTESIAN_POINT('',(-19.72781286899,-3.902016327412E-08,15.));
#5550 = CARTESIAN_POINT('',(-11.61186555431,-2.405680517292E-08,
    18.477172266154));
#5551 = CARTESIAN_POINT('',(-2.760473448892,-3.795975471454E-09,
    22.31490727129));
#5552 = CARTESIAN_POINT('',(9.45081775779,9.883660126442E-09,
    25.514731602677));
#5553 = CARTESIAN_POINT('',(23.322793622563,2.542367322916E-08,
    29.149718693333));
#5554 = CARTESIAN_POINT('',(41.530673989896,3.261400122884E-08,
    31.961490657827));
#5555 = CARTESIAN_POINT('',(62.341459903987,3.562653012879E-08,
    34.349778873209));
#5556 = CARTESIAN_POINT('',(82.666600773081,3.856875843006E-08,
    36.682333473214));
#5557 = CARTESIAN_POINT('',(105.47458073228,3.749805253112E-08,
    38.610938722222));
#5558 = CARTESIAN_POINT('',(125.,1.730192893123E-08,37.619168130073));
#5559 = PCURVE('',#1175,#5560);
#5560 = DEFINITIONAL_REPRESENTATION('',(#5561),#5564);
#5561 = B_SPLINE_CURVE_WITH_KNOTS('',1,(#5562,#5563),.UNSPECIFIED.,.F.,
  .F.,(2,2),(-139.9870171707,-12.1946297113),.PIECEWISE_BEZIER_KNOTS.);
#5562 = CARTESIAN_POINT('',(199.60153913439,57.276463908942));
#5563 = CARTESIAN_POINT('',(55.244519378638,57.276463862523));
#5564 = ( GEOMETRIC_REPRESENTATION_CONTEXT(2) 
PARAMETRIC_REPRESENTATION_CONTEXT() REPRESENTATION_CONTEXT('2D SPACE',''
  ) );
#5565 = PCURVE('',#1083,#5566);
#5566 = DEFINITIONAL_REPRESENTATION('',(#5567),#5570);
#5567 = B_SPLINE_CURVE_WITH_KNOTS('',1,(#5568,#5569),.UNSPECIFIED.,.F.,
  .F.,(2,2),(-139.9870171707,-12.1946297113),.PIECEWISE_BEZIER_KNOTS.);
#5568 = CARTESIAN_POINT('',(57.27646381353,199.6015391344));
#5569 = CARTESIAN_POINT('',(57.276463932304,55.24451937864));
#5570 = ( GEOMETRIC_REPRESENTATION_CONTEXT(2) 
PARAMETRIC_REPRESENTATION_CONTEXT() REPRESENTATION_CONTEXT('2D SPACE',''
  ) );
#5571 = ORIENTED_EDGE('',*,*,#1153,.T.);
#5572 = ORIENTED_EDGE('',*,*,#3496,.T.);
#5573 = ORIENTED_EDGE('',*,*,#4770,.F.);
#5574 = ORIENTED_EDGE('',*,*,#4625,.F.);
#5575 = ORIENTED_EDGE('',*,*,#4525,.F.);
#5576 = ORIENTED_EDGE('',*,*,#4477,.F.);
#5577 = ADVANCED_FACE('',(#5578),#157,.F.);
#5578 = FACE_BOUND('',#5579,.F.);
#5579 = EDGE_LOOP('',(#5580,#5601,#5602,#5603));
#5580 = ORIENTED_EDGE('',*,*,#5581,.T.);
#5581 = EDGE_CURVE('',#141,#4827,#5582,.T.);
#5582 = SEAM_CURVE('',#5583,(#5587,#5594),.PCURVE_S1.);
#5583 = LINE('',#5584,#5585);
#5584 = CARTESIAN_POINT('',(32.5,35.,30.));
#5585 = VECTOR('',#5586,1.);
#5586 = DIRECTION('',(1.224646799147E-16,0.,-1.));
#5587 = PCURVE('',#157,#5588);
#5588 = DEFINITIONAL_REPRESENTATION('',(#5589),#5593);
#5589 = LINE('',#5590,#5591);
#5590 = CARTESIAN_POINT('',(3.14159265359,0.));
#5591 = VECTOR('',#5592,1.);
#5592 = DIRECTION('',(0.,1.));
#5593 = ( GEOMETRIC_REPRESENTATION_CONTEXT(2) 
PARAMETRIC_REPRESENTATION_CONTEXT() REPRESENTATION_CONTEXT('2D SPACE',''
  ) );
#5594 = PCURVE('',#157,#5595);
#5595 = DEFINITIONAL_REPRESENTATION('',(#5596),#5600);
#5596 = LINE('',#5597,#5598);
#5597 = CARTESIAN_POINT('',(-3.14159265359,0.));
#5598 = VECTOR('',#5599,1.);
#5599 = DIRECTION('',(0.,1.));
#5600 = ( GEOMETRIC_REPRESENTATION_CONTEXT(2) 
PARAMETRIC_REPRESENTATION_CONTEXT() REPRESENTATION_CONTEXT('2D SPACE',''
  ) );
#5601 = ORIENTED_EDGE('',*,*,#4826,.F.);
#5602 = ORIENTED_EDGE('',*,*,#5581,.F.);
#5603 = ORIENTED_EDGE('',*,*,#140,.F.);
#5604 = ADVANCED_FACE('',(#5605),#188,.F.);
#5605 = FACE_BOUND('',#5606,.F.);
#5606 = EDGE_LOOP('',(#5607,#5628,#5629,#5630));
#5607 = ORIENTED_EDGE('',*,*,#5608,.T.);
#5608 = EDGE_CURVE('',#172,#5336,#5609,.T.);
#5609 = SEAM_CURVE('',#5610,(#5614,#5621),.PCURVE_S1.);
#5610 = LINE('',#5611,#5612);
#5611 = CARTESIAN_POINT('',(32.5,-35.,30.));
#5612 = VECTOR('',#5613,1.);
#5613 = DIRECTION('',(1.224646799147E-16,0.,-1.));
#5614 = PCURVE('',#188,#5615);
#5615 = DEFINITIONAL_REPRESENTATION('',(#5616),#5620);
#5616 = LINE('',#5617,#5618);
#5617 = CARTESIAN_POINT('',(3.14159265359,0.));
#5618 = VECTOR('',#5619,1.);
#5619 = DIRECTION('',(0.,1.));
#5620 = ( GEOMETRIC_REPRESENTATION_CONTEXT(2) 
PARAMETRIC_REPRESENTATION_CONTEXT() REPRESENTATION_CONTEXT('2D SPACE',''
  ) );
#5621 = PCURVE('',#188,#5622);
#5622 = DEFINITIONAL_REPRESENTATION('',(#5623),#5627);
#5623 = LINE('',#5624,#5625);
#5624 = CARTESIAN_POINT('',(-3.14159265359,0.));
#5625 = VECTOR('',#5626,1.);
#5626 = DIRECTION('',(0.,1.));
#5627 = ( GEOMETRIC_REPRESENTATION_CONTEXT(2) 
PARAMETRIC_REPRESENTATION_CONTEXT() REPRESENTATION_CONTEXT('2D SPACE',''
  ) );
#5628 = ORIENTED_EDGE('',*,*,#5335,.F.);
#5629 = ORIENTED_EDGE('',*,*,#5608,.F.);
#5630 = ORIENTED_EDGE('',*,*,#171,.F.);
#5631 = ADVANCED_FACE('',(#5632),#1083,.F.);
#5632 = FACE_BOUND('',#5633,.F.);
#5633 = EDGE_LOOP('',(#5634,#5635,#5636,#5637,#5638,#5639,#5640,#5691,
    #5743,#5795,#5817,#5818));
#5634 = ORIENTED_EDGE('',*,*,#5083,.F.);
#5635 = ORIENTED_EDGE('',*,*,#5183,.F.);
#5636 = ORIENTED_EDGE('',*,*,#5278,.F.);
#5637 = ORIENTED_EDGE('',*,*,#1424,.F.);
#5638 = ORIENTED_EDGE('',*,*,#1061,.T.);
#5639 = ORIENTED_EDGE('',*,*,#5546,.F.);
#5640 = ORIENTED_EDGE('',*,*,#5641,.T.);
#5641 = EDGE_CURVE('',#5496,#5642,#5644,.T.);
#5642 = VERTEX_POINT('',#5643);
#5643 = CARTESIAN_POINT('',(-17.9698406388,-36.50310067023,15.));
#5644 = SURFACE_CURVE('',#5645,(#5652,#5681),.PCURVE_S1.);
#5645 = B_SPLINE_CURVE_WITH_KNOTS('',3,(#5646,#5647,#5648,#5649,#5650,
    #5651),.UNSPECIFIED.,.F.,.F.,(4,2,4),(1.132373041342E-08,
    2.140924753349,3.629132131398),.UNSPECIFIED.);
#5646 = CARTESIAN_POINT('',(-19.72781286905,-3.902016536966E-08,15.));
#5647 = CARTESIAN_POINT('',(-19.72781286224,-7.13641586804,15.));
#5648 = CARTESIAN_POINT('',(-19.52945071724,-14.40063527264,
    15.000000001041));
#5649 = CARTESIAN_POINT('',(-18.85694263769,-26.46426173104,
    15.000000001041));
#5650 = CARTESIAN_POINT('',(-18.47472422559,-31.52432060833,15.));
#5651 = CARTESIAN_POINT('',(-17.9698406388,-36.50310067023,15.));
#5652 = PCURVE('',#1083,#5653);
#5653 = DEFINITIONAL_REPRESENTATION('',(#5654),#5680);
#5654 = B_SPLINE_CURVE_WITH_KNOTS('',3,(#5655,#5656,#5657,#5658,#5659,
    #5660,#5661,#5662,#5663,#5664,#5665,#5666,#5667,#5668,#5669,#5670,
    #5671,#5672,#5673,#5674,#5675,#5676,#5677,#5678,#5679),
  .UNSPECIFIED.,.F.,.F.,(4,1,1,1,1,1,1,1,1,1,1,1,1,1,1,1,1,1,1,1,1,1,4),
  (1.132373041342E-08,0.164960562236,0.329921113149,0.494881664061,
    0.659842214974,0.824802765886,0.989763316798,1.154723867711,
    1.319684418623,1.484644969536,1.649605520448,1.814566071361,
    1.979526622273,2.144487173186,2.309447724098,2.474408275011,
    2.639368825923,2.804329376835,2.969289927748,3.13425047866,
    3.299211029573,3.464171580485,3.629132131398),
  .QUASI_UNIFORM_KNOTS.);
#5655 = CARTESIAN_POINT('',(57.27646381353,199.60153913449));
#5656 = CARTESIAN_POINT('',(56.566920502364,199.60153934996));
#5657 = CARTESIAN_POINT('',(55.14569435897,199.59723617236));
#5658 = CARTESIAN_POINT('',(53.007490383052,199.5778736644));
#5659 = CARTESIAN_POINT('',(50.862980575087,199.54560558803));
#5660 = CARTESIAN_POINT('',(48.712205921395,199.50043730483));
#5661 = CARTESIAN_POINT('',(46.555196136246,199.44237621058));
#5662 = CARTESIAN_POINT('',(44.391967664585,199.37143194691));
#5663 = CARTESIAN_POINT('',(42.222526256574,199.28761643401));
#5664 = CARTESIAN_POINT('',(40.04685956427,199.19094328253));
#5665 = CARTESIAN_POINT('',(37.864964717796,199.08142989439));
#5666 = CARTESIAN_POINT('',(35.676745595984,198.95908945333));
#5667 = CARTESIAN_POINT('',(33.482395965246,198.82396068965));
#5668 = CARTESIAN_POINT('',(31.280969063614,198.67599667781));
#5669 = CARTESIAN_POINT('',(29.075715131019,198.51547974557));
#5670 = CARTESIAN_POINT('',(26.854134730543,198.34147093862));
#5671 = CARTESIAN_POINT('',(24.606179755258,198.15292810824));
#5672 = CARTESIAN_POINT('',(22.335340221639,197.94987128178));
#5673 = CARTESIAN_POINT('',(20.041418633266,197.73204307474));
#5674 = CARTESIAN_POINT('',(17.725146252653,197.49926767473));
#5675 = CARTESIAN_POINT('',(15.386947155296,197.25135463549));
#5676 = CARTESIAN_POINT('',(13.027268316688,196.98812487732));
#5677 = CARTESIAN_POINT('',(10.646496737139,196.70940307096));
#5678 = CARTESIAN_POINT('',(9.045473046207,196.51314922378));
#5679 = CARTESIAN_POINT('',(8.241558110814,196.41238425279));
#5680 = ( GEOMETRIC_REPRESENTATION_CONTEXT(2) 
PARAMETRIC_REPRESENTATION_CONTEXT() REPRESENTATION_CONTEXT('2D SPACE',''
  ) );
#5681 = PCURVE('',#913,#5682);
#5682 = DEFINITIONAL_REPRESENTATION('',(#5683),#5690);
#5683 = B_SPLINE_CURVE_WITH_KNOTS('',3,(#5684,#5685,#5686,#5687,#5688,
    #5689),.UNSPECIFIED.,.F.,.F.,(4,2,4),(1.132373041342E-08,
    2.140924753349,3.629132131398),.UNSPECIFIED.);
#5684 = CARTESIAN_POINT('',(19.727812869053,-3.902021159657E-08));
#5685 = CARTESIAN_POINT('',(19.727812862243,-7.13641586804));
#5686 = CARTESIAN_POINT('',(19.529450717243,-14.40063527264));
#5687 = CARTESIAN_POINT('',(18.856942637696,-26.46426173104));
#5688 = CARTESIAN_POINT('',(18.47472422559,-31.52432060833));
#5689 = CARTESIAN_POINT('',(17.969840638805,-36.50310067023));
#5690 = ( GEOMETRIC_REPRESENTATION_CONTEXT(2) 
PARAMETRIC_REPRESENTATION_CONTEXT() REPRESENTATION_CONTEXT('2D SPACE',''
  ) );
#5691 = ORIENTED_EDGE('',*,*,#5692,.F.);
#5692 = EDGE_CURVE('',#5693,#5642,#5695,.T.);
#5693 = VERTEX_POINT('',#5694);
#5694 = CARTESIAN_POINT('',(-14.91935840681,-34.80447337284,
    16.339251199167));
#5695 = SURFACE_CURVE('',#5696,(#5701,#5730),.PCURVE_S1.);
#5696 = B_SPLINE_CURVE_WITH_KNOTS('',3,(#5697,#5698,#5699,#5700),
  .UNSPECIFIED.,.F.,.F.,(4,4),(-0.543321346669,-0.142066163054),
  .PIECEWISE_BEZIER_KNOTS.);
#5697 = CARTESIAN_POINT('',(-14.91935840681,-34.80447337284,
    16.339251199167));
#5698 = CARTESIAN_POINT('',(-15.94485302726,-35.3755087119,
    15.89360093662));
#5699 = CARTESIAN_POINT('',(-16.93029383593,-35.92424052879,
    15.45986515396));
#5700 = CARTESIAN_POINT('',(-17.9698406388,-36.50310067023,15.));
#5701 = PCURVE('',#1083,#5702);
#5702 = DEFINITIONAL_REPRESENTATION('',(#5703),#5729);
#5703 = B_SPLINE_CURVE_WITH_KNOTS('',3,(#5704,#5705,#5706,#5707,#5708,
    #5709,#5710,#5711,#5712,#5713,#5714,#5715,#5716,#5717,#5718,#5719,
    #5720,#5721,#5722,#5723,#5724,#5725,#5726,#5727,#5728),
  .UNSPECIFIED.,.F.,.F.,(4,1,1,1,1,1,1,1,1,1,1,1,1,1,1,1,1,1,1,1,1,1,4),
  (-0.543321346669,-0.525082474687,-0.506843602704,-0.488604730722,
    -0.470365858739,-0.452126986757,-0.433888114774,-0.415649242792,
    -0.397410370809,-0.379171498827,-0.360932626844,-0.342693754862,
    -0.324454882879,-0.306216010897,-0.287977138914,-0.269738266932,
    -0.251499394949,-0.233260522967,-0.215021650984,-0.196782779002,
    -0.178543907019,-0.160305035037,-0.142066163054),
  .QUASI_UNIFORM_KNOTS.);
#5704 = CARTESIAN_POINT('',(10.017631220431,191.00245086605));
#5705 = CARTESIAN_POINT('',(9.990026517848,191.08377354123));
#5706 = CARTESIAN_POINT('',(9.934959519933,191.24625994043));
#5707 = CARTESIAN_POINT('',(9.852753081191,191.48959978717));
#5708 = CARTESIAN_POINT('',(9.770907460294,191.7326367796));
#5709 = CARTESIAN_POINT('',(9.689389685287,191.97545852827));
#5710 = CARTESIAN_POINT('',(9.608166955487,192.21815309831));
#5711 = CARTESIAN_POINT('',(9.527206663027,192.46080906645));
#5712 = CARTESIAN_POINT('',(9.446476382768,192.70351549402));
#5713 = CARTESIAN_POINT('',(9.365943870812,192.94636192288));
#5714 = CARTESIAN_POINT('',(9.285577060854,193.18943836566));
#5715 = CARTESIAN_POINT('',(9.205344061221,193.43283529781));
#5716 = CARTESIAN_POINT('',(9.125213151846,193.67664364959));
#5717 = CARTESIAN_POINT('',(9.045152781355,193.92095479837));
#5718 = CARTESIAN_POINT('',(8.965131564221,194.16586056115));
#5719 = CARTESIAN_POINT('',(8.88511827797,194.41145318728));
#5720 = CARTESIAN_POINT('',(8.805081860444,194.65782535129));
#5721 = CARTESIAN_POINT('',(8.724991407131,194.90507014606));
#5722 = CARTESIAN_POINT('',(8.644816168402,195.15328107569));
#5723 = CARTESIAN_POINT('',(8.564525547216,195.40255204965));
#5724 = CARTESIAN_POINT('',(8.484089095206,195.65297737269));
#5725 = CARTESIAN_POINT('',(8.40347651478,195.90465175082));
#5726 = CARTESIAN_POINT('',(8.322657638773,196.1576702374));
#5727 = CARTESIAN_POINT('',(8.268620875441,196.3273090142));
#5728 = CARTESIAN_POINT('',(8.241558110814,196.41238425279));
#5729 = ( GEOMETRIC_REPRESENTATION_CONTEXT(2) 
PARAMETRIC_REPRESENTATION_CONTEXT() REPRESENTATION_CONTEXT('2D SPACE',''
  ) );
#5730 = PCURVE('',#5731,#5736);
#5731 = PLANE('',#5732);
#5732 = AXIS2_PLACEMENT_3D('',#5733,#5734,#5735);
#5733 = CARTESIAN_POINT('',(-14.91935840681,-34.80447337284,15.));
#5734 = DIRECTION('',(-0.486499517263,0.873680845448,-5.957900766033E-17
    ));
#5735 = DIRECTION('',(-0.873680845448,-0.486499517263,
    -1.069950450854E-16));
#5736 = DEFINITIONAL_REPRESENTATION('',(#5737),#5742);
#5737 = B_SPLINE_CURVE_WITH_KNOTS('',3,(#5738,#5739,#5740,#5741),
  .UNSPECIFIED.,.F.,.F.,(4,4),(-0.543321346669,-0.142066163054),
  .PIECEWISE_BEZIER_KNOTS.);
#5738 = CARTESIAN_POINT('',(0.,1.339251199167));
#5739 = CARTESIAN_POINT('',(1.173763423788,0.89360093662));
#5740 = CARTESIAN_POINT('',(2.301681946673,0.45986515396));
#5741 = CARTESIAN_POINT('',(3.491529255662,0.));
#5742 = ( GEOMETRIC_REPRESENTATION_CONTEXT(2) 
PARAMETRIC_REPRESENTATION_CONTEXT() REPRESENTATION_CONTEXT('2D SPACE',''
  ) );
#5743 = ORIENTED_EDGE('',*,*,#5744,.F.);
#5744 = EDGE_CURVE('',#5745,#5693,#5747,.T.);
#5745 = VERTEX_POINT('',#5746);
#5746 = CARTESIAN_POINT('',(-10.46022115825,-37.47207435472,
    18.000736644856));
#5747 = SURFACE_CURVE('',#5748,(#5753,#5782),.PCURVE_S1.);
#5748 = B_SPLINE_CURVE_WITH_KNOTS('',3,(#5749,#5750,#5751,#5752),
  .UNSPECIFIED.,.F.,.F.,(4,4),(-0.602395099392,-5.275602095439E-02),
  .PIECEWISE_BEZIER_KNOTS.);
#5749 = CARTESIAN_POINT('',(-10.46022115825,-37.47207435472,
    18.000736644856));
#5750 = CARTESIAN_POINT('',(-11.9554196917,-36.57759794514,
    17.467086320036));
#5751 = CARTESIAN_POINT('',(-13.4306315225,-35.69507823135,
    16.914189949064));
#5752 = CARTESIAN_POINT('',(-14.91935840681,-34.80447337284,
    16.339251199167));
#5753 = PCURVE('',#1083,#5754);
#5754 = DEFINITIONAL_REPRESENTATION('',(#5755),#5781);
#5755 = B_SPLINE_CURVE_WITH_KNOTS('',3,(#5756,#5757,#5758,#5759,#5760,
    #5761,#5762,#5763,#5764,#5765,#5766,#5767,#5768,#5769,#5770,#5771,
    #5772,#5773,#5774,#5775,#5776,#5777,#5778,#5779,#5780),
  .UNSPECIFIED.,.F.,.F.,(4,1,1,1,1,1,1,1,1,1,1,1,1,1,1,1,1,1,1,1,1,1,4),
  (-0.602395099392,-0.577411504917,-0.552427910443,-0.527444315968,
    -0.502460721494,-0.47747712702,-0.452493532545,-0.427509938071,
    -0.402526343596,-0.377542749122,-0.352559154647,-0.327575560173,
    -0.302591965699,-0.277608371224,-0.25262477675,-0.227641182275,
    -0.202657587801,-0.177673993326,-0.152690398852,-0.127706804378,
    -0.102723209903,-7.773961542881E-02,-5.275602095439E-02),
  .QUASI_UNIFORM_KNOTS.);
#5756 = CARTESIAN_POINT('',(5.129449719623,183.4338283301));
#5757 = CARTESIAN_POINT('',(5.205434342423,183.54582369657));
#5758 = CARTESIAN_POINT('',(5.357179046498,183.76999581899));
#5759 = CARTESIAN_POINT('',(5.584143548249,184.10682316698));
#5760 = CARTESIAN_POINT('',(5.810476630271,184.44424462074));
#5761 = CARTESIAN_POINT('',(6.036199201751,184.78228531251));
#5762 = CARTESIAN_POINT('',(6.261332023946,185.12097049473));
#5763 = CARTESIAN_POINT('',(6.485895689225,185.46032555404));
#5764 = CARTESIAN_POINT('',(6.709910626475,185.80037600245));
#5765 = CARTESIAN_POINT('',(6.933397099401,186.1411474746));
#5766 = CARTESIAN_POINT('',(7.156375206704,186.4826657232));
#5767 = CARTESIAN_POINT('',(7.378864881731,186.82495661491));
#5768 = CARTESIAN_POINT('',(7.600885892229,187.16804612601));
#5769 = CARTESIAN_POINT('',(7.822457840049,187.51196033792));
#5770 = CARTESIAN_POINT('',(8.043600160831,187.85672543268));
#5771 = CARTESIAN_POINT('',(8.264332123666,188.20236768832));
#5772 = CARTESIAN_POINT('',(8.484672830751,188.54891347409));
#5773 = CARTESIAN_POINT('',(8.704641216972,188.89638924559));
#5774 = CARTESIAN_POINT('',(8.92425604963,189.24482153971));
#5775 = CARTESIAN_POINT('',(9.143535927598,189.59423696961));
#5776 = CARTESIAN_POINT('',(9.362499282441,189.944662219));
#5777 = CARTESIAN_POINT('',(9.581164372178,190.29612403835));
#5778 = CARTESIAN_POINT('',(9.799549302396,190.64864923303));
#5779 = CARTESIAN_POINT('',(9.944964397597,190.88439286499));
#5780 = CARTESIAN_POINT('',(10.017631220431,191.00245086605));
#5781 = ( GEOMETRIC_REPRESENTATION_CONTEXT(2) 
PARAMETRIC_REPRESENTATION_CONTEXT() REPRESENTATION_CONTEXT('2D SPACE',''
  ) );
#5782 = PCURVE('',#5783,#5788);
#5783 = PLANE('',#5784);
#5784 = AXIS2_PLACEMENT_3D('',#5785,#5786,#5787);
#5785 = CARTESIAN_POINT('',(-10.46022115825,-37.47207435472,15.));
#5786 = DIRECTION('',(0.513380048326,0.858161363603,6.287092329286E-17)
  );
#5787 = DIRECTION('',(-0.858161363603,0.513380048326,-1.050944567088E-16
    ));
#5788 = DEFINITIONAL_REPRESENTATION('',(#5789),#5794);
#5789 = B_SPLINE_CURVE_WITH_KNOTS('',3,(#5790,#5791,#5792,#5793),
  .UNSPECIFIED.,.F.,.F.,(4,4),(-0.602395099392,-5.275602095439E-02),
  .PIECEWISE_BEZIER_KNOTS.);
#5790 = CARTESIAN_POINT('',(0.,3.000736644856));
#5791 = CARTESIAN_POINT('',(1.742327954698,2.467086320036));
#5792 = CARTESIAN_POINT('',(3.461365764334,1.914189949064));
#5793 = CARTESIAN_POINT('',(5.196152422707,1.339251199167));
#5794 = ( GEOMETRIC_REPRESENTATION_CONTEXT(2) 
PARAMETRIC_REPRESENTATION_CONTEXT() REPRESENTATION_CONTEXT('2D SPACE',''
  ) );
#5795 = ORIENTED_EDGE('',*,*,#5796,.F.);
#5796 = EDGE_CURVE('',#1971,#5745,#5797,.T.);
#5797 = SURFACE_CURVE('',#5798,(#5803,#5809),.PCURVE_S1.);
#5798 = B_SPLINE_CURVE_WITH_KNOTS('',3,(#5799,#5800,#5801,#5802),
  .UNSPECIFIED.,.F.,.F.,(4,4),(-0.315229085191,-5.006839668008E-02),
  .PIECEWISE_BEZIER_KNOTS.);
#5799 = CARTESIAN_POINT('',(-10.50131858141,-40.11987368385,
    17.849725465373));
#5800 = CARTESIAN_POINT('',(-10.48762549113,-39.23766374328,
    17.901895774582));
#5801 = CARTESIAN_POINT('',(-10.4739207712,-38.35470453452,
    17.952221924322));
#5802 = CARTESIAN_POINT('',(-10.46022115825,-37.47207435472,
    18.000736644856));
#5803 = PCURVE('',#1083,#5804);
#5804 = DEFINITIONAL_REPRESENTATION('',(#5805),#5808);
#5805 = B_SPLINE_CURVE_WITH_KNOTS('',1,(#5806,#5807),.UNSPECIFIED.,.F.,
  .F.,(2,2),(-0.315229085191,-5.006839668008E-02),
  .PIECEWISE_BEZIER_KNOTS.);
#5806 = CARTESIAN_POINT('',(1.135147340546,183.50154568475));
#5807 = CARTESIAN_POINT('',(5.129449719623,183.4338283301));
#5808 = ( GEOMETRIC_REPRESENTATION_CONTEXT(2) 
PARAMETRIC_REPRESENTATION_CONTEXT() REPRESENTATION_CONTEXT('2D SPACE',''
  ) );
#5809 = PCURVE('',#2305,#5810);
#5810 = DEFINITIONAL_REPRESENTATION('',(#5811),#5816);
#5811 = B_SPLINE_CURVE_WITH_KNOTS('',3,(#5812,#5813,#5814,#5815),
  .UNSPECIFIED.,.F.,.F.,(4,4),(-0.315229085191,-5.006839668008E-02),
  .PIECEWISE_BEZIER_KNOTS.);
#5812 = CARTESIAN_POINT('',(2.548034169017,2.849725465373));
#5813 = CARTESIAN_POINT('',(3.430350370817,2.901895774582));
#5814 = CARTESIAN_POINT('',(4.313415931054,2.952221924322));
#5815 = CARTESIAN_POINT('',(5.196152422707,3.000736644856));
#5816 = ( GEOMETRIC_REPRESENTATION_CONTEXT(2) 
PARAMETRIC_REPRESENTATION_CONTEXT() REPRESENTATION_CONTEXT('2D SPACE',''
  ) );
#5817 = ORIENTED_EDGE('',*,*,#1970,.F.);
#5818 = ORIENTED_EDGE('',*,*,#4857,.F.);
#5819 = ADVANCED_FACE('',(#5820),#5783,.F.);
#5820 = FACE_BOUND('',#5821,.T.);
#5821 = EDGE_LOOP('',(#5822,#5823,#5846,#5874));
#5822 = ORIENTED_EDGE('',*,*,#5744,.F.);
#5823 = ORIENTED_EDGE('',*,*,#5824,.T.);
#5824 = EDGE_CURVE('',#5745,#5825,#5827,.T.);
#5825 = VERTEX_POINT('',#5826);
#5826 = CARTESIAN_POINT('',(-10.46022115825,-37.47207435472,35.));
#5827 = SURFACE_CURVE('',#5828,(#5832,#5839),.PCURVE_S1.);
#5828 = LINE('',#5829,#5830);
#5829 = CARTESIAN_POINT('',(-10.46022115825,-37.47207435472,15.));
#5830 = VECTOR('',#5831,1.);
#5831 = DIRECTION('',(-1.224646799147E-16,0.,1.));
#5832 = PCURVE('',#5783,#5833);
#5833 = DEFINITIONAL_REPRESENTATION('',(#5834),#5838);
#5834 = LINE('',#5835,#5836);
#5835 = CARTESIAN_POINT('',(0.,0.));
#5836 = VECTOR('',#5837,1.);
#5837 = DIRECTION('',(0.,1.));
#5838 = ( GEOMETRIC_REPRESENTATION_CONTEXT(2) 
PARAMETRIC_REPRESENTATION_CONTEXT() REPRESENTATION_CONTEXT('2D SPACE',''
  ) );
#5839 = PCURVE('',#2305,#5840);
#5840 = DEFINITIONAL_REPRESENTATION('',(#5841),#5845);
#5841 = LINE('',#5842,#5843);
#5842 = CARTESIAN_POINT('',(5.196152422707,-9.87574689759E-18));
#5843 = VECTOR('',#5844,1.);
#5844 = DIRECTION('',(0.,1.));
#5845 = ( GEOMETRIC_REPRESENTATION_CONTEXT(2) 
PARAMETRIC_REPRESENTATION_CONTEXT() REPRESENTATION_CONTEXT('2D SPACE',''
  ) );
#5846 = ORIENTED_EDGE('',*,*,#5847,.T.);
#5847 = EDGE_CURVE('',#5825,#5848,#5850,.T.);
#5848 = VERTEX_POINT('',#5849);
#5849 = CARTESIAN_POINT('',(-14.91935840681,-34.80447337284,35.));
#5850 = SURFACE_CURVE('',#5851,(#5855,#5862),.PCURVE_S1.);
#5851 = LINE('',#5852,#5853);
#5852 = CARTESIAN_POINT('',(-14.91935840681,-34.80447337284,35.));
#5853 = VECTOR('',#5854,1.);
#5854 = DIRECTION('',(-0.858161363603,0.513380048326,-1.050944567088E-16
    ));
#5855 = PCURVE('',#5783,#5856);
#5856 = DEFINITIONAL_REPRESENTATION('',(#5857),#5861);
#5857 = LINE('',#5858,#5859);
#5858 = CARTESIAN_POINT('',(5.196152422707,20.));
#5859 = VECTOR('',#5860,1.);
#5860 = DIRECTION('',(1.,0.));
#5861 = ( GEOMETRIC_REPRESENTATION_CONTEXT(2) 
PARAMETRIC_REPRESENTATION_CONTEXT() REPRESENTATION_CONTEXT('2D SPACE',''
  ) );
#5862 = PCURVE('',#5863,#5868);
#5863 = PLANE('',#5864);
#5864 = AXIS2_PLACEMENT_3D('',#5865,#5866,#5867);
#5865 = CARTESIAN_POINT('',(-15.,-40.,35.));
#5866 = DIRECTION('',(-1.224646799147E-16,0.,1.));
#5867 = DIRECTION('',(1.,0.,1.224646799147E-16));
#5868 = DEFINITIONAL_REPRESENTATION('',(#5869),#5873);
#5869 = LINE('',#5870,#5871);
#5870 = CARTESIAN_POINT('',(8.064159318798E-02,5.195526627152));
#5871 = VECTOR('',#5872,1.);
#5872 = DIRECTION('',(-0.858161363603,0.513380048326));
#5873 = ( GEOMETRIC_REPRESENTATION_CONTEXT(2) 
PARAMETRIC_REPRESENTATION_CONTEXT() REPRESENTATION_CONTEXT('2D SPACE',''
  ) );
#5874 = ORIENTED_EDGE('',*,*,#5875,.F.);
#5875 = EDGE_CURVE('',#5693,#5848,#5876,.T.);
#5876 = SURFACE_CURVE('',#5877,(#5881,#5888),.PCURVE_S1.);
#5877 = LINE('',#5878,#5879);
#5878 = CARTESIAN_POINT('',(-14.91935840681,-34.80447337284,15.));
#5879 = VECTOR('',#5880,1.);
#5880 = DIRECTION('',(-1.224646799147E-16,0.,1.));
#5881 = PCURVE('',#5783,#5882);
#5882 = DEFINITIONAL_REPRESENTATION('',(#5883),#5887);
#5883 = LINE('',#5884,#5885);
#5884 = CARTESIAN_POINT('',(5.196152422707,5.460868158406E-16));
#5885 = VECTOR('',#5886,1.);
#5886 = DIRECTION('',(0.,1.));
#5887 = ( GEOMETRIC_REPRESENTATION_CONTEXT(2) 
PARAMETRIC_REPRESENTATION_CONTEXT() REPRESENTATION_CONTEXT('2D SPACE',''
  ) );
#5888 = PCURVE('',#5731,#5889);
#5889 = DEFINITIONAL_REPRESENTATION('',(#5890),#5894);
#5890 = LINE('',#5891,#5892);
#5891 = CARTESIAN_POINT('',(-0.,0.));
#5892 = VECTOR('',#5893,1.);
#5893 = DIRECTION('',(0.,1.));
#5894 = ( GEOMETRIC_REPRESENTATION_CONTEXT(2) 
PARAMETRIC_REPRESENTATION_CONTEXT() REPRESENTATION_CONTEXT('2D SPACE',''
  ) );
#5895 = ADVANCED_FACE('',(#5896),#5731,.F.);
#5896 = FACE_BOUND('',#5897,.T.);
#5897 = EDGE_LOOP('',(#5898,#5899,#5900,#5923,#5951));
#5898 = ORIENTED_EDGE('',*,*,#5692,.F.);
#5899 = ORIENTED_EDGE('',*,*,#5875,.T.);
#5900 = ORIENTED_EDGE('',*,*,#5901,.T.);
#5901 = EDGE_CURVE('',#5848,#5902,#5904,.T.);
#5902 = VERTEX_POINT('',#5903);
#5903 = CARTESIAN_POINT('',(-19.45913724855,-37.33239901812,35.));
#5904 = SURFACE_CURVE('',#5905,(#5909,#5916),.PCURVE_S1.);
#5905 = LINE('',#5906,#5907);
#5906 = CARTESIAN_POINT('',(-19.45913724855,-37.33239901812,35.));
#5907 = VECTOR('',#5908,1.);
#5908 = DIRECTION('',(-0.873680845448,-0.486499517263,
    -1.069950450854E-16));
#5909 = PCURVE('',#5731,#5910);
#5910 = DEFINITIONAL_REPRESENTATION('',(#5911),#5915);
#5911 = LINE('',#5912,#5913);
#5912 = CARTESIAN_POINT('',(5.196152422706,20.));
#5913 = VECTOR('',#5914,1.);
#5914 = DIRECTION('',(1.,0.));
#5915 = ( GEOMETRIC_REPRESENTATION_CONTEXT(2) 
PARAMETRIC_REPRESENTATION_CONTEXT() REPRESENTATION_CONTEXT('2D SPACE',''
  ) );
#5916 = PCURVE('',#5863,#5917);
#5917 = DEFINITIONAL_REPRESENTATION('',(#5918),#5922);
#5918 = LINE('',#5919,#5920);
#5919 = CARTESIAN_POINT('',(-4.459137248558,2.667600981879));
#5920 = VECTOR('',#5921,1.);
#5921 = DIRECTION('',(-0.873680845448,-0.486499517263));
#5922 = ( GEOMETRIC_REPRESENTATION_CONTEXT(2) 
PARAMETRIC_REPRESENTATION_CONTEXT() REPRESENTATION_CONTEXT('2D SPACE',''
  ) );
#5923 = ORIENTED_EDGE('',*,*,#5924,.F.);
#5924 = EDGE_CURVE('',#5925,#5902,#5927,.T.);
#5925 = VERTEX_POINT('',#5926);
#5926 = CARTESIAN_POINT('',(-19.45913724855,-37.33239901812,15.));
#5927 = SURFACE_CURVE('',#5928,(#5932,#5939),.PCURVE_S1.);
#5928 = LINE('',#5929,#5930);
#5929 = CARTESIAN_POINT('',(-19.45913724855,-37.33239901812,15.));
#5930 = VECTOR('',#5931,1.);
#5931 = DIRECTION('',(-1.224646799147E-16,0.,1.));
#5932 = PCURVE('',#5731,#5933);
#5933 = DEFINITIONAL_REPRESENTATION('',(#5934),#5938);
#5934 = LINE('',#5935,#5936);
#5935 = CARTESIAN_POINT('',(5.196152422706,5.559625627381E-16));
#5936 = VECTOR('',#5937,1.);
#5937 = DIRECTION('',(0.,1.));
#5938 = ( GEOMETRIC_REPRESENTATION_CONTEXT(2) 
PARAMETRIC_REPRESENTATION_CONTEXT() REPRESENTATION_CONTEXT('2D SPACE',''
  ) );
#5939 = PCURVE('',#5940,#5945);
#5940 = PLANE('',#5941);
#5941 = AXIS2_PLACEMENT_3D('',#5942,#5943,#5944);
#5942 = CARTESIAN_POINT('',(-19.45913724855,-37.33239901812,15.));
#5943 = DIRECTION('',(-0.999879565589,1.5519481845E-02,
    -1.224499309532E-16));
#5944 = DIRECTION('',(-1.5519481845E-02,-0.999879565589,
    -1.900588376591E-18));
#5945 = DEFINITIONAL_REPRESENTATION('',(#5946),#5950);
#5946 = LINE('',#5947,#5948);
#5947 = CARTESIAN_POINT('',(-0.,0.));
#5948 = VECTOR('',#5949,1.);
#5949 = DIRECTION('',(0.,1.));
#5950 = ( GEOMETRIC_REPRESENTATION_CONTEXT(2) 
PARAMETRIC_REPRESENTATION_CONTEXT() REPRESENTATION_CONTEXT('2D SPACE',''
  ) );
#5951 = ORIENTED_EDGE('',*,*,#5952,.F.);
#5952 = EDGE_CURVE('',#5642,#5925,#5953,.T.);
#5953 = SURFACE_CURVE('',#5954,(#5958,#5965),.PCURVE_S1.);
#5954 = LINE('',#5955,#5956);
#5955 = CARTESIAN_POINT('',(-1.828510278427,-27.51497935657,15.));
#5956 = VECTOR('',#5957,1.);
#5957 = DIRECTION('',(-0.873680845448,-0.486499517263,
    -1.069950450854E-16));
#5958 = PCURVE('',#5731,#5959);
#5959 = DEFINITIONAL_REPRESENTATION('',(#5960),#5964);
#5960 = LINE('',#5961,#5962);
#5961 = CARTESIAN_POINT('',(-14.98355858045,-1.603166525855E-15));
#5962 = VECTOR('',#5963,1.);
#5963 = DIRECTION('',(1.,0.));
#5964 = ( GEOMETRIC_REPRESENTATION_CONTEXT(2) 
PARAMETRIC_REPRESENTATION_CONTEXT() REPRESENTATION_CONTEXT('2D SPACE',''
  ) );
#5965 = PCURVE('',#913,#5966);
#5966 = DEFINITIONAL_REPRESENTATION('',(#5967),#5971);
#5967 = LINE('',#5968,#5969);
#5968 = CARTESIAN_POINT('',(1.828510278427,-27.51497935657));
#5969 = VECTOR('',#5970,1.);
#5970 = DIRECTION('',(0.873680845448,-0.486499517263));
#5971 = ( GEOMETRIC_REPRESENTATION_CONTEXT(2) 
PARAMETRIC_REPRESENTATION_CONTEXT() REPRESENTATION_CONTEXT('2D SPACE',''
  ) );
#5972 = ADVANCED_FACE('',(#5973),#2305,.F.);
#5973 = FACE_BOUND('',#5974,.T.);
#5974 = EDGE_LOOP('',(#5975,#5976,#5977,#6000,#6021));
#5975 = ORIENTED_EDGE('',*,*,#5796,.F.);
#5976 = ORIENTED_EDGE('',*,*,#2289,.F.);
#5977 = ORIENTED_EDGE('',*,*,#5978,.T.);
#5978 = EDGE_CURVE('',#2290,#5979,#5981,.T.);
#5979 = VERTEX_POINT('',#5980);
#5980 = CARTESIAN_POINT('',(-10.54086275144,-42.66760098187,35.));
#5981 = SURFACE_CURVE('',#5982,(#5986,#5993),.PCURVE_S1.);
#5982 = LINE('',#5983,#5984);
#5983 = CARTESIAN_POINT('',(-10.54086275144,-42.66760098187,15.));
#5984 = VECTOR('',#5985,1.);
#5985 = DIRECTION('',(-1.224646799147E-16,0.,1.));
#5986 = PCURVE('',#2305,#5987);
#5987 = DEFINITIONAL_REPRESENTATION('',(#5988),#5992);
#5988 = LINE('',#5989,#5990);
#5989 = CARTESIAN_POINT('',(0.,0.));
#5990 = VECTOR('',#5991,1.);
#5991 = DIRECTION('',(0.,1.));
#5992 = ( GEOMETRIC_REPRESENTATION_CONTEXT(2) 
PARAMETRIC_REPRESENTATION_CONTEXT() REPRESENTATION_CONTEXT('2D SPACE',''
  ) );
#5993 = PCURVE('',#2357,#5994);
#5994 = DEFINITIONAL_REPRESENTATION('',(#5995),#5999);
#5995 = LINE('',#5996,#5997);
#5996 = CARTESIAN_POINT('',(5.196152422707,-5.559625627382E-16));
#5997 = VECTOR('',#5998,1.);
#5998 = DIRECTION('',(0.,1.));
#5999 = ( GEOMETRIC_REPRESENTATION_CONTEXT(2) 
PARAMETRIC_REPRESENTATION_CONTEXT() REPRESENTATION_CONTEXT('2D SPACE',''
  ) );
#6000 = ORIENTED_EDGE('',*,*,#6001,.T.);
#6001 = EDGE_CURVE('',#5979,#5825,#6002,.T.);
#6002 = SURFACE_CURVE('',#6003,(#6007,#6014),.PCURVE_S1.);
#6003 = LINE('',#6004,#6005);
#6004 = CARTESIAN_POINT('',(-10.46022115825,-37.47207435472,35.));
#6005 = VECTOR('',#6006,1.);
#6006 = DIRECTION('',(1.5519481845E-02,0.999879565589,1.900588376591E-18
    ));
#6007 = PCURVE('',#2305,#6008);
#6008 = DEFINITIONAL_REPRESENTATION('',(#6009),#6013);
#6009 = LINE('',#6010,#6011);
#6010 = CARTESIAN_POINT('',(5.196152422707,20.));
#6011 = VECTOR('',#6012,1.);
#6012 = DIRECTION('',(1.,3.851859888774E-34));
#6013 = ( GEOMETRIC_REPRESENTATION_CONTEXT(2) 
PARAMETRIC_REPRESENTATION_CONTEXT() REPRESENTATION_CONTEXT('2D SPACE',''
  ) );
#6014 = PCURVE('',#5863,#6015);
#6015 = DEFINITIONAL_REPRESENTATION('',(#6016),#6020);
#6016 = LINE('',#6017,#6018);
#6017 = CARTESIAN_POINT('',(4.539778841747,2.527925645274));
#6018 = VECTOR('',#6019,1.);
#6019 = DIRECTION('',(1.5519481845E-02,0.999879565589));
#6020 = ( GEOMETRIC_REPRESENTATION_CONTEXT(2) 
PARAMETRIC_REPRESENTATION_CONTEXT() REPRESENTATION_CONTEXT('2D SPACE',''
  ) );
#6021 = ORIENTED_EDGE('',*,*,#5824,.F.);
#6022 = ADVANCED_FACE('',(#6023),#2357,.F.);
#6023 = FACE_BOUND('',#6024,.T.);
#6024 = EDGE_LOOP('',(#6025,#6026,#6049,#6077,#6098));
#6025 = ORIENTED_EDGE('',*,*,#2318,.F.);
#6026 = ORIENTED_EDGE('',*,*,#6027,.F.);
#6027 = EDGE_CURVE('',#6028,#2319,#6030,.T.);
#6028 = VERTEX_POINT('',#6029);
#6029 = CARTESIAN_POINT('',(-15.08064159318,-45.19552662715,15.));
#6030 = SURFACE_CURVE('',#6031,(#6035,#6042),.PCURVE_S1.);
#6031 = LINE('',#6032,#6033);
#6032 = CARTESIAN_POINT('',(0.28009595607,-36.64206978823,15.));
#6033 = VECTOR('',#6034,1.);
#6034 = DIRECTION('',(0.873680845448,0.486499517263,1.069950450854E-16)
  );
#6035 = PCURVE('',#2357,#6036);
#6036 = DEFINITIONAL_REPRESENTATION('',(#6037),#6041);
#6037 = LINE('',#6038,#6039);
#6038 = CARTESIAN_POINT('',(17.581634791803,-1.881147807224E-15));
#6039 = VECTOR('',#6040,1.);
#6040 = DIRECTION('',(1.,0.));
#6041 = ( GEOMETRIC_REPRESENTATION_CONTEXT(2) 
PARAMETRIC_REPRESENTATION_CONTEXT() REPRESENTATION_CONTEXT('2D SPACE',''
  ) );
#6042 = PCURVE('',#913,#6043);
#6043 = DEFINITIONAL_REPRESENTATION('',(#6044),#6048);
#6044 = LINE('',#6045,#6046);
#6045 = CARTESIAN_POINT('',(-0.28009595607,-36.64206978823));
#6046 = VECTOR('',#6047,1.);
#6047 = DIRECTION('',(-0.873680845448,0.486499517263));
#6048 = ( GEOMETRIC_REPRESENTATION_CONTEXT(2) 
PARAMETRIC_REPRESENTATION_CONTEXT() REPRESENTATION_CONTEXT('2D SPACE',''
  ) );
#6049 = ORIENTED_EDGE('',*,*,#6050,.T.);
#6050 = EDGE_CURVE('',#6028,#6051,#6053,.T.);
#6051 = VERTEX_POINT('',#6052);
#6052 = CARTESIAN_POINT('',(-15.08064159318,-45.19552662715,35.));
#6053 = SURFACE_CURVE('',#6054,(#6058,#6065),.PCURVE_S1.);
#6054 = LINE('',#6055,#6056);
#6055 = CARTESIAN_POINT('',(-15.08064159318,-45.19552662715,15.));
#6056 = VECTOR('',#6057,1.);
#6057 = DIRECTION('',(-1.224646799147E-16,0.,1.));
#6058 = PCURVE('',#2357,#6059);
#6059 = DEFINITIONAL_REPRESENTATION('',(#6060),#6064);
#6060 = LINE('',#6061,#6062);
#6061 = CARTESIAN_POINT('',(0.,0.));
#6062 = VECTOR('',#6063,1.);
#6063 = DIRECTION('',(0.,1.));
#6064 = ( GEOMETRIC_REPRESENTATION_CONTEXT(2) 
PARAMETRIC_REPRESENTATION_CONTEXT() REPRESENTATION_CONTEXT('2D SPACE',''
  ) );
#6065 = PCURVE('',#6066,#6071);
#6066 = PLANE('',#6067);
#6067 = AXIS2_PLACEMENT_3D('',#6068,#6069,#6070);
#6068 = CARTESIAN_POINT('',(-19.53977884174,-42.52792564527,15.));
#6069 = DIRECTION('',(-0.513380048326,-0.858161363603,
    -6.287092329286E-17));
#6070 = DIRECTION('',(0.858161363603,-0.513380048326,1.050944567088E-16)
  );
#6071 = DEFINITIONAL_REPRESENTATION('',(#6072),#6076);
#6072 = LINE('',#6073,#6074);
#6073 = CARTESIAN_POINT('',(5.196152422706,-5.460868158405E-16));
#6074 = VECTOR('',#6075,1.);
#6075 = DIRECTION('',(0.,1.));
#6076 = ( GEOMETRIC_REPRESENTATION_CONTEXT(2) 
PARAMETRIC_REPRESENTATION_CONTEXT() REPRESENTATION_CONTEXT('2D SPACE',''
  ) );
#6077 = ORIENTED_EDGE('',*,*,#6078,.T.);
#6078 = EDGE_CURVE('',#6051,#5979,#6079,.T.);
#6079 = SURFACE_CURVE('',#6080,(#6084,#6091),.PCURVE_S1.);
#6080 = LINE('',#6081,#6082);
#6081 = CARTESIAN_POINT('',(-10.54086275144,-42.66760098187,35.));
#6082 = VECTOR('',#6083,1.);
#6083 = DIRECTION('',(0.873680845448,0.486499517263,1.069950450854E-16)
  );
#6084 = PCURVE('',#2357,#6085);
#6085 = DEFINITIONAL_REPRESENTATION('',(#6086),#6090);
#6086 = LINE('',#6087,#6088);
#6087 = CARTESIAN_POINT('',(5.196152422707,20.));
#6088 = VECTOR('',#6089,1.);
#6089 = DIRECTION('',(1.,0.));
#6090 = ( GEOMETRIC_REPRESENTATION_CONTEXT(2) 
PARAMETRIC_REPRESENTATION_CONTEXT() REPRESENTATION_CONTEXT('2D SPACE',''
  ) );
#6091 = PCURVE('',#5863,#6092);
#6092 = DEFINITIONAL_REPRESENTATION('',(#6093),#6097);
#6093 = LINE('',#6094,#6095);
#6094 = CARTESIAN_POINT('',(4.459137248559,-2.667600981879));
#6095 = VECTOR('',#6096,1.);
#6096 = DIRECTION('',(0.873680845448,0.486499517263));
#6097 = ( GEOMETRIC_REPRESENTATION_CONTEXT(2) 
PARAMETRIC_REPRESENTATION_CONTEXT() REPRESENTATION_CONTEXT('2D SPACE',''
  ) );
#6098 = ORIENTED_EDGE('',*,*,#5978,.F.);
#6099 = ADVANCED_FACE('',(#6100),#6066,.F.);
#6100 = FACE_BOUND('',#6101,.T.);
#6101 = EDGE_LOOP('',(#6102,#6125,#6148,#6169));
#6102 = ORIENTED_EDGE('',*,*,#6103,.F.);
#6103 = EDGE_CURVE('',#6104,#6028,#6106,.T.);
#6104 = VERTEX_POINT('',#6105);
#6105 = CARTESIAN_POINT('',(-19.53977884174,-42.52792564527,15.));
#6106 = SURFACE_CURVE('',#6107,(#6111,#6118),.PCURVE_S1.);
#6107 = LINE('',#6108,#6109);
#6108 = CARTESIAN_POINT('',(-21.71294603111,-41.22786632774,15.));
#6109 = VECTOR('',#6110,1.);
#6110 = DIRECTION('',(0.858161363603,-0.513380048326,1.050944567088E-16)
  );
#6111 = PCURVE('',#6066,#6112);
#6112 = DEFINITIONAL_REPRESENTATION('',(#6113),#6117);
#6113 = LINE('',#6114,#6115);
#6114 = CARTESIAN_POINT('',(-2.532352633823,2.661362242468E-16));
#6115 = VECTOR('',#6116,1.);
#6116 = DIRECTION('',(1.,0.));
#6117 = ( GEOMETRIC_REPRESENTATION_CONTEXT(2) 
PARAMETRIC_REPRESENTATION_CONTEXT() REPRESENTATION_CONTEXT('2D SPACE',''
  ) );
#6118 = PCURVE('',#913,#6119);
#6119 = DEFINITIONAL_REPRESENTATION('',(#6120),#6124);
#6120 = LINE('',#6121,#6122);
#6121 = CARTESIAN_POINT('',(21.712946031111,-41.22786632774));
#6122 = VECTOR('',#6123,1.);
#6123 = DIRECTION('',(-0.858161363603,-0.513380048326));
#6124 = ( GEOMETRIC_REPRESENTATION_CONTEXT(2) 
PARAMETRIC_REPRESENTATION_CONTEXT() REPRESENTATION_CONTEXT('2D SPACE',''
  ) );
#6125 = ORIENTED_EDGE('',*,*,#6126,.T.);
#6126 = EDGE_CURVE('',#6104,#6127,#6129,.T.);
#6127 = VERTEX_POINT('',#6128);
#6128 = CARTESIAN_POINT('',(-19.53977884174,-42.52792564527,35.));
#6129 = SURFACE_CURVE('',#6130,(#6134,#6141),.PCURVE_S1.);
#6130 = LINE('',#6131,#6132);
#6131 = CARTESIAN_POINT('',(-19.53977884174,-42.52792564527,15.));
#6132 = VECTOR('',#6133,1.);
#6133 = DIRECTION('',(-1.224646799147E-16,0.,1.));
#6134 = PCURVE('',#6066,#6135);
#6135 = DEFINITIONAL_REPRESENTATION('',(#6136),#6140);
#6136 = LINE('',#6137,#6138);
#6137 = CARTESIAN_POINT('',(0.,0.));
#6138 = VECTOR('',#6139,1.);
#6139 = DIRECTION('',(0.,1.));
#6140 = ( GEOMETRIC_REPRESENTATION_CONTEXT(2) 
PARAMETRIC_REPRESENTATION_CONTEXT() REPRESENTATION_CONTEXT('2D SPACE',''
  ) );
#6141 = PCURVE('',#5940,#6142);
#6142 = DEFINITIONAL_REPRESENTATION('',(#6143),#6147);
#6143 = LINE('',#6144,#6145);
#6144 = CARTESIAN_POINT('',(5.196152422707,9.87574689759E-18));
#6145 = VECTOR('',#6146,1.);
#6146 = DIRECTION('',(0.,1.));
#6147 = ( GEOMETRIC_REPRESENTATION_CONTEXT(2) 
PARAMETRIC_REPRESENTATION_CONTEXT() REPRESENTATION_CONTEXT('2D SPACE',''
  ) );
#6148 = ORIENTED_EDGE('',*,*,#6149,.T.);
#6149 = EDGE_CURVE('',#6127,#6051,#6150,.T.);
#6150 = SURFACE_CURVE('',#6151,(#6155,#6162),.PCURVE_S1.);
#6151 = LINE('',#6152,#6153);
#6152 = CARTESIAN_POINT('',(-15.08064159318,-45.19552662715,35.));
#6153 = VECTOR('',#6154,1.);
#6154 = DIRECTION('',(0.858161363603,-0.513380048326,1.050944567088E-16)
  );
#6155 = PCURVE('',#6066,#6156);
#6156 = DEFINITIONAL_REPRESENTATION('',(#6157),#6161);
#6157 = LINE('',#6158,#6159);
#6158 = CARTESIAN_POINT('',(5.196152422706,20.));
#6159 = VECTOR('',#6160,1.);
#6160 = DIRECTION('',(1.,0.));
#6161 = ( GEOMETRIC_REPRESENTATION_CONTEXT(2) 
PARAMETRIC_REPRESENTATION_CONTEXT() REPRESENTATION_CONTEXT('2D SPACE',''
  ) );
#6162 = PCURVE('',#5863,#6163);
#6163 = DEFINITIONAL_REPRESENTATION('',(#6164),#6168);
#6164 = LINE('',#6165,#6166);
#6165 = CARTESIAN_POINT('',(-8.064159318801E-02,-5.195526627152));
#6166 = VECTOR('',#6167,1.);
#6167 = DIRECTION('',(0.858161363603,-0.513380048326));
#6168 = ( GEOMETRIC_REPRESENTATION_CONTEXT(2) 
PARAMETRIC_REPRESENTATION_CONTEXT() REPRESENTATION_CONTEXT('2D SPACE',''
  ) );
#6169 = ORIENTED_EDGE('',*,*,#6050,.F.);
#6170 = ADVANCED_FACE('',(#6171),#5940,.F.);
#6171 = FACE_BOUND('',#6172,.T.);
#6172 = EDGE_LOOP('',(#6173,#6194,#6195,#6216));
#6173 = ORIENTED_EDGE('',*,*,#6174,.F.);
#6174 = EDGE_CURVE('',#5925,#6104,#6175,.T.);
#6175 = SURFACE_CURVE('',#6176,(#6180,#6187),.PCURVE_S1.);
#6176 = LINE('',#6177,#6178);
#6177 = CARTESIAN_POINT('',(-19.16713898417,-18.5197156655,15.));
#6178 = VECTOR('',#6179,1.);
#6179 = DIRECTION('',(-1.5519481845E-02,-0.999879565589,
    -1.900588376591E-18));
#6180 = PCURVE('',#5940,#6181);
#6181 = DEFINITIONAL_REPRESENTATION('',(#6182),#6186);
#6182 = LINE('',#6183,#6184);
#6183 = CARTESIAN_POINT('',(-18.81494931994,-3.575947398364E-17));
#6184 = VECTOR('',#6185,1.);
#6185 = DIRECTION('',(1.,0.));
#6186 = ( GEOMETRIC_REPRESENTATION_CONTEXT(2) 
PARAMETRIC_REPRESENTATION_CONTEXT() REPRESENTATION_CONTEXT('2D SPACE',''
  ) );
#6187 = PCURVE('',#913,#6188);
#6188 = DEFINITIONAL_REPRESENTATION('',(#6189),#6193);
#6189 = LINE('',#6190,#6191);
#6190 = CARTESIAN_POINT('',(19.167138984172,-18.5197156655));
#6191 = VECTOR('',#6192,1.);
#6192 = DIRECTION('',(1.5519481845E-02,-0.999879565589));
#6193 = ( GEOMETRIC_REPRESENTATION_CONTEXT(2) 
PARAMETRIC_REPRESENTATION_CONTEXT() REPRESENTATION_CONTEXT('2D SPACE',''
  ) );
#6194 = ORIENTED_EDGE('',*,*,#5924,.T.);
#6195 = ORIENTED_EDGE('',*,*,#6196,.T.);
#6196 = EDGE_CURVE('',#5902,#6127,#6197,.T.);
#6197 = SURFACE_CURVE('',#6198,(#6202,#6209),.PCURVE_S1.);
#6198 = LINE('',#6199,#6200);
#6199 = CARTESIAN_POINT('',(-19.53977884174,-42.52792564527,35.));
#6200 = VECTOR('',#6201,1.);
#6201 = DIRECTION('',(-1.5519481845E-02,-0.999879565589,
    -1.900588376591E-18));
#6202 = PCURVE('',#5940,#6203);
#6203 = DEFINITIONAL_REPRESENTATION('',(#6204),#6208);
#6204 = LINE('',#6205,#6206);
#6205 = CARTESIAN_POINT('',(5.196152422707,20.));
#6206 = VECTOR('',#6207,1.);
#6207 = DIRECTION('',(1.,0.));
#6208 = ( GEOMETRIC_REPRESENTATION_CONTEXT(2) 
PARAMETRIC_REPRESENTATION_CONTEXT() REPRESENTATION_CONTEXT('2D SPACE',''
  ) );
#6209 = PCURVE('',#5863,#6210);
#6210 = DEFINITIONAL_REPRESENTATION('',(#6211),#6215);
#6211 = LINE('',#6212,#6213);
#6212 = CARTESIAN_POINT('',(-4.539778841746,-2.527925645274));
#6213 = VECTOR('',#6214,1.);
#6214 = DIRECTION('',(-1.5519481845E-02,-0.999879565589));
#6215 = ( GEOMETRIC_REPRESENTATION_CONTEXT(2) 
PARAMETRIC_REPRESENTATION_CONTEXT() REPRESENTATION_CONTEXT('2D SPACE',''
  ) );
#6216 = ORIENTED_EDGE('',*,*,#6126,.F.);
#6217 = ADVANCED_FACE('',(#6218,#6226),#5863,.F.);
#6218 = FACE_BOUND('',#6219,.T.);
#6219 = EDGE_LOOP('',(#6220,#6221,#6222,#6223,#6224,#6225));
#6220 = ORIENTED_EDGE('',*,*,#6196,.F.);
#6221 = ORIENTED_EDGE('',*,*,#5901,.F.);
#6222 = ORIENTED_EDGE('',*,*,#5847,.F.);
#6223 = ORIENTED_EDGE('',*,*,#6001,.F.);
#6224 = ORIENTED_EDGE('',*,*,#6078,.F.);
#6225 = ORIENTED_EDGE('',*,*,#6149,.F.);
#6226 = FACE_BOUND('',#6227,.T.);
#6227 = EDGE_LOOP('',(#6228));
#6228 = ORIENTED_EDGE('',*,*,#6229,.F.);
#6229 = EDGE_CURVE('',#6230,#6230,#6232,.T.);
#6230 = VERTEX_POINT('',#6231);
#6231 = CARTESIAN_POINT('',(-18.,-40.,35.));
#6232 = SURFACE_CURVE('',#6233,(#6238,#6249),.PCURVE_S1.);
#6233 = CIRCLE('',#6234,3.);
#6234 = AXIS2_PLACEMENT_3D('',#6235,#6236,#6237);
#6235 = CARTESIAN_POINT('',(-15.,-40.,35.));
#6236 = DIRECTION('',(1.224646799147E-16,0.,-1.));
#6237 = DIRECTION('',(1.,0.,1.224646799147E-16));
#6238 = PCURVE('',#5863,#6239);
#6239 = DEFINITIONAL_REPRESENTATION('',(#6240),#6248);
#6240 = ( BOUNDED_CURVE() B_SPLINE_CURVE(2,(#6241,#6242,#6243,#6244,
#6245,#6246,#6247),.UNSPECIFIED.,.T.,.F.) B_SPLINE_CURVE_WITH_KNOTS((1,2
    ,2,2,2,1),(-2.094395102393,0.,2.094395102393,4.188790204786,
6.28318530718,8.377580409573),.UNSPECIFIED.) CURVE() 
GEOMETRIC_REPRESENTATION_ITEM() RATIONAL_B_SPLINE_CURVE((1.,0.5,1.,0.5,
1.,0.5,1.)) REPRESENTATION_ITEM('') );
#6241 = CARTESIAN_POINT('',(3.,-9.947598300641E-14));
#6242 = CARTESIAN_POINT('',(3.,-5.196152422707));
#6243 = CARTESIAN_POINT('',(-1.5,-2.598076211353));
#6244 = CARTESIAN_POINT('',(-6.,-1.002107710859E-13));
#6245 = CARTESIAN_POINT('',(-1.5,2.598076211353));
#6246 = CARTESIAN_POINT('',(3.,5.196152422707));
#6247 = CARTESIAN_POINT('',(3.,-9.947598300641E-14));
#6248 = ( GEOMETRIC_REPRESENTATION_CONTEXT(2) 
PARAMETRIC_REPRESENTATION_CONTEXT() REPRESENTATION_CONTEXT('2D SPACE',''
  ) );
#6249 = PCURVE('',#250,#6250);
#6250 = DEFINITIONAL_REPRESENTATION('',(#6251),#6255);
#6251 = LINE('',#6252,#6253);
#6252 = CARTESIAN_POINT('',(-6.28318530718,-5.));
#6253 = VECTOR('',#6254,1.);
#6254 = DIRECTION('',(1.,0.));
#6255 = ( GEOMETRIC_REPRESENTATION_CONTEXT(2) 
PARAMETRIC_REPRESENTATION_CONTEXT() REPRESENTATION_CONTEXT('2D SPACE',''
  ) );
#6256 = ADVANCED_FACE('',(#6257),#2665,.F.);
#6257 = FACE_BOUND('',#6258,.T.);
#6258 = EDGE_LOOP('',(#6259,#6260,#6283,#6311));
#6259 = ORIENTED_EDGE('',*,*,#2626,.F.);
#6260 = ORIENTED_EDGE('',*,*,#6261,.T.);
#6261 = EDGE_CURVE('',#2627,#6262,#6264,.T.);
#6262 = VERTEX_POINT('',#6263);
#6263 = CARTESIAN_POINT('',(114.91935840681,-45.19552662715,35.));
#6264 = SURFACE_CURVE('',#6265,(#6269,#6276),.PCURVE_S1.);
#6265 = LINE('',#6266,#6267);
#6266 = CARTESIAN_POINT('',(114.91935840681,-45.19552662715,15.));
#6267 = VECTOR('',#6268,1.);
#6268 = DIRECTION('',(-1.224646799147E-16,0.,1.));
#6269 = PCURVE('',#2665,#6270);
#6270 = DEFINITIONAL_REPRESENTATION('',(#6271),#6275);
#6271 = LINE('',#6272,#6273);
#6272 = CARTESIAN_POINT('',(0.,0.));
#6273 = VECTOR('',#6274,1.);
#6274 = DIRECTION('',(0.,1.));
#6275 = ( GEOMETRIC_REPRESENTATION_CONTEXT(2) 
PARAMETRIC_REPRESENTATION_CONTEXT() REPRESENTATION_CONTEXT('2D SPACE',''
  ) );
#6276 = PCURVE('',#2717,#6277);
#6277 = DEFINITIONAL_REPRESENTATION('',(#6278),#6282);
#6278 = LINE('',#6279,#6280);
#6279 = CARTESIAN_POINT('',(5.196152422706,-5.460868158405E-16));
#6280 = VECTOR('',#6281,1.);
#6281 = DIRECTION('',(0.,1.));
#6282 = ( GEOMETRIC_REPRESENTATION_CONTEXT(2) 
PARAMETRIC_REPRESENTATION_CONTEXT() REPRESENTATION_CONTEXT('2D SPACE',''
  ) );
#6283 = ORIENTED_EDGE('',*,*,#6284,.T.);
#6284 = EDGE_CURVE('',#6262,#6285,#6287,.T.);
#6285 = VERTEX_POINT('',#6286);
#6286 = CARTESIAN_POINT('',(119.45913724855,-42.66760098187,35.));
#6287 = SURFACE_CURVE('',#6288,(#6292,#6299),.PCURVE_S1.);
#6288 = LINE('',#6289,#6290);
#6289 = CARTESIAN_POINT('',(119.45913724855,-42.66760098187,35.));
#6290 = VECTOR('',#6291,1.);
#6291 = DIRECTION('',(0.873680845448,0.486499517263,1.069950450854E-16)
  );
#6292 = PCURVE('',#2665,#6293);
#6293 = DEFINITIONAL_REPRESENTATION('',(#6294),#6298);
#6294 = LINE('',#6295,#6296);
#6295 = CARTESIAN_POINT('',(5.196152422707,20.));
#6296 = VECTOR('',#6297,1.);
#6297 = DIRECTION('',(1.,0.));
#6298 = ( GEOMETRIC_REPRESENTATION_CONTEXT(2) 
PARAMETRIC_REPRESENTATION_CONTEXT() REPRESENTATION_CONTEXT('2D SPACE',''
  ) );
#6299 = PCURVE('',#6300,#6305);
#6300 = PLANE('',#6301);
#6301 = AXIS2_PLACEMENT_3D('',#6302,#6303,#6304);
#6302 = CARTESIAN_POINT('',(115.,-40.,35.));
#6303 = DIRECTION('',(-1.224646799147E-16,0.,1.));
#6304 = DIRECTION('',(1.,0.,1.224646799147E-16));
#6305 = DEFINITIONAL_REPRESENTATION('',(#6306),#6310);
#6306 = LINE('',#6307,#6308);
#6307 = CARTESIAN_POINT('',(4.459137248559,-2.667600981879));
#6308 = VECTOR('',#6309,1.);
#6309 = DIRECTION('',(0.873680845448,0.486499517263));
#6310 = ( GEOMETRIC_REPRESENTATION_CONTEXT(2) 
PARAMETRIC_REPRESENTATION_CONTEXT() REPRESENTATION_CONTEXT('2D SPACE',''
  ) );
#6311 = ORIENTED_EDGE('',*,*,#6312,.F.);
#6312 = EDGE_CURVE('',#2575,#6285,#6313,.T.);
#6313 = SURFACE_CURVE('',#6314,(#6318,#6325),.PCURVE_S1.);
#6314 = LINE('',#6315,#6316);
#6315 = CARTESIAN_POINT('',(119.45913724855,-42.66760098187,15.));
#6316 = VECTOR('',#6317,1.);
#6317 = DIRECTION('',(-1.224646799147E-16,0.,1.));
#6318 = PCURVE('',#2665,#6319);
#6319 = DEFINITIONAL_REPRESENTATION('',(#6320),#6324);
#6320 = LINE('',#6321,#6322);
#6321 = CARTESIAN_POINT('',(5.196152422707,-5.559625627382E-16));
#6322 = VECTOR('',#6323,1.);
#6323 = DIRECTION('',(0.,1.));
#6324 = ( GEOMETRIC_REPRESENTATION_CONTEXT(2) 
PARAMETRIC_REPRESENTATION_CONTEXT() REPRESENTATION_CONTEXT('2D SPACE',''
  ) );
#6325 = PCURVE('',#2613,#6326);
#6326 = DEFINITIONAL_REPRESENTATION('',(#6327),#6331);
#6327 = LINE('',#6328,#6329);
#6328 = CARTESIAN_POINT('',(0.,0.));
#6329 = VECTOR('',#6330,1.);
#6330 = DIRECTION('',(0.,1.));
#6331 = ( GEOMETRIC_REPRESENTATION_CONTEXT(2) 
PARAMETRIC_REPRESENTATION_CONTEXT() REPRESENTATION_CONTEXT('2D SPACE',''
  ) );
#6332 = ADVANCED_FACE('',(#6333),#2613,.F.);
#6333 = FACE_BOUND('',#6334,.T.);
#6334 = EDGE_LOOP('',(#6335,#6336,#6337,#6360));
#6335 = ORIENTED_EDGE('',*,*,#2574,.F.);
#6336 = ORIENTED_EDGE('',*,*,#6312,.T.);
#6337 = ORIENTED_EDGE('',*,*,#6338,.T.);
#6338 = EDGE_CURVE('',#6285,#6339,#6341,.T.);
#6339 = VERTEX_POINT('',#6340);
#6340 = CARTESIAN_POINT('',(119.53977884174,-37.47207435472,35.));
#6341 = SURFACE_CURVE('',#6342,(#6346,#6353),.PCURVE_S1.);
#6342 = LINE('',#6343,#6344);
#6343 = CARTESIAN_POINT('',(119.53977884174,-37.47207435472,35.));
#6344 = VECTOR('',#6345,1.);
#6345 = DIRECTION('',(1.5519481845E-02,0.999879565589,1.900588376591E-18
    ));
#6346 = PCURVE('',#2613,#6347);
#6347 = DEFINITIONAL_REPRESENTATION('',(#6348),#6352);
#6348 = LINE('',#6349,#6350);
#6349 = CARTESIAN_POINT('',(5.196152422707,20.));
#6350 = VECTOR('',#6351,1.);
#6351 = DIRECTION('',(1.,3.851859888774E-34));
#6352 = ( GEOMETRIC_REPRESENTATION_CONTEXT(2) 
PARAMETRIC_REPRESENTATION_CONTEXT() REPRESENTATION_CONTEXT('2D SPACE',''
  ) );
#6353 = PCURVE('',#6300,#6354);
#6354 = DEFINITIONAL_REPRESENTATION('',(#6355),#6359);
#6355 = LINE('',#6356,#6357);
#6356 = CARTESIAN_POINT('',(4.539778841747,2.527925645274));
#6357 = VECTOR('',#6358,1.);
#6358 = DIRECTION('',(1.5519481845E-02,0.999879565589));
#6359 = ( GEOMETRIC_REPRESENTATION_CONTEXT(2) 
PARAMETRIC_REPRESENTATION_CONTEXT() REPRESENTATION_CONTEXT('2D SPACE',''
  ) );
#6360 = ORIENTED_EDGE('',*,*,#6361,.F.);
#6361 = EDGE_CURVE('',#2521,#6339,#6362,.T.);
#6362 = SURFACE_CURVE('',#6363,(#6367,#6374),.PCURVE_S1.);
#6363 = LINE('',#6364,#6365);
#6364 = CARTESIAN_POINT('',(119.53977884174,-37.47207435472,15.));
#6365 = VECTOR('',#6366,1.);
#6366 = DIRECTION('',(-1.224646799147E-16,0.,1.));
#6367 = PCURVE('',#2613,#6368);
#6368 = DEFINITIONAL_REPRESENTATION('',(#6369),#6373);
#6369 = LINE('',#6370,#6371);
#6370 = CARTESIAN_POINT('',(5.196152422707,-9.87574689759E-18));
#6371 = VECTOR('',#6372,1.);
#6372 = DIRECTION('',(0.,1.));
#6373 = ( GEOMETRIC_REPRESENTATION_CONTEXT(2) 
PARAMETRIC_REPRESENTATION_CONTEXT() REPRESENTATION_CONTEXT('2D SPACE',''
  ) );
#6374 = PCURVE('',#2561,#6375);
#6375 = DEFINITIONAL_REPRESENTATION('',(#6376),#6380);
#6376 = LINE('',#6377,#6378);
#6377 = CARTESIAN_POINT('',(0.,0.));
#6378 = VECTOR('',#6379,1.);
#6379 = DIRECTION('',(0.,1.));
#6380 = ( GEOMETRIC_REPRESENTATION_CONTEXT(2) 
PARAMETRIC_REPRESENTATION_CONTEXT() REPRESENTATION_CONTEXT('2D SPACE',''
  ) );
#6381 = ADVANCED_FACE('',(#6382),#2561,.F.);
#6382 = FACE_BOUND('',#6383,.T.);
#6383 = EDGE_LOOP('',(#6384,#6385,#6386,#6409));
#6384 = ORIENTED_EDGE('',*,*,#2520,.F.);
#6385 = ORIENTED_EDGE('',*,*,#6361,.T.);
#6386 = ORIENTED_EDGE('',*,*,#6387,.T.);
#6387 = EDGE_CURVE('',#6339,#6388,#6390,.T.);
#6388 = VERTEX_POINT('',#6389);
#6389 = CARTESIAN_POINT('',(115.08064159318,-34.80447337284,35.));
#6390 = SURFACE_CURVE('',#6391,(#6395,#6402),.PCURVE_S1.);
#6391 = LINE('',#6392,#6393);
#6392 = CARTESIAN_POINT('',(115.08064159318,-34.80447337284,35.));
#6393 = VECTOR('',#6394,1.);
#6394 = DIRECTION('',(-0.858161363603,0.513380048326,-1.050944567088E-16
    ));
#6395 = PCURVE('',#2561,#6396);
#6396 = DEFINITIONAL_REPRESENTATION('',(#6397),#6401);
#6397 = LINE('',#6398,#6399);
#6398 = CARTESIAN_POINT('',(5.196152422707,20.));
#6399 = VECTOR('',#6400,1.);
#6400 = DIRECTION('',(1.,0.));
#6401 = ( GEOMETRIC_REPRESENTATION_CONTEXT(2) 
PARAMETRIC_REPRESENTATION_CONTEXT() REPRESENTATION_CONTEXT('2D SPACE',''
  ) );
#6402 = PCURVE('',#6300,#6403);
#6403 = DEFINITIONAL_REPRESENTATION('',(#6404),#6408);
#6404 = LINE('',#6405,#6406);
#6405 = CARTESIAN_POINT('',(8.064159318803E-02,5.195526627152));
#6406 = VECTOR('',#6407,1.);
#6407 = DIRECTION('',(-0.858161363603,0.513380048326));
#6408 = ( GEOMETRIC_REPRESENTATION_CONTEXT(2) 
PARAMETRIC_REPRESENTATION_CONTEXT() REPRESENTATION_CONTEXT('2D SPACE',''
  ) );
#6409 = ORIENTED_EDGE('',*,*,#6410,.F.);
#6410 = EDGE_CURVE('',#2523,#6388,#6411,.T.);
#6411 = SURFACE_CURVE('',#6412,(#6416,#6423),.PCURVE_S1.);
#6412 = LINE('',#6413,#6414);
#6413 = CARTESIAN_POINT('',(115.08064159318,-34.80447337284,15.));
#6414 = VECTOR('',#6415,1.);
#6415 = DIRECTION('',(-1.224646799147E-16,0.,1.));
#6416 = PCURVE('',#2561,#6417);
#6417 = DEFINITIONAL_REPRESENTATION('',(#6418),#6422);
#6418 = LINE('',#6419,#6420);
#6419 = CARTESIAN_POINT('',(5.196152422707,5.460868158406E-16));
#6420 = VECTOR('',#6421,1.);
#6421 = DIRECTION('',(0.,1.));
#6422 = ( GEOMETRIC_REPRESENTATION_CONTEXT(2) 
PARAMETRIC_REPRESENTATION_CONTEXT() REPRESENTATION_CONTEXT('2D SPACE',''
  ) );
#6423 = PCURVE('',#2819,#6424);
#6424 = DEFINITIONAL_REPRESENTATION('',(#6425),#6429);
#6425 = LINE('',#6426,#6427);
#6426 = CARTESIAN_POINT('',(-0.,0.));
#6427 = VECTOR('',#6428,1.);
#6428 = DIRECTION('',(0.,1.));
#6429 = ( GEOMETRIC_REPRESENTATION_CONTEXT(2) 
PARAMETRIC_REPRESENTATION_CONTEXT() REPRESENTATION_CONTEXT('2D SPACE',''
  ) );
#6430 = ADVANCED_FACE('',(#6431),#2819,.F.);
#6431 = FACE_BOUND('',#6432,.T.);
#6432 = EDGE_LOOP('',(#6433,#6434,#6435,#6458));
#6433 = ORIENTED_EDGE('',*,*,#2782,.F.);
#6434 = ORIENTED_EDGE('',*,*,#6410,.T.);
#6435 = ORIENTED_EDGE('',*,*,#6436,.T.);
#6436 = EDGE_CURVE('',#6388,#6437,#6439,.T.);
#6437 = VERTEX_POINT('',#6438);
#6438 = CARTESIAN_POINT('',(110.54086275144,-37.33239901812,35.));
#6439 = SURFACE_CURVE('',#6440,(#6444,#6451),.PCURVE_S1.);
#6440 = LINE('',#6441,#6442);
#6441 = CARTESIAN_POINT('',(110.54086275144,-37.33239901812,35.));
#6442 = VECTOR('',#6443,1.);
#6443 = DIRECTION('',(-0.873680845448,-0.486499517263,
    -1.069950450854E-16));
#6444 = PCURVE('',#2819,#6445);
#6445 = DEFINITIONAL_REPRESENTATION('',(#6446),#6450);
#6446 = LINE('',#6447,#6448);
#6447 = CARTESIAN_POINT('',(5.196152422706,20.));
#6448 = VECTOR('',#6449,1.);
#6449 = DIRECTION('',(1.,0.));
#6450 = ( GEOMETRIC_REPRESENTATION_CONTEXT(2) 
PARAMETRIC_REPRESENTATION_CONTEXT() REPRESENTATION_CONTEXT('2D SPACE',''
  ) );
#6451 = PCURVE('',#6300,#6452);
#6452 = DEFINITIONAL_REPRESENTATION('',(#6453),#6457);
#6453 = LINE('',#6454,#6455);
#6454 = CARTESIAN_POINT('',(-4.459137248558,2.667600981879));
#6455 = VECTOR('',#6456,1.);
#6456 = DIRECTION('',(-0.873680845448,-0.486499517263));
#6457 = ( GEOMETRIC_REPRESENTATION_CONTEXT(2) 
PARAMETRIC_REPRESENTATION_CONTEXT() REPRESENTATION_CONTEXT('2D SPACE',''
  ) );
#6458 = ORIENTED_EDGE('',*,*,#6459,.F.);
#6459 = EDGE_CURVE('',#2731,#6437,#6460,.T.);
#6460 = SURFACE_CURVE('',#6461,(#6465,#6472),.PCURVE_S1.);
#6461 = LINE('',#6462,#6463);
#6462 = CARTESIAN_POINT('',(110.54086275144,-37.33239901812,15.));
#6463 = VECTOR('',#6464,1.);
#6464 = DIRECTION('',(-1.224646799147E-16,0.,1.));
#6465 = PCURVE('',#2819,#6466);
#6466 = DEFINITIONAL_REPRESENTATION('',(#6467),#6471);
#6467 = LINE('',#6468,#6469);
#6468 = CARTESIAN_POINT('',(5.196152422706,5.559625627381E-16));
#6469 = VECTOR('',#6470,1.);
#6470 = DIRECTION('',(0.,1.));
#6471 = ( GEOMETRIC_REPRESENTATION_CONTEXT(2) 
PARAMETRIC_REPRESENTATION_CONTEXT() REPRESENTATION_CONTEXT('2D SPACE',''
  ) );
#6472 = PCURVE('',#2769,#6473);
#6473 = DEFINITIONAL_REPRESENTATION('',(#6474),#6478);
#6474 = LINE('',#6475,#6476);
#6475 = CARTESIAN_POINT('',(-0.,0.));
#6476 = VECTOR('',#6477,1.);
#6477 = DIRECTION('',(0.,1.));
#6478 = ( GEOMETRIC_REPRESENTATION_CONTEXT(2) 
PARAMETRIC_REPRESENTATION_CONTEXT() REPRESENTATION_CONTEXT('2D SPACE',''
  ) );
#6479 = ADVANCED_FACE('',(#6480),#2717,.F.);
#6480 = FACE_BOUND('',#6481,.T.);
#6481 = EDGE_LOOP('',(#6482,#6483,#6506,#6527));
#6482 = ORIENTED_EDGE('',*,*,#2678,.F.);
#6483 = ORIENTED_EDGE('',*,*,#6484,.T.);
#6484 = EDGE_CURVE('',#2679,#6485,#6487,.T.);
#6485 = VERTEX_POINT('',#6486);
#6486 = CARTESIAN_POINT('',(110.46022115825,-42.52792564527,35.));
#6487 = SURFACE_CURVE('',#6488,(#6492,#6499),.PCURVE_S1.);
#6488 = LINE('',#6489,#6490);
#6489 = CARTESIAN_POINT('',(110.46022115825,-42.52792564527,15.));
#6490 = VECTOR('',#6491,1.);
#6491 = DIRECTION('',(-1.224646799147E-16,0.,1.));
#6492 = PCURVE('',#2717,#6493);
#6493 = DEFINITIONAL_REPRESENTATION('',(#6494),#6498);
#6494 = LINE('',#6495,#6496);
#6495 = CARTESIAN_POINT('',(0.,0.));
#6496 = VECTOR('',#6497,1.);
#6497 = DIRECTION('',(0.,1.));
#6498 = ( GEOMETRIC_REPRESENTATION_CONTEXT(2) 
PARAMETRIC_REPRESENTATION_CONTEXT() REPRESENTATION_CONTEXT('2D SPACE',''
  ) );
#6499 = PCURVE('',#2769,#6500);
#6500 = DEFINITIONAL_REPRESENTATION('',(#6501),#6505);
#6501 = LINE('',#6502,#6503);
#6502 = CARTESIAN_POINT('',(5.196152422707,9.87574689759E-18));
#6503 = VECTOR('',#6504,1.);
#6504 = DIRECTION('',(0.,1.));
#6505 = ( GEOMETRIC_REPRESENTATION_CONTEXT(2) 
PARAMETRIC_REPRESENTATION_CONTEXT() REPRESENTATION_CONTEXT('2D SPACE',''
  ) );
#6506 = ORIENTED_EDGE('',*,*,#6507,.T.);
#6507 = EDGE_CURVE('',#6485,#6262,#6508,.T.);
#6508 = SURFACE_CURVE('',#6509,(#6513,#6520),.PCURVE_S1.);
#6509 = LINE('',#6510,#6511);
#6510 = CARTESIAN_POINT('',(114.91935840681,-45.19552662715,35.));
#6511 = VECTOR('',#6512,1.);
#6512 = DIRECTION('',(0.858161363603,-0.513380048326,1.050944567088E-16)
  );
#6513 = PCURVE('',#2717,#6514);
#6514 = DEFINITIONAL_REPRESENTATION('',(#6515),#6519);
#6515 = LINE('',#6516,#6517);
#6516 = CARTESIAN_POINT('',(5.196152422706,20.));
#6517 = VECTOR('',#6518,1.);
#6518 = DIRECTION('',(1.,0.));
#6519 = ( GEOMETRIC_REPRESENTATION_CONTEXT(2) 
PARAMETRIC_REPRESENTATION_CONTEXT() REPRESENTATION_CONTEXT('2D SPACE',''
  ) );
#6520 = PCURVE('',#6300,#6521);
#6521 = DEFINITIONAL_REPRESENTATION('',(#6522),#6526);
#6522 = LINE('',#6523,#6524);
#6523 = CARTESIAN_POINT('',(-8.064159318798E-02,-5.195526627152));
#6524 = VECTOR('',#6525,1.);
#6525 = DIRECTION('',(0.858161363603,-0.513380048326));
#6526 = ( GEOMETRIC_REPRESENTATION_CONTEXT(2) 
PARAMETRIC_REPRESENTATION_CONTEXT() REPRESENTATION_CONTEXT('2D SPACE',''
  ) );
#6527 = ORIENTED_EDGE('',*,*,#6261,.F.);
#6528 = ADVANCED_FACE('',(#6529),#2769,.F.);
#6529 = FACE_BOUND('',#6530,.T.);
#6530 = EDGE_LOOP('',(#6531,#6532,#6533,#6554));
#6531 = ORIENTED_EDGE('',*,*,#2730,.F.);
#6532 = ORIENTED_EDGE('',*,*,#6459,.T.);
#6533 = ORIENTED_EDGE('',*,*,#6534,.T.);
#6534 = EDGE_CURVE('',#6437,#6485,#6535,.T.);
#6535 = SURFACE_CURVE('',#6536,(#6540,#6547),.PCURVE_S1.);
#6536 = LINE('',#6537,#6538);
#6537 = CARTESIAN_POINT('',(110.46022115825,-42.52792564527,35.));
#6538 = VECTOR('',#6539,1.);
#6539 = DIRECTION('',(-1.5519481845E-02,-0.999879565589,
    -1.900588376591E-18));
#6540 = PCURVE('',#2769,#6541);
#6541 = DEFINITIONAL_REPRESENTATION('',(#6542),#6546);
#6542 = LINE('',#6543,#6544);
#6543 = CARTESIAN_POINT('',(5.196152422707,20.));
#6544 = VECTOR('',#6545,1.);
#6545 = DIRECTION('',(1.,0.));
#6546 = ( GEOMETRIC_REPRESENTATION_CONTEXT(2) 
PARAMETRIC_REPRESENTATION_CONTEXT() REPRESENTATION_CONTEXT('2D SPACE',''
  ) );
#6547 = PCURVE('',#6300,#6548);
#6548 = DEFINITIONAL_REPRESENTATION('',(#6549),#6553);
#6549 = LINE('',#6550,#6551);
#6550 = CARTESIAN_POINT('',(-4.539778841746,-2.527925645274));
#6551 = VECTOR('',#6552,1.);
#6552 = DIRECTION('',(-1.5519481845E-02,-0.999879565589));
#6553 = ( GEOMETRIC_REPRESENTATION_CONTEXT(2) 
PARAMETRIC_REPRESENTATION_CONTEXT() REPRESENTATION_CONTEXT('2D SPACE',''
  ) );
#6554 = ORIENTED_EDGE('',*,*,#6484,.F.);
#6555 = ADVANCED_FACE('',(#6556,#6564),#6300,.F.);
#6556 = FACE_BOUND('',#6557,.T.);
#6557 = EDGE_LOOP('',(#6558,#6559,#6560,#6561,#6562,#6563));
#6558 = ORIENTED_EDGE('',*,*,#6534,.F.);
#6559 = ORIENTED_EDGE('',*,*,#6436,.F.);
#6560 = ORIENTED_EDGE('',*,*,#6387,.F.);
#6561 = ORIENTED_EDGE('',*,*,#6338,.F.);
#6562 = ORIENTED_EDGE('',*,*,#6284,.F.);
#6563 = ORIENTED_EDGE('',*,*,#6507,.F.);
#6564 = FACE_BOUND('',#6565,.T.);
#6565 = EDGE_LOOP('',(#6566));
#6566 = ORIENTED_EDGE('',*,*,#6567,.F.);
#6567 = EDGE_CURVE('',#6568,#6568,#6570,.T.);
#6568 = VERTEX_POINT('',#6569);
#6569 = CARTESIAN_POINT('',(112.,-40.,35.));
#6570 = SURFACE_CURVE('',#6571,(#6576,#6587),.PCURVE_S1.);
#6571 = CIRCLE('',#6572,3.);
#6572 = AXIS2_PLACEMENT_3D('',#6573,#6574,#6575);
#6573 = CARTESIAN_POINT('',(115.,-40.,35.));
#6574 = DIRECTION('',(1.224646799147E-16,0.,-1.));
#6575 = DIRECTION('',(1.,0.,1.224646799147E-16));
#6576 = PCURVE('',#6300,#6577);
#6577 = DEFINITIONAL_REPRESENTATION('',(#6578),#6586);
#6578 = ( BOUNDED_CURVE() B_SPLINE_CURVE(2,(#6579,#6580,#6581,#6582,
#6583,#6584,#6585),.UNSPECIFIED.,.T.,.F.) B_SPLINE_CURVE_WITH_KNOTS((1,2
    ,2,2,2,1),(-2.094395102393,0.,2.094395102393,4.188790204786,
6.28318530718,8.377580409573),.UNSPECIFIED.) CURVE() 
GEOMETRIC_REPRESENTATION_ITEM() RATIONAL_B_SPLINE_CURVE((1.,0.5,1.,0.5,
1.,0.5,1.)) REPRESENTATION_ITEM('') );
#6579 = CARTESIAN_POINT('',(3.,-9.947598300641E-14));
#6580 = CARTESIAN_POINT('',(3.,-5.196152422707));
#6581 = CARTESIAN_POINT('',(-1.5,-2.598076211353));
#6582 = CARTESIAN_POINT('',(-6.,-1.002107710859E-13));
#6583 = CARTESIAN_POINT('',(-1.5,2.598076211353));
#6584 = CARTESIAN_POINT('',(3.,5.196152422707));
#6585 = CARTESIAN_POINT('',(3.,-9.947598300641E-14));
#6586 = ( GEOMETRIC_REPRESENTATION_CONTEXT(2) 
PARAMETRIC_REPRESENTATION_CONTEXT() REPRESENTATION_CONTEXT('2D SPACE',''
  ) );
#6587 = PCURVE('',#488,#6588);
#6588 = DEFINITIONAL_REPRESENTATION('',(#6589),#6593);
#6589 = LINE('',#6590,#6591);
#6590 = CARTESIAN_POINT('',(-6.28318530718,-5.));
#6591 = VECTOR('',#6592,1.);
#6592 = DIRECTION('',(1.,0.));
#6593 = ( GEOMETRIC_REPRESENTATION_CONTEXT(2) 
PARAMETRIC_REPRESENTATION_CONTEXT() REPRESENTATION_CONTEXT('2D SPACE',''
  ) );
#6594 = ADVANCED_FACE('',(#6595),#3002,.F.);
#6595 = FACE_BOUND('',#6596,.T.);
#6596 = EDGE_LOOP('',(#6597,#6598,#6621,#6649,#6670));
#6597 = ORIENTED_EDGE('',*,*,#5367,.F.);
#6598 = ORIENTED_EDGE('',*,*,#6599,.T.);
#6599 = EDGE_CURVE('',#5368,#6600,#6602,.T.);
#6600 = VERTEX_POINT('',#6601);
#6601 = CARTESIAN_POINT('',(-10.54086275144,37.332399018121,35.));
#6602 = SURFACE_CURVE('',#6603,(#6607,#6614),.PCURVE_S1.);
#6603 = LINE('',#6604,#6605);
#6604 = CARTESIAN_POINT('',(-10.54086275144,37.332399018121,15.));
#6605 = VECTOR('',#6606,1.);
#6606 = DIRECTION('',(-1.224646799147E-16,0.,1.));
#6607 = PCURVE('',#3002,#6608);
#6608 = DEFINITIONAL_REPRESENTATION('',(#6609),#6613);
#6609 = LINE('',#6610,#6611);
#6610 = CARTESIAN_POINT('',(0.,0.));
#6611 = VECTOR('',#6612,1.);
#6612 = DIRECTION('',(0.,1.));
#6613 = ( GEOMETRIC_REPRESENTATION_CONTEXT(2) 
PARAMETRIC_REPRESENTATION_CONTEXT() REPRESENTATION_CONTEXT('2D SPACE',''
  ) );
#6614 = PCURVE('',#5430,#6615);
#6615 = DEFINITIONAL_REPRESENTATION('',(#6616),#6620);
#6616 = LINE('',#6617,#6618);
#6617 = CARTESIAN_POINT('',(5.196152422707,-5.559625627382E-16));
#6618 = VECTOR('',#6619,1.);
#6619 = DIRECTION('',(0.,1.));
#6620 = ( GEOMETRIC_REPRESENTATION_CONTEXT(2) 
PARAMETRIC_REPRESENTATION_CONTEXT() REPRESENTATION_CONTEXT('2D SPACE',''
  ) );
#6621 = ORIENTED_EDGE('',*,*,#6622,.T.);
#6622 = EDGE_CURVE('',#6600,#6623,#6625,.T.);
#6623 = VERTEX_POINT('',#6624);
#6624 = CARTESIAN_POINT('',(-10.46022115825,42.527925645274,35.));
#6625 = SURFACE_CURVE('',#6626,(#6630,#6637),.PCURVE_S1.);
#6626 = LINE('',#6627,#6628);
#6627 = CARTESIAN_POINT('',(-10.46022115825,42.527925645274,35.));
#6628 = VECTOR('',#6629,1.);
#6629 = DIRECTION('',(1.5519481845E-02,0.999879565589,1.900588376591E-18
    ));
#6630 = PCURVE('',#3002,#6631);
#6631 = DEFINITIONAL_REPRESENTATION('',(#6632),#6636);
#6632 = LINE('',#6633,#6634);
#6633 = CARTESIAN_POINT('',(5.196152422707,20.));
#6634 = VECTOR('',#6635,1.);
#6635 = DIRECTION('',(1.,3.851859888774E-34));
#6636 = ( GEOMETRIC_REPRESENTATION_CONTEXT(2) 
PARAMETRIC_REPRESENTATION_CONTEXT() REPRESENTATION_CONTEXT('2D SPACE',''
  ) );
#6637 = PCURVE('',#6638,#6643);
#6638 = PLANE('',#6639);
#6639 = AXIS2_PLACEMENT_3D('',#6640,#6641,#6642);
#6640 = CARTESIAN_POINT('',(-15.,40.,35.));
#6641 = DIRECTION('',(-1.224646799147E-16,0.,1.));
#6642 = DIRECTION('',(1.,0.,1.224646799147E-16));
#6643 = DEFINITIONAL_REPRESENTATION('',(#6644),#6648);
#6644 = LINE('',#6645,#6646);
#6645 = CARTESIAN_POINT('',(4.539778841747,2.527925645274));
#6646 = VECTOR('',#6647,1.);
#6647 = DIRECTION('',(1.5519481845E-02,0.999879565589));
#6648 = ( GEOMETRIC_REPRESENTATION_CONTEXT(2) 
PARAMETRIC_REPRESENTATION_CONTEXT() REPRESENTATION_CONTEXT('2D SPACE',''
  ) );
#6649 = ORIENTED_EDGE('',*,*,#6650,.F.);
#6650 = EDGE_CURVE('',#2935,#6623,#6651,.T.);
#6651 = SURFACE_CURVE('',#6652,(#6656,#6663),.PCURVE_S1.);
#6652 = LINE('',#6653,#6654);
#6653 = CARTESIAN_POINT('',(-10.46022115825,42.527925645274,15.));
#6654 = VECTOR('',#6655,1.);
#6655 = DIRECTION('',(-1.224646799147E-16,0.,1.));
#6656 = PCURVE('',#3002,#6657);
#6657 = DEFINITIONAL_REPRESENTATION('',(#6658),#6662);
#6658 = LINE('',#6659,#6660);
#6659 = CARTESIAN_POINT('',(5.196152422707,-9.87574689759E-18));
#6660 = VECTOR('',#6661,1.);
#6661 = DIRECTION('',(0.,1.));
#6662 = ( GEOMETRIC_REPRESENTATION_CONTEXT(2) 
PARAMETRIC_REPRESENTATION_CONTEXT() REPRESENTATION_CONTEXT('2D SPACE',''
  ) );
#6663 = PCURVE('',#2973,#6664);
#6664 = DEFINITIONAL_REPRESENTATION('',(#6665),#6669);
#6665 = LINE('',#6666,#6667);
#6666 = CARTESIAN_POINT('',(0.,0.));
#6667 = VECTOR('',#6668,1.);
#6668 = DIRECTION('',(0.,1.));
#6669 = ( GEOMETRIC_REPRESENTATION_CONTEXT(2) 
PARAMETRIC_REPRESENTATION_CONTEXT() REPRESENTATION_CONTEXT('2D SPACE',''
  ) );
#6670 = ORIENTED_EDGE('',*,*,#2986,.F.);
#6671 = ADVANCED_FACE('',(#6672),#2973,.F.);
#6672 = FACE_BOUND('',#6673,.T.);
#6673 = EDGE_LOOP('',(#6674,#6675,#6676,#6699,#6727));
#6674 = ORIENTED_EDGE('',*,*,#2934,.F.);
#6675 = ORIENTED_EDGE('',*,*,#6650,.T.);
#6676 = ORIENTED_EDGE('',*,*,#6677,.T.);
#6677 = EDGE_CURVE('',#6623,#6678,#6680,.T.);
#6678 = VERTEX_POINT('',#6679);
#6679 = CARTESIAN_POINT('',(-14.91935840681,45.195526627152,35.));
#6680 = SURFACE_CURVE('',#6681,(#6685,#6692),.PCURVE_S1.);
#6681 = LINE('',#6682,#6683);
#6682 = CARTESIAN_POINT('',(-14.91935840681,45.195526627152,35.));
#6683 = VECTOR('',#6684,1.);
#6684 = DIRECTION('',(-0.858161363603,0.513380048326,-1.050944567088E-16
    ));
#6685 = PCURVE('',#2973,#6686);
#6686 = DEFINITIONAL_REPRESENTATION('',(#6687),#6691);
#6687 = LINE('',#6688,#6689);
#6688 = CARTESIAN_POINT('',(5.196152422707,20.));
#6689 = VECTOR('',#6690,1.);
#6690 = DIRECTION('',(1.,0.));
#6691 = ( GEOMETRIC_REPRESENTATION_CONTEXT(2) 
PARAMETRIC_REPRESENTATION_CONTEXT() REPRESENTATION_CONTEXT('2D SPACE',''
  ) );
#6692 = PCURVE('',#6638,#6693);
#6693 = DEFINITIONAL_REPRESENTATION('',(#6694),#6698);
#6694 = LINE('',#6695,#6696);
#6695 = CARTESIAN_POINT('',(8.064159318798E-02,5.195526627152));
#6696 = VECTOR('',#6697,1.);
#6697 = DIRECTION('',(-0.858161363603,0.513380048326));
#6698 = ( GEOMETRIC_REPRESENTATION_CONTEXT(2) 
PARAMETRIC_REPRESENTATION_CONTEXT() REPRESENTATION_CONTEXT('2D SPACE',''
  ) );
#6699 = ORIENTED_EDGE('',*,*,#6700,.F.);
#6700 = EDGE_CURVE('',#6701,#6678,#6703,.T.);
#6701 = VERTEX_POINT('',#6702);
#6702 = CARTESIAN_POINT('',(-14.91935840681,45.195526627152,15.));
#6703 = SURFACE_CURVE('',#6704,(#6708,#6715),.PCURVE_S1.);
#6704 = LINE('',#6705,#6706);
#6705 = CARTESIAN_POINT('',(-14.91935840681,45.195526627152,15.));
#6706 = VECTOR('',#6707,1.);
#6707 = DIRECTION('',(-1.224646799147E-16,0.,1.));
#6708 = PCURVE('',#2973,#6709);
#6709 = DEFINITIONAL_REPRESENTATION('',(#6710),#6714);
#6710 = LINE('',#6711,#6712);
#6711 = CARTESIAN_POINT('',(5.196152422707,5.460868158406E-16));
#6712 = VECTOR('',#6713,1.);
#6713 = DIRECTION('',(0.,1.));
#6714 = ( GEOMETRIC_REPRESENTATION_CONTEXT(2) 
PARAMETRIC_REPRESENTATION_CONTEXT() REPRESENTATION_CONTEXT('2D SPACE',''
  ) );
#6715 = PCURVE('',#6716,#6721);
#6716 = PLANE('',#6717);
#6717 = AXIS2_PLACEMENT_3D('',#6718,#6719,#6720);
#6718 = CARTESIAN_POINT('',(-14.91935840681,45.195526627152,15.));
#6719 = DIRECTION('',(-0.486499517263,0.873680845448,-5.957900766033E-17
    ));
#6720 = DIRECTION('',(-0.873680845448,-0.486499517263,
    -1.069950450854E-16));
#6721 = DEFINITIONAL_REPRESENTATION('',(#6722),#6726);
#6722 = LINE('',#6723,#6724);
#6723 = CARTESIAN_POINT('',(-0.,0.));
#6724 = VECTOR('',#6725,1.);
#6725 = DIRECTION('',(0.,1.));
#6726 = ( GEOMETRIC_REPRESENTATION_CONTEXT(2) 
PARAMETRIC_REPRESENTATION_CONTEXT() REPRESENTATION_CONTEXT('2D SPACE',''
  ) );
#6727 = ORIENTED_EDGE('',*,*,#6728,.F.);
#6728 = EDGE_CURVE('',#2888,#6701,#6729,.T.);
#6729 = SURFACE_CURVE('',#6730,(#6734,#6741),.PCURVE_S1.);
#6730 = LINE('',#6731,#6732);
#6731 = CARTESIAN_POINT('',(2.759559920822,34.619422492973,15.));
#6732 = VECTOR('',#6733,1.);
#6733 = DIRECTION('',(-0.858161363603,0.513380048326,-1.050944567088E-16
    ));
#6734 = PCURVE('',#2973,#6735);
#6735 = DEFINITIONAL_REPRESENTATION('',(#6736),#6740);
#6736 = LINE('',#6737,#6738);
#6737 = CARTESIAN_POINT('',(-15.40477308786,-1.618956258392E-15));
#6738 = VECTOR('',#6739,1.);
#6739 = DIRECTION('',(1.,0.));
#6740 = ( GEOMETRIC_REPRESENTATION_CONTEXT(2) 
PARAMETRIC_REPRESENTATION_CONTEXT() REPRESENTATION_CONTEXT('2D SPACE',''
  ) );
#6741 = PCURVE('',#913,#6742);
#6742 = DEFINITIONAL_REPRESENTATION('',(#6743),#6747);
#6743 = LINE('',#6744,#6745);
#6744 = CARTESIAN_POINT('',(-2.759559920822,34.619422492973));
#6745 = VECTOR('',#6746,1.);
#6746 = DIRECTION('',(0.858161363603,0.513380048326));
#6747 = ( GEOMETRIC_REPRESENTATION_CONTEXT(2) 
PARAMETRIC_REPRESENTATION_CONTEXT() REPRESENTATION_CONTEXT('2D SPACE',''
  ) );
#6748 = ADVANCED_FACE('',(#6749),#5430,.F.);
#6749 = FACE_BOUND('',#6750,.T.);
#6750 = EDGE_LOOP('',(#6751,#6752,#6775,#6796));
#6751 = ORIENTED_EDGE('',*,*,#5391,.F.);
#6752 = ORIENTED_EDGE('',*,*,#6753,.T.);
#6753 = EDGE_CURVE('',#5392,#6754,#6756,.T.);
#6754 = VERTEX_POINT('',#6755);
#6755 = CARTESIAN_POINT('',(-15.08064159318,34.804473372848,35.));
#6756 = SURFACE_CURVE('',#6757,(#6761,#6768),.PCURVE_S1.);
#6757 = LINE('',#6758,#6759);
#6758 = CARTESIAN_POINT('',(-15.08064159318,34.804473372848,15.));
#6759 = VECTOR('',#6760,1.);
#6760 = DIRECTION('',(-1.224646799147E-16,0.,1.));
#6761 = PCURVE('',#5430,#6762);
#6762 = DEFINITIONAL_REPRESENTATION('',(#6763),#6767);
#6763 = LINE('',#6764,#6765);
#6764 = CARTESIAN_POINT('',(0.,0.));
#6765 = VECTOR('',#6766,1.);
#6766 = DIRECTION('',(0.,1.));
#6767 = ( GEOMETRIC_REPRESENTATION_CONTEXT(2) 
PARAMETRIC_REPRESENTATION_CONTEXT() REPRESENTATION_CONTEXT('2D SPACE',''
  ) );
#6768 = PCURVE('',#5482,#6769);
#6769 = DEFINITIONAL_REPRESENTATION('',(#6770),#6774);
#6770 = LINE('',#6771,#6772);
#6771 = CARTESIAN_POINT('',(5.196152422706,-5.460868158405E-16));
#6772 = VECTOR('',#6773,1.);
#6773 = DIRECTION('',(0.,1.));
#6774 = ( GEOMETRIC_REPRESENTATION_CONTEXT(2) 
PARAMETRIC_REPRESENTATION_CONTEXT() REPRESENTATION_CONTEXT('2D SPACE',''
  ) );
#6775 = ORIENTED_EDGE('',*,*,#6776,.T.);
#6776 = EDGE_CURVE('',#6754,#6600,#6777,.T.);
#6777 = SURFACE_CURVE('',#6778,(#6782,#6789),.PCURVE_S1.);
#6778 = LINE('',#6779,#6780);
#6779 = CARTESIAN_POINT('',(-10.54086275144,37.332399018121,35.));
#6780 = VECTOR('',#6781,1.);
#6781 = DIRECTION('',(0.873680845448,0.486499517263,1.069950450854E-16)
  );
#6782 = PCURVE('',#5430,#6783);
#6783 = DEFINITIONAL_REPRESENTATION('',(#6784),#6788);
#6784 = LINE('',#6785,#6786);
#6785 = CARTESIAN_POINT('',(5.196152422707,20.));
#6786 = VECTOR('',#6787,1.);
#6787 = DIRECTION('',(1.,0.));
#6788 = ( GEOMETRIC_REPRESENTATION_CONTEXT(2) 
PARAMETRIC_REPRESENTATION_CONTEXT() REPRESENTATION_CONTEXT('2D SPACE',''
  ) );
#6789 = PCURVE('',#6638,#6790);
#6790 = DEFINITIONAL_REPRESENTATION('',(#6791),#6795);
#6791 = LINE('',#6792,#6793);
#6792 = CARTESIAN_POINT('',(4.459137248559,-2.667600981879));
#6793 = VECTOR('',#6794,1.);
#6794 = DIRECTION('',(0.873680845448,0.486499517263));
#6795 = ( GEOMETRIC_REPRESENTATION_CONTEXT(2) 
PARAMETRIC_REPRESENTATION_CONTEXT() REPRESENTATION_CONTEXT('2D SPACE',''
  ) );
#6796 = ORIENTED_EDGE('',*,*,#6599,.F.);
#6797 = ADVANCED_FACE('',(#6798),#5482,.F.);
#6798 = FACE_BOUND('',#6799,.T.);
#6799 = EDGE_LOOP('',(#6800,#6801,#6824,#6852,#6873));
#6800 = ORIENTED_EDGE('',*,*,#5443,.F.);
#6801 = ORIENTED_EDGE('',*,*,#6802,.F.);
#6802 = EDGE_CURVE('',#6803,#5444,#6805,.T.);
#6803 = VERTEX_POINT('',#6804);
#6804 = CARTESIAN_POINT('',(-19.53977884174,37.472074354726,15.));
#6805 = SURFACE_CURVE('',#6806,(#6810,#6817),.PCURVE_S1.);
#6806 = LINE('',#6807,#6808);
#6807 = CARTESIAN_POINT('',(-4.090429138391,28.229770711487,15.));
#6808 = VECTOR('',#6809,1.);
#6809 = DIRECTION('',(0.858161363603,-0.513380048326,1.050944567088E-16)
  );
#6810 = PCURVE('',#5482,#6811);
#6811 = DEFINITIONAL_REPRESENTATION('',(#6812),#6816);
#6812 = LINE('',#6813,#6814);
#6813 = CARTESIAN_POINT('',(18.002849299219,-1.891999666312E-15));
#6814 = VECTOR('',#6815,1.);
#6815 = DIRECTION('',(1.,0.));
#6816 = ( GEOMETRIC_REPRESENTATION_CONTEXT(2) 
PARAMETRIC_REPRESENTATION_CONTEXT() REPRESENTATION_CONTEXT('2D SPACE',''
  ) );
#6817 = PCURVE('',#913,#6818);
#6818 = DEFINITIONAL_REPRESENTATION('',(#6819),#6823);
#6819 = LINE('',#6820,#6821);
#6820 = CARTESIAN_POINT('',(4.090429138391,28.229770711487));
#6821 = VECTOR('',#6822,1.);
#6822 = DIRECTION('',(-0.858161363603,-0.513380048326));
#6823 = ( GEOMETRIC_REPRESENTATION_CONTEXT(2) 
PARAMETRIC_REPRESENTATION_CONTEXT() REPRESENTATION_CONTEXT('2D SPACE',''
  ) );
#6824 = ORIENTED_EDGE('',*,*,#6825,.T.);
#6825 = EDGE_CURVE('',#6803,#6826,#6828,.T.);
#6826 = VERTEX_POINT('',#6827);
#6827 = CARTESIAN_POINT('',(-19.53977884174,37.472074354726,35.));
#6828 = SURFACE_CURVE('',#6829,(#6833,#6840),.PCURVE_S1.);
#6829 = LINE('',#6830,#6831);
#6830 = CARTESIAN_POINT('',(-19.53977884174,37.472074354726,15.));
#6831 = VECTOR('',#6832,1.);
#6832 = DIRECTION('',(-1.224646799147E-16,0.,1.));
#6833 = PCURVE('',#5482,#6834);
#6834 = DEFINITIONAL_REPRESENTATION('',(#6835),#6839);
#6835 = LINE('',#6836,#6837);
#6836 = CARTESIAN_POINT('',(0.,0.));
#6837 = VECTOR('',#6838,1.);
#6838 = DIRECTION('',(0.,1.));
#6839 = ( GEOMETRIC_REPRESENTATION_CONTEXT(2) 
PARAMETRIC_REPRESENTATION_CONTEXT() REPRESENTATION_CONTEXT('2D SPACE',''
  ) );
#6840 = PCURVE('',#6841,#6846);
#6841 = PLANE('',#6842);
#6842 = AXIS2_PLACEMENT_3D('',#6843,#6844,#6845);
#6843 = CARTESIAN_POINT('',(-19.45913724855,42.667600981879,15.));
#6844 = DIRECTION('',(-0.999879565589,1.5519481845E-02,
    -1.224499309532E-16));
#6845 = DIRECTION('',(-1.5519481845E-02,-0.999879565589,
    -1.900588376591E-18));
#6846 = DEFINITIONAL_REPRESENTATION('',(#6847),#6851);
#6847 = LINE('',#6848,#6849);
#6848 = CARTESIAN_POINT('',(5.196152422707,9.87574689759E-18));
#6849 = VECTOR('',#6850,1.);
#6850 = DIRECTION('',(0.,1.));
#6851 = ( GEOMETRIC_REPRESENTATION_CONTEXT(2) 
PARAMETRIC_REPRESENTATION_CONTEXT() REPRESENTATION_CONTEXT('2D SPACE',''
  ) );
#6852 = ORIENTED_EDGE('',*,*,#6853,.T.);
#6853 = EDGE_CURVE('',#6826,#6754,#6854,.T.);
#6854 = SURFACE_CURVE('',#6855,(#6859,#6866),.PCURVE_S1.);
#6855 = LINE('',#6856,#6857);
#6856 = CARTESIAN_POINT('',(-15.08064159318,34.804473372848,35.));
#6857 = VECTOR('',#6858,1.);
#6858 = DIRECTION('',(0.858161363603,-0.513380048326,1.050944567088E-16)
  );
#6859 = PCURVE('',#5482,#6860);
#6860 = DEFINITIONAL_REPRESENTATION('',(#6861),#6865);
#6861 = LINE('',#6862,#6863);
#6862 = CARTESIAN_POINT('',(5.196152422706,20.));
#6863 = VECTOR('',#6864,1.);
#6864 = DIRECTION('',(1.,0.));
#6865 = ( GEOMETRIC_REPRESENTATION_CONTEXT(2) 
PARAMETRIC_REPRESENTATION_CONTEXT() REPRESENTATION_CONTEXT('2D SPACE',''
  ) );
#6866 = PCURVE('',#6638,#6867);
#6867 = DEFINITIONAL_REPRESENTATION('',(#6868),#6872);
#6868 = LINE('',#6869,#6870);
#6869 = CARTESIAN_POINT('',(-8.064159318801E-02,-5.195526627152));
#6870 = VECTOR('',#6871,1.);
#6871 = DIRECTION('',(0.858161363603,-0.513380048326));
#6872 = ( GEOMETRIC_REPRESENTATION_CONTEXT(2) 
PARAMETRIC_REPRESENTATION_CONTEXT() REPRESENTATION_CONTEXT('2D SPACE',''
  ) );
#6873 = ORIENTED_EDGE('',*,*,#6753,.F.);
#6874 = ADVANCED_FACE('',(#6875),#6841,.F.);
#6875 = FACE_BOUND('',#6876,.T.);
#6876 = EDGE_LOOP('',(#6877,#6900,#6923,#6944));
#6877 = ORIENTED_EDGE('',*,*,#6878,.F.);
#6878 = EDGE_CURVE('',#6879,#6803,#6881,.T.);
#6879 = VERTEX_POINT('',#6880);
#6880 = CARTESIAN_POINT('',(-19.45913724855,42.667600981879,15.));
#6881 = SURFACE_CURVE('',#6882,(#6886,#6893),.PCURVE_S1.);
#6882 = LINE('',#6883,#6884);
#6883 = CARTESIAN_POINT('',(-19.78784349478,21.489918507166,15.));
#6884 = VECTOR('',#6885,1.);
#6885 = DIRECTION('',(-1.5519481845E-02,-0.999879565589,
    -1.900588376591E-18));
#6886 = PCURVE('',#6841,#6887);
#6887 = DEFINITIONAL_REPRESENTATION('',(#6888),#6892);
#6888 = LINE('',#6889,#6890);
#6889 = CARTESIAN_POINT('',(21.180233303627,4.025490523036E-17));
#6890 = VECTOR('',#6891,1.);
#6891 = DIRECTION('',(1.,0.));
#6892 = ( GEOMETRIC_REPRESENTATION_CONTEXT(2) 
PARAMETRIC_REPRESENTATION_CONTEXT() REPRESENTATION_CONTEXT('2D SPACE',''
  ) );
#6893 = PCURVE('',#913,#6894);
#6894 = DEFINITIONAL_REPRESENTATION('',(#6895),#6899);
#6895 = LINE('',#6896,#6897);
#6896 = CARTESIAN_POINT('',(19.787843494787,21.489918507165));
#6897 = VECTOR('',#6898,1.);
#6898 = DIRECTION('',(1.5519481845E-02,-0.999879565589));
#6899 = ( GEOMETRIC_REPRESENTATION_CONTEXT(2) 
PARAMETRIC_REPRESENTATION_CONTEXT() REPRESENTATION_CONTEXT('2D SPACE',''
  ) );
#6900 = ORIENTED_EDGE('',*,*,#6901,.T.);
#6901 = EDGE_CURVE('',#6879,#6902,#6904,.T.);
#6902 = VERTEX_POINT('',#6903);
#6903 = CARTESIAN_POINT('',(-19.45913724855,42.667600981879,35.));
#6904 = SURFACE_CURVE('',#6905,(#6909,#6916),.PCURVE_S1.);
#6905 = LINE('',#6906,#6907);
#6906 = CARTESIAN_POINT('',(-19.45913724855,42.667600981879,15.));
#6907 = VECTOR('',#6908,1.);
#6908 = DIRECTION('',(-1.224646799147E-16,0.,1.));
#6909 = PCURVE('',#6841,#6910);
#6910 = DEFINITIONAL_REPRESENTATION('',(#6911),#6915);
#6911 = LINE('',#6912,#6913);
#6912 = CARTESIAN_POINT('',(-0.,0.));
#6913 = VECTOR('',#6914,1.);
#6914 = DIRECTION('',(0.,1.));
#6915 = ( GEOMETRIC_REPRESENTATION_CONTEXT(2) 
PARAMETRIC_REPRESENTATION_CONTEXT() REPRESENTATION_CONTEXT('2D SPACE',''
  ) );
#6916 = PCURVE('',#6716,#6917);
#6917 = DEFINITIONAL_REPRESENTATION('',(#6918),#6922);
#6918 = LINE('',#6919,#6920);
#6919 = CARTESIAN_POINT('',(5.196152422706,5.559625627381E-16));
#6920 = VECTOR('',#6921,1.);
#6921 = DIRECTION('',(0.,1.));
#6922 = ( GEOMETRIC_REPRESENTATION_CONTEXT(2) 
PARAMETRIC_REPRESENTATION_CONTEXT() REPRESENTATION_CONTEXT('2D SPACE',''
  ) );
#6923 = ORIENTED_EDGE('',*,*,#6924,.T.);
#6924 = EDGE_CURVE('',#6902,#6826,#6925,.T.);
#6925 = SURFACE_CURVE('',#6926,(#6930,#6937),.PCURVE_S1.);
#6926 = LINE('',#6927,#6928);
#6927 = CARTESIAN_POINT('',(-19.53977884174,37.472074354726,35.));
#6928 = VECTOR('',#6929,1.);
#6929 = DIRECTION('',(-1.5519481845E-02,-0.999879565589,
    -1.900588376591E-18));
#6930 = PCURVE('',#6841,#6931);
#6931 = DEFINITIONAL_REPRESENTATION('',(#6932),#6936);
#6932 = LINE('',#6933,#6934);
#6933 = CARTESIAN_POINT('',(5.196152422707,20.));
#6934 = VECTOR('',#6935,1.);
#6935 = DIRECTION('',(1.,0.));
#6936 = ( GEOMETRIC_REPRESENTATION_CONTEXT(2) 
PARAMETRIC_REPRESENTATION_CONTEXT() REPRESENTATION_CONTEXT('2D SPACE',''
  ) );
#6937 = PCURVE('',#6638,#6938);
#6938 = DEFINITIONAL_REPRESENTATION('',(#6939),#6943);
#6939 = LINE('',#6940,#6941);
#6940 = CARTESIAN_POINT('',(-4.539778841746,-2.527925645274));
#6941 = VECTOR('',#6942,1.);
#6942 = DIRECTION('',(-1.5519481845E-02,-0.999879565589));
#6943 = ( GEOMETRIC_REPRESENTATION_CONTEXT(2) 
PARAMETRIC_REPRESENTATION_CONTEXT() REPRESENTATION_CONTEXT('2D SPACE',''
  ) );
#6944 = ORIENTED_EDGE('',*,*,#6825,.F.);
#6945 = ADVANCED_FACE('',(#6946),#6716,.F.);
#6946 = FACE_BOUND('',#6947,.T.);
#6947 = EDGE_LOOP('',(#6948,#6969,#6970,#6991));
#6948 = ORIENTED_EDGE('',*,*,#6949,.F.);
#6949 = EDGE_CURVE('',#6701,#6879,#6950,.T.);
#6950 = SURFACE_CURVE('',#6951,(#6955,#6962),.PCURVE_S1.);
#6951 = LINE('',#6952,#6953);
#6952 = CARTESIAN_POINT('',(-18.83032266053,43.017749431529,15.));
#6953 = VECTOR('',#6954,1.);
#6954 = DIRECTION('',(-0.873680845448,-0.486499517263,
    -1.069950450854E-16));
#6955 = PCURVE('',#6716,#6956);
#6956 = DEFINITIONAL_REPRESENTATION('',(#6957),#6961);
#6957 = LINE('',#6958,#6959);
#6958 = CARTESIAN_POINT('',(4.476422110084,4.789549854898E-16));
#6959 = VECTOR('',#6960,1.);
#6960 = DIRECTION('',(1.,0.));
#6961 = ( GEOMETRIC_REPRESENTATION_CONTEXT(2) 
PARAMETRIC_REPRESENTATION_CONTEXT() REPRESENTATION_CONTEXT('2D SPACE',''
  ) );
#6962 = PCURVE('',#913,#6963);
#6963 = DEFINITIONAL_REPRESENTATION('',(#6964),#6968);
#6964 = LINE('',#6965,#6966);
#6965 = CARTESIAN_POINT('',(18.830322660532,43.017749431529));
#6966 = VECTOR('',#6967,1.);
#6967 = DIRECTION('',(0.873680845448,-0.486499517263));
#6968 = ( GEOMETRIC_REPRESENTATION_CONTEXT(2) 
PARAMETRIC_REPRESENTATION_CONTEXT() REPRESENTATION_CONTEXT('2D SPACE',''
  ) );
#6969 = ORIENTED_EDGE('',*,*,#6700,.T.);
#6970 = ORIENTED_EDGE('',*,*,#6971,.T.);
#6971 = EDGE_CURVE('',#6678,#6902,#6972,.T.);
#6972 = SURFACE_CURVE('',#6973,(#6977,#6984),.PCURVE_S1.);
#6973 = LINE('',#6974,#6975);
#6974 = CARTESIAN_POINT('',(-19.45913724855,42.667600981879,35.));
#6975 = VECTOR('',#6976,1.);
#6976 = DIRECTION('',(-0.873680845448,-0.486499517263,
    -1.069950450854E-16));
#6977 = PCURVE('',#6716,#6978);
#6978 = DEFINITIONAL_REPRESENTATION('',(#6979),#6983);
#6979 = LINE('',#6980,#6981);
#6980 = CARTESIAN_POINT('',(5.196152422706,20.));
#6981 = VECTOR('',#6982,1.);
#6982 = DIRECTION('',(1.,0.));
#6983 = ( GEOMETRIC_REPRESENTATION_CONTEXT(2) 
PARAMETRIC_REPRESENTATION_CONTEXT() REPRESENTATION_CONTEXT('2D SPACE',''
  ) );
#6984 = PCURVE('',#6638,#6985);
#6985 = DEFINITIONAL_REPRESENTATION('',(#6986),#6990);
#6986 = LINE('',#6987,#6988);
#6987 = CARTESIAN_POINT('',(-4.459137248558,2.667600981879));
#6988 = VECTOR('',#6989,1.);
#6989 = DIRECTION('',(-0.873680845448,-0.486499517263));
#6990 = ( GEOMETRIC_REPRESENTATION_CONTEXT(2) 
PARAMETRIC_REPRESENTATION_CONTEXT() REPRESENTATION_CONTEXT('2D SPACE',''
  ) );
#6991 = ORIENTED_EDGE('',*,*,#6901,.F.);
#6992 = ADVANCED_FACE('',(#6993,#7001),#6638,.F.);
#6993 = FACE_BOUND('',#6994,.T.);
#6994 = EDGE_LOOP('',(#6995,#6996,#6997,#6998,#6999,#7000));
#6995 = ORIENTED_EDGE('',*,*,#6677,.F.);
#6996 = ORIENTED_EDGE('',*,*,#6622,.F.);
#6997 = ORIENTED_EDGE('',*,*,#6776,.F.);
#6998 = ORIENTED_EDGE('',*,*,#6853,.F.);
#6999 = ORIENTED_EDGE('',*,*,#6924,.F.);
#7000 = ORIENTED_EDGE('',*,*,#6971,.F.);
#7001 = FACE_BOUND('',#7002,.T.);
#7002 = EDGE_LOOP('',(#7003));
#7003 = ORIENTED_EDGE('',*,*,#7004,.F.);
#7004 = EDGE_CURVE('',#7005,#7005,#7007,.T.);
#7005 = VERTEX_POINT('',#7006);
#7006 = CARTESIAN_POINT('',(-18.,40.,35.));
#7007 = SURFACE_CURVE('',#7008,(#7013,#7024),.PCURVE_S1.);
#7008 = CIRCLE('',#7009,3.);
#7009 = AXIS2_PLACEMENT_3D('',#7010,#7011,#7012);
#7010 = CARTESIAN_POINT('',(-15.,40.,35.));
#7011 = DIRECTION('',(1.224646799147E-16,0.,-1.));
#7012 = DIRECTION('',(1.,0.,1.224646799147E-16));
#7013 = PCURVE('',#6638,#7014);
#7014 = DEFINITIONAL_REPRESENTATION('',(#7015),#7023);
#7015 = ( BOUNDED_CURVE() B_SPLINE_CURVE(2,(#7016,#7017,#7018,#7019,
#7020,#7021,#7022),.UNSPECIFIED.,.T.,.F.) B_SPLINE_CURVE_WITH_KNOTS((1,2
    ,2,2,2,1),(-2.094395102393,0.,2.094395102393,4.188790204786,
6.28318530718,8.377580409573),.UNSPECIFIED.) CURVE() 
GEOMETRIC_REPRESENTATION_ITEM() RATIONAL_B_SPLINE_CURVE((1.,0.5,1.,0.5,
1.,0.5,1.)) REPRESENTATION_ITEM('') );
#7016 = CARTESIAN_POINT('',(3.,-9.947598300641E-14));
#7017 = CARTESIAN_POINT('',(3.,-5.196152422707));
#7018 = CARTESIAN_POINT('',(-1.5,-2.598076211353));
#7019 = CARTESIAN_POINT('',(-6.,-1.002107710859E-13));
#7020 = CARTESIAN_POINT('',(-1.5,2.598076211353));
#7021 = CARTESIAN_POINT('',(3.,5.196152422707));
#7022 = CARTESIAN_POINT('',(3.,-9.947598300641E-14));
#7023 = ( GEOMETRIC_REPRESENTATION_CONTEXT(2) 
PARAMETRIC_REPRESENTATION_CONTEXT() REPRESENTATION_CONTEXT('2D SPACE',''
  ) );
#7024 = PCURVE('',#219,#7025);
#7025 = DEFINITIONAL_REPRESENTATION('',(#7026),#7030);
#7026 = LINE('',#7027,#7028);
#7027 = CARTESIAN_POINT('',(-6.28318530718,-5.));
#7028 = VECTOR('',#7029,1.);
#7029 = DIRECTION('',(1.,0.));
#7030 = ( GEOMETRIC_REPRESENTATION_CONTEXT(2) 
PARAMETRIC_REPRESENTATION_CONTEXT() REPRESENTATION_CONTEXT('2D SPACE',''
  ) );
#7031 = ADVANCED_FACE('',(#7032),#4027,.F.);
#7032 = FACE_BOUND('',#7033,.T.);
#7033 = EDGE_LOOP('',(#7034,#7035,#7058,#7086));
#7034 = ORIENTED_EDGE('',*,*,#3988,.F.);
#7035 = ORIENTED_EDGE('',*,*,#7036,.T.);
#7036 = EDGE_CURVE('',#3989,#7037,#7039,.T.);
#7037 = VERTEX_POINT('',#7038);
#7038 = CARTESIAN_POINT('',(114.91935840681,34.804473372848,35.));
#7039 = SURFACE_CURVE('',#7040,(#7044,#7051),.PCURVE_S1.);
#7040 = LINE('',#7041,#7042);
#7041 = CARTESIAN_POINT('',(114.91935840681,34.804473372848,15.));
#7042 = VECTOR('',#7043,1.);
#7043 = DIRECTION('',(-1.224646799147E-16,0.,1.));
#7044 = PCURVE('',#4027,#7045);
#7045 = DEFINITIONAL_REPRESENTATION('',(#7046),#7050);
#7046 = LINE('',#7047,#7048);
#7047 = CARTESIAN_POINT('',(0.,0.));
#7048 = VECTOR('',#7049,1.);
#7049 = DIRECTION('',(0.,1.));
#7050 = ( GEOMETRIC_REPRESENTATION_CONTEXT(2) 
PARAMETRIC_REPRESENTATION_CONTEXT() REPRESENTATION_CONTEXT('2D SPACE',''
  ) );
#7051 = PCURVE('',#4079,#7052);
#7052 = DEFINITIONAL_REPRESENTATION('',(#7053),#7057);
#7053 = LINE('',#7054,#7055);
#7054 = CARTESIAN_POINT('',(5.196152422706,-5.460868158405E-16));
#7055 = VECTOR('',#7056,1.);
#7056 = DIRECTION('',(0.,1.));
#7057 = ( GEOMETRIC_REPRESENTATION_CONTEXT(2) 
PARAMETRIC_REPRESENTATION_CONTEXT() REPRESENTATION_CONTEXT('2D SPACE',''
  ) );
#7058 = ORIENTED_EDGE('',*,*,#7059,.T.);
#7059 = EDGE_CURVE('',#7037,#7060,#7062,.T.);
#7060 = VERTEX_POINT('',#7061);
#7061 = CARTESIAN_POINT('',(119.45913724855,37.332399018121,35.));
#7062 = SURFACE_CURVE('',#7063,(#7067,#7074),.PCURVE_S1.);
#7063 = LINE('',#7064,#7065);
#7064 = CARTESIAN_POINT('',(119.45913724855,37.332399018121,35.));
#7065 = VECTOR('',#7066,1.);
#7066 = DIRECTION('',(0.873680845448,0.486499517263,1.069950450854E-16)
  );
#7067 = PCURVE('',#4027,#7068);
#7068 = DEFINITIONAL_REPRESENTATION('',(#7069),#7073);
#7069 = LINE('',#7070,#7071);
#7070 = CARTESIAN_POINT('',(5.196152422707,20.));
#7071 = VECTOR('',#7072,1.);
#7072 = DIRECTION('',(1.,0.));
#7073 = ( GEOMETRIC_REPRESENTATION_CONTEXT(2) 
PARAMETRIC_REPRESENTATION_CONTEXT() REPRESENTATION_CONTEXT('2D SPACE',''
  ) );
#7074 = PCURVE('',#7075,#7080);
#7075 = PLANE('',#7076);
#7076 = AXIS2_PLACEMENT_3D('',#7077,#7078,#7079);
#7077 = CARTESIAN_POINT('',(115.,40.,35.));
#7078 = DIRECTION('',(-1.224646799147E-16,0.,1.));
#7079 = DIRECTION('',(1.,0.,1.224646799147E-16));
#7080 = DEFINITIONAL_REPRESENTATION('',(#7081),#7085);
#7081 = LINE('',#7082,#7083);
#7082 = CARTESIAN_POINT('',(4.459137248559,-2.667600981879));
#7083 = VECTOR('',#7084,1.);
#7084 = DIRECTION('',(0.873680845448,0.486499517263));
#7085 = ( GEOMETRIC_REPRESENTATION_CONTEXT(2) 
PARAMETRIC_REPRESENTATION_CONTEXT() REPRESENTATION_CONTEXT('2D SPACE',''
  ) );
#7086 = ORIENTED_EDGE('',*,*,#7087,.F.);
#7087 = EDGE_CURVE('',#3937,#7060,#7088,.T.);
#7088 = SURFACE_CURVE('',#7089,(#7093,#7100),.PCURVE_S1.);
#7089 = LINE('',#7090,#7091);
#7090 = CARTESIAN_POINT('',(119.45913724855,37.332399018121,15.));
#7091 = VECTOR('',#7092,1.);
#7092 = DIRECTION('',(-1.224646799147E-16,0.,1.));
#7093 = PCURVE('',#4027,#7094);
#7094 = DEFINITIONAL_REPRESENTATION('',(#7095),#7099);
#7095 = LINE('',#7096,#7097);
#7096 = CARTESIAN_POINT('',(5.196152422707,-5.559625627382E-16));
#7097 = VECTOR('',#7098,1.);
#7098 = DIRECTION('',(0.,1.));
#7099 = ( GEOMETRIC_REPRESENTATION_CONTEXT(2) 
PARAMETRIC_REPRESENTATION_CONTEXT() REPRESENTATION_CONTEXT('2D SPACE',''
  ) );
#7100 = PCURVE('',#3975,#7101);
#7101 = DEFINITIONAL_REPRESENTATION('',(#7102),#7106);
#7102 = LINE('',#7103,#7104);
#7103 = CARTESIAN_POINT('',(0.,0.));
#7104 = VECTOR('',#7105,1.);
#7105 = DIRECTION('',(0.,1.));
#7106 = ( GEOMETRIC_REPRESENTATION_CONTEXT(2) 
PARAMETRIC_REPRESENTATION_CONTEXT() REPRESENTATION_CONTEXT('2D SPACE',''
  ) );
#7107 = ADVANCED_FACE('',(#7108),#3975,.F.);
#7108 = FACE_BOUND('',#7109,.T.);
#7109 = EDGE_LOOP('',(#7110,#7111,#7112,#7135));
#7110 = ORIENTED_EDGE('',*,*,#3936,.F.);
#7111 = ORIENTED_EDGE('',*,*,#7087,.T.);
#7112 = ORIENTED_EDGE('',*,*,#7113,.T.);
#7113 = EDGE_CURVE('',#7060,#7114,#7116,.T.);
#7114 = VERTEX_POINT('',#7115);
#7115 = CARTESIAN_POINT('',(119.53977884174,42.527925645274,35.));
#7116 = SURFACE_CURVE('',#7117,(#7121,#7128),.PCURVE_S1.);
#7117 = LINE('',#7118,#7119);
#7118 = CARTESIAN_POINT('',(119.53977884174,42.527925645274,35.));
#7119 = VECTOR('',#7120,1.);
#7120 = DIRECTION('',(1.5519481845E-02,0.999879565589,1.900588376591E-18
    ));
#7121 = PCURVE('',#3975,#7122);
#7122 = DEFINITIONAL_REPRESENTATION('',(#7123),#7127);
#7123 = LINE('',#7124,#7125);
#7124 = CARTESIAN_POINT('',(5.196152422707,20.));
#7125 = VECTOR('',#7126,1.);
#7126 = DIRECTION('',(1.,3.851859888774E-34));
#7127 = ( GEOMETRIC_REPRESENTATION_CONTEXT(2) 
PARAMETRIC_REPRESENTATION_CONTEXT() REPRESENTATION_CONTEXT('2D SPACE',''
  ) );
#7128 = PCURVE('',#7075,#7129);
#7129 = DEFINITIONAL_REPRESENTATION('',(#7130),#7134);
#7130 = LINE('',#7131,#7132);
#7131 = CARTESIAN_POINT('',(4.539778841747,2.527925645274));
#7132 = VECTOR('',#7133,1.);
#7133 = DIRECTION('',(1.5519481845E-02,0.999879565589));
#7134 = ( GEOMETRIC_REPRESENTATION_CONTEXT(2) 
PARAMETRIC_REPRESENTATION_CONTEXT() REPRESENTATION_CONTEXT('2D SPACE',''
  ) );
#7135 = ORIENTED_EDGE('',*,*,#7136,.F.);
#7136 = EDGE_CURVE('',#3883,#7114,#7137,.T.);
#7137 = SURFACE_CURVE('',#7138,(#7142,#7149),.PCURVE_S1.);
#7138 = LINE('',#7139,#7140);
#7139 = CARTESIAN_POINT('',(119.53977884174,42.527925645274,15.));
#7140 = VECTOR('',#7141,1.);
#7141 = DIRECTION('',(-1.224646799147E-16,0.,1.));
#7142 = PCURVE('',#3975,#7143);
#7143 = DEFINITIONAL_REPRESENTATION('',(#7144),#7148);
#7144 = LINE('',#7145,#7146);
#7145 = CARTESIAN_POINT('',(5.196152422707,-9.87574689759E-18));
#7146 = VECTOR('',#7147,1.);
#7147 = DIRECTION('',(0.,1.));
#7148 = ( GEOMETRIC_REPRESENTATION_CONTEXT(2) 
PARAMETRIC_REPRESENTATION_CONTEXT() REPRESENTATION_CONTEXT('2D SPACE',''
  ) );
#7149 = PCURVE('',#3923,#7150);
#7150 = DEFINITIONAL_REPRESENTATION('',(#7151),#7155);
#7151 = LINE('',#7152,#7153);
#7152 = CARTESIAN_POINT('',(0.,0.));
#7153 = VECTOR('',#7154,1.);
#7154 = DIRECTION('',(0.,1.));
#7155 = ( GEOMETRIC_REPRESENTATION_CONTEXT(2) 
PARAMETRIC_REPRESENTATION_CONTEXT() REPRESENTATION_CONTEXT('2D SPACE',''
  ) );
#7156 = ADVANCED_FACE('',(#7157),#3923,.F.);
#7157 = FACE_BOUND('',#7158,.T.);
#7158 = EDGE_LOOP('',(#7159,#7160,#7161,#7184));
#7159 = ORIENTED_EDGE('',*,*,#3882,.F.);
#7160 = ORIENTED_EDGE('',*,*,#7136,.T.);
#7161 = ORIENTED_EDGE('',*,*,#7162,.T.);
#7162 = EDGE_CURVE('',#7114,#7163,#7165,.T.);
#7163 = VERTEX_POINT('',#7164);
#7164 = CARTESIAN_POINT('',(115.08064159318,45.195526627152,35.));
#7165 = SURFACE_CURVE('',#7166,(#7170,#7177),.PCURVE_S1.);
#7166 = LINE('',#7167,#7168);
#7167 = CARTESIAN_POINT('',(115.08064159318,45.195526627152,35.));
#7168 = VECTOR('',#7169,1.);
#7169 = DIRECTION('',(-0.858161363603,0.513380048326,-1.050944567088E-16
    ));
#7170 = PCURVE('',#3923,#7171);
#7171 = DEFINITIONAL_REPRESENTATION('',(#7172),#7176);
#7172 = LINE('',#7173,#7174);
#7173 = CARTESIAN_POINT('',(5.196152422707,20.));
#7174 = VECTOR('',#7175,1.);
#7175 = DIRECTION('',(1.,0.));
#7176 = ( GEOMETRIC_REPRESENTATION_CONTEXT(2) 
PARAMETRIC_REPRESENTATION_CONTEXT() REPRESENTATION_CONTEXT('2D SPACE',''
  ) );
#7177 = PCURVE('',#7075,#7178);
#7178 = DEFINITIONAL_REPRESENTATION('',(#7179),#7183);
#7179 = LINE('',#7180,#7181);
#7180 = CARTESIAN_POINT('',(8.064159318803E-02,5.195526627152));
#7181 = VECTOR('',#7182,1.);
#7182 = DIRECTION('',(-0.858161363603,0.513380048326));
#7183 = ( GEOMETRIC_REPRESENTATION_CONTEXT(2) 
PARAMETRIC_REPRESENTATION_CONTEXT() REPRESENTATION_CONTEXT('2D SPACE',''
  ) );
#7184 = ORIENTED_EDGE('',*,*,#7185,.F.);
#7185 = EDGE_CURVE('',#3885,#7163,#7186,.T.);
#7186 = SURFACE_CURVE('',#7187,(#7191,#7198),.PCURVE_S1.);
#7187 = LINE('',#7188,#7189);
#7188 = CARTESIAN_POINT('',(115.08064159318,45.195526627152,15.));
#7189 = VECTOR('',#7190,1.);
#7190 = DIRECTION('',(-1.224646799147E-16,0.,1.));
#7191 = PCURVE('',#3923,#7192);
#7192 = DEFINITIONAL_REPRESENTATION('',(#7193),#7197);
#7193 = LINE('',#7194,#7195);
#7194 = CARTESIAN_POINT('',(5.196152422707,5.460868158406E-16));
#7195 = VECTOR('',#7196,1.);
#7196 = DIRECTION('',(0.,1.));
#7197 = ( GEOMETRIC_REPRESENTATION_CONTEXT(2) 
PARAMETRIC_REPRESENTATION_CONTEXT() REPRESENTATION_CONTEXT('2D SPACE',''
  ) );
#7198 = PCURVE('',#4181,#7199);
#7199 = DEFINITIONAL_REPRESENTATION('',(#7200),#7204);
#7200 = LINE('',#7201,#7202);
#7201 = CARTESIAN_POINT('',(-0.,0.));
#7202 = VECTOR('',#7203,1.);
#7203 = DIRECTION('',(0.,1.));
#7204 = ( GEOMETRIC_REPRESENTATION_CONTEXT(2) 
PARAMETRIC_REPRESENTATION_CONTEXT() REPRESENTATION_CONTEXT('2D SPACE',''
  ) );
#7205 = ADVANCED_FACE('',(#7206),#4181,.F.);
#7206 = FACE_BOUND('',#7207,.T.);
#7207 = EDGE_LOOP('',(#7208,#7209,#7210,#7233));
#7208 = ORIENTED_EDGE('',*,*,#4144,.F.);
#7209 = ORIENTED_EDGE('',*,*,#7185,.T.);
#7210 = ORIENTED_EDGE('',*,*,#7211,.T.);
#7211 = EDGE_CURVE('',#7163,#7212,#7214,.T.);
#7212 = VERTEX_POINT('',#7213);
#7213 = CARTESIAN_POINT('',(110.54086275144,42.667600981879,35.));
#7214 = SURFACE_CURVE('',#7215,(#7219,#7226),.PCURVE_S1.);
#7215 = LINE('',#7216,#7217);
#7216 = CARTESIAN_POINT('',(110.54086275144,42.667600981879,35.));
#7217 = VECTOR('',#7218,1.);
#7218 = DIRECTION('',(-0.873680845448,-0.486499517263,
    -1.069950450854E-16));
#7219 = PCURVE('',#4181,#7220);
#7220 = DEFINITIONAL_REPRESENTATION('',(#7221),#7225);
#7221 = LINE('',#7222,#7223);
#7222 = CARTESIAN_POINT('',(5.196152422706,20.));
#7223 = VECTOR('',#7224,1.);
#7224 = DIRECTION('',(1.,0.));
#7225 = ( GEOMETRIC_REPRESENTATION_CONTEXT(2) 
PARAMETRIC_REPRESENTATION_CONTEXT() REPRESENTATION_CONTEXT('2D SPACE',''
  ) );
#7226 = PCURVE('',#7075,#7227);
#7227 = DEFINITIONAL_REPRESENTATION('',(#7228),#7232);
#7228 = LINE('',#7229,#7230);
#7229 = CARTESIAN_POINT('',(-4.459137248558,2.667600981879));
#7230 = VECTOR('',#7231,1.);
#7231 = DIRECTION('',(-0.873680845448,-0.486499517263));
#7232 = ( GEOMETRIC_REPRESENTATION_CONTEXT(2) 
PARAMETRIC_REPRESENTATION_CONTEXT() REPRESENTATION_CONTEXT('2D SPACE',''
  ) );
#7233 = ORIENTED_EDGE('',*,*,#7234,.F.);
#7234 = EDGE_CURVE('',#4093,#7212,#7235,.T.);
#7235 = SURFACE_CURVE('',#7236,(#7240,#7247),.PCURVE_S1.);
#7236 = LINE('',#7237,#7238);
#7237 = CARTESIAN_POINT('',(110.54086275144,42.667600981879,15.));
#7238 = VECTOR('',#7239,1.);
#7239 = DIRECTION('',(-1.224646799147E-16,0.,1.));
#7240 = PCURVE('',#4181,#7241);
#7241 = DEFINITIONAL_REPRESENTATION('',(#7242),#7246);
#7242 = LINE('',#7243,#7244);
#7243 = CARTESIAN_POINT('',(5.196152422706,5.559625627381E-16));
#7244 = VECTOR('',#7245,1.);
#7245 = DIRECTION('',(0.,1.));
#7246 = ( GEOMETRIC_REPRESENTATION_CONTEXT(2) 
PARAMETRIC_REPRESENTATION_CONTEXT() REPRESENTATION_CONTEXT('2D SPACE',''
  ) );
#7247 = PCURVE('',#4131,#7248);
#7248 = DEFINITIONAL_REPRESENTATION('',(#7249),#7253);
#7249 = LINE('',#7250,#7251);
#7250 = CARTESIAN_POINT('',(-0.,0.));
#7251 = VECTOR('',#7252,1.);
#7252 = DIRECTION('',(0.,1.));
#7253 = ( GEOMETRIC_REPRESENTATION_CONTEXT(2) 
PARAMETRIC_REPRESENTATION_CONTEXT() REPRESENTATION_CONTEXT('2D SPACE',''
  ) );
#7254 = ADVANCED_FACE('',(#7255),#4079,.F.);
#7255 = FACE_BOUND('',#7256,.T.);
#7256 = EDGE_LOOP('',(#7257,#7258,#7281,#7302));
#7257 = ORIENTED_EDGE('',*,*,#4040,.F.);
#7258 = ORIENTED_EDGE('',*,*,#7259,.T.);
#7259 = EDGE_CURVE('',#4041,#7260,#7262,.T.);
#7260 = VERTEX_POINT('',#7261);
#7261 = CARTESIAN_POINT('',(110.46022115825,37.472074354726,35.));
#7262 = SURFACE_CURVE('',#7263,(#7267,#7274),.PCURVE_S1.);
#7263 = LINE('',#7264,#7265);
#7264 = CARTESIAN_POINT('',(110.46022115825,37.472074354726,15.));
#7265 = VECTOR('',#7266,1.);
#7266 = DIRECTION('',(-1.224646799147E-16,0.,1.));
#7267 = PCURVE('',#4079,#7268);
#7268 = DEFINITIONAL_REPRESENTATION('',(#7269),#7273);
#7269 = LINE('',#7270,#7271);
#7270 = CARTESIAN_POINT('',(0.,0.));
#7271 = VECTOR('',#7272,1.);
#7272 = DIRECTION('',(0.,1.));
#7273 = ( GEOMETRIC_REPRESENTATION_CONTEXT(2) 
PARAMETRIC_REPRESENTATION_CONTEXT() REPRESENTATION_CONTEXT('2D SPACE',''
  ) );
#7274 = PCURVE('',#4131,#7275);
#7275 = DEFINITIONAL_REPRESENTATION('',(#7276),#7280);
#7276 = LINE('',#7277,#7278);
#7277 = CARTESIAN_POINT('',(5.196152422707,9.87574689759E-18));
#7278 = VECTOR('',#7279,1.);
#7279 = DIRECTION('',(0.,1.));
#7280 = ( GEOMETRIC_REPRESENTATION_CONTEXT(2) 
PARAMETRIC_REPRESENTATION_CONTEXT() REPRESENTATION_CONTEXT('2D SPACE',''
  ) );
#7281 = ORIENTED_EDGE('',*,*,#7282,.T.);
#7282 = EDGE_CURVE('',#7260,#7037,#7283,.T.);
#7283 = SURFACE_CURVE('',#7284,(#7288,#7295),.PCURVE_S1.);
#7284 = LINE('',#7285,#7286);
#7285 = CARTESIAN_POINT('',(114.91935840681,34.804473372848,35.));
#7286 = VECTOR('',#7287,1.);
#7287 = DIRECTION('',(0.858161363603,-0.513380048326,1.050944567088E-16)
  );
#7288 = PCURVE('',#4079,#7289);
#7289 = DEFINITIONAL_REPRESENTATION('',(#7290),#7294);
#7290 = LINE('',#7291,#7292);
#7291 = CARTESIAN_POINT('',(5.196152422706,20.));
#7292 = VECTOR('',#7293,1.);
#7293 = DIRECTION('',(1.,0.));
#7294 = ( GEOMETRIC_REPRESENTATION_CONTEXT(2) 
PARAMETRIC_REPRESENTATION_CONTEXT() REPRESENTATION_CONTEXT('2D SPACE',''
  ) );
#7295 = PCURVE('',#7075,#7296);
#7296 = DEFINITIONAL_REPRESENTATION('',(#7297),#7301);
#7297 = LINE('',#7298,#7299);
#7298 = CARTESIAN_POINT('',(-8.064159318798E-02,-5.195526627152));
#7299 = VECTOR('',#7300,1.);
#7300 = DIRECTION('',(0.858161363603,-0.513380048326));
#7301 = ( GEOMETRIC_REPRESENTATION_CONTEXT(2) 
PARAMETRIC_REPRESENTATION_CONTEXT() REPRESENTATION_CONTEXT('2D SPACE',''
  ) );
#7302 = ORIENTED_EDGE('',*,*,#7036,.F.);
#7303 = ADVANCED_FACE('',(#7304),#4131,.F.);
#7304 = FACE_BOUND('',#7305,.T.);
#7305 = EDGE_LOOP('',(#7306,#7307,#7308,#7329));
#7306 = ORIENTED_EDGE('',*,*,#4092,.F.);
#7307 = ORIENTED_EDGE('',*,*,#7234,.T.);
#7308 = ORIENTED_EDGE('',*,*,#7309,.T.);
#7309 = EDGE_CURVE('',#7212,#7260,#7310,.T.);
#7310 = SURFACE_CURVE('',#7311,(#7315,#7322),.PCURVE_S1.);
#7311 = LINE('',#7312,#7313);
#7312 = CARTESIAN_POINT('',(110.46022115825,37.472074354726,35.));
#7313 = VECTOR('',#7314,1.);
#7314 = DIRECTION('',(-1.5519481845E-02,-0.999879565589,
    -1.900588376591E-18));
#7315 = PCURVE('',#4131,#7316);
#7316 = DEFINITIONAL_REPRESENTATION('',(#7317),#7321);
#7317 = LINE('',#7318,#7319);
#7318 = CARTESIAN_POINT('',(5.196152422707,20.));
#7319 = VECTOR('',#7320,1.);
#7320 = DIRECTION('',(1.,0.));
#7321 = ( GEOMETRIC_REPRESENTATION_CONTEXT(2) 
PARAMETRIC_REPRESENTATION_CONTEXT() REPRESENTATION_CONTEXT('2D SPACE',''
  ) );
#7322 = PCURVE('',#7075,#7323);
#7323 = DEFINITIONAL_REPRESENTATION('',(#7324),#7328);
#7324 = LINE('',#7325,#7326);
#7325 = CARTESIAN_POINT('',(-4.539778841746,-2.527925645274));
#7326 = VECTOR('',#7327,1.);
#7327 = DIRECTION('',(-1.5519481845E-02,-0.999879565589));
#7328 = ( GEOMETRIC_REPRESENTATION_CONTEXT(2) 
PARAMETRIC_REPRESENTATION_CONTEXT() REPRESENTATION_CONTEXT('2D SPACE',''
  ) );
#7329 = ORIENTED_EDGE('',*,*,#7259,.F.);
#7330 = ADVANCED_FACE('',(#7331,#7339),#7075,.F.);
#7331 = FACE_BOUND('',#7332,.T.);
#7332 = EDGE_LOOP('',(#7333,#7334,#7335,#7336,#7337,#7338));
#7333 = ORIENTED_EDGE('',*,*,#7309,.F.);
#7334 = ORIENTED_EDGE('',*,*,#7211,.F.);
#7335 = ORIENTED_EDGE('',*,*,#7162,.F.);
#7336 = ORIENTED_EDGE('',*,*,#7113,.F.);
#7337 = ORIENTED_EDGE('',*,*,#7059,.F.);
#7338 = ORIENTED_EDGE('',*,*,#7282,.F.);
#7339 = FACE_BOUND('',#7340,.T.);
#7340 = EDGE_LOOP('',(#7341));
#7341 = ORIENTED_EDGE('',*,*,#7342,.F.);
#7342 = EDGE_CURVE('',#7343,#7343,#7345,.T.);
#7343 = VERTEX_POINT('',#7344);
#7344 = CARTESIAN_POINT('',(112.,40.,35.));
#7345 = SURFACE_CURVE('',#7346,(#7351,#7362),.PCURVE_S1.);
#7346 = CIRCLE('',#7347,3.);
#7347 = AXIS2_PLACEMENT_3D('',#7348,#7349,#7350);
#7348 = CARTESIAN_POINT('',(115.,40.,35.));
#7349 = DIRECTION('',(1.224646799147E-16,0.,-1.));
#7350 = DIRECTION('',(1.,0.,1.224646799147E-16));
#7351 = PCURVE('',#7075,#7352);
#7352 = DEFINITIONAL_REPRESENTATION('',(#7353),#7361);
#7353 = ( BOUNDED_CURVE() B_SPLINE_CURVE(2,(#7354,#7355,#7356,#7357,
#7358,#7359,#7360),.UNSPECIFIED.,.T.,.F.) B_SPLINE_CURVE_WITH_KNOTS((1,2
    ,2,2,2,1),(-2.094395102393,0.,2.094395102393,4.188790204786,
6.28318530718,8.377580409573),.UNSPECIFIED.) CURVE() 
GEOMETRIC_REPRESENTATION_ITEM() RATIONAL_B_SPLINE_CURVE((1.,0.5,1.,0.5,
1.,0.5,1.)) REPRESENTATION_ITEM('') );
#7354 = CARTESIAN_POINT('',(3.,-9.947598300641E-14));
#7355 = CARTESIAN_POINT('',(3.,-5.196152422707));
#7356 = CARTESIAN_POINT('',(-1.5,-2.598076211353));
#7357 = CARTESIAN_POINT('',(-6.,-1.002107710859E-13));
#7358 = CARTESIAN_POINT('',(-1.5,2.598076211353));
#7359 = CARTESIAN_POINT('',(3.,5.196152422707));
#7360 = CARTESIAN_POINT('',(3.,-9.947598300641E-14));
#7361 = ( GEOMETRIC_REPRESENTATION_CONTEXT(2) 
PARAMETRIC_REPRESENTATION_CONTEXT() REPRESENTATION_CONTEXT('2D SPACE',''
  ) );
#7362 = PCURVE('',#457,#7363);
#7363 = DEFINITIONAL_REPRESENTATION('',(#7364),#7368);
#7364 = LINE('',#7365,#7366);
#7365 = CARTESIAN_POINT('',(-6.28318530718,-5.));
#7366 = VECTOR('',#7367,1.);
#7367 = DIRECTION('',(1.,0.));
#7368 = ( GEOMETRIC_REPRESENTATION_CONTEXT(2) 
PARAMETRIC_REPRESENTATION_CONTEXT() REPRESENTATION_CONTEXT('2D SPACE',''
  ) );
#7369 = ADVANCED_FACE('',(#7370),#219,.F.);
#7370 = FACE_BOUND('',#7371,.F.);
#7371 = EDGE_LOOP('',(#7372,#7393,#7394,#7395));
#7372 = ORIENTED_EDGE('',*,*,#7373,.T.);
#7373 = EDGE_CURVE('',#203,#7005,#7374,.T.);
#7374 = SEAM_CURVE('',#7375,(#7379,#7386),.PCURVE_S1.);
#7375 = LINE('',#7376,#7377);
#7376 = CARTESIAN_POINT('',(-18.,40.,30.));
#7377 = VECTOR('',#7378,1.);
#7378 = DIRECTION('',(1.224646799147E-16,0.,-1.));
#7379 = PCURVE('',#219,#7380);
#7380 = DEFINITIONAL_REPRESENTATION('',(#7381),#7385);
#7381 = LINE('',#7382,#7383);
#7382 = CARTESIAN_POINT('',(3.14159265359,0.));
#7383 = VECTOR('',#7384,1.);
#7384 = DIRECTION('',(0.,1.));
#7385 = ( GEOMETRIC_REPRESENTATION_CONTEXT(2) 
PARAMETRIC_REPRESENTATION_CONTEXT() REPRESENTATION_CONTEXT('2D SPACE',''
  ) );
#7386 = PCURVE('',#219,#7387);
#7387 = DEFINITIONAL_REPRESENTATION('',(#7388),#7392);
#7388 = LINE('',#7389,#7390);
#7389 = CARTESIAN_POINT('',(-3.14159265359,0.));
#7390 = VECTOR('',#7391,1.);
#7391 = DIRECTION('',(0.,1.));
#7392 = ( GEOMETRIC_REPRESENTATION_CONTEXT(2) 
PARAMETRIC_REPRESENTATION_CONTEXT() REPRESENTATION_CONTEXT('2D SPACE',''
  ) );
#7393 = ORIENTED_EDGE('',*,*,#7004,.F.);
#7394 = ORIENTED_EDGE('',*,*,#7373,.F.);
#7395 = ORIENTED_EDGE('',*,*,#202,.F.);
#7396 = ADVANCED_FACE('',(#7397),#488,.F.);
#7397 = FACE_BOUND('',#7398,.F.);
#7398 = EDGE_LOOP('',(#7399,#7420,#7421,#7422));
#7399 = ORIENTED_EDGE('',*,*,#7400,.T.);
#7400 = EDGE_CURVE('',#472,#6568,#7401,.T.);
#7401 = SEAM_CURVE('',#7402,(#7406,#7413),.PCURVE_S1.);
#7402 = LINE('',#7403,#7404);
#7403 = CARTESIAN_POINT('',(112.,-40.,30.));
#7404 = VECTOR('',#7405,1.);
#7405 = DIRECTION('',(1.224646799147E-16,0.,-1.));
#7406 = PCURVE('',#488,#7407);
#7407 = DEFINITIONAL_REPRESENTATION('',(#7408),#7412);
#7408 = LINE('',#7409,#7410);
#7409 = CARTESIAN_POINT('',(3.14159265359,0.));
#7410 = VECTOR('',#7411,1.);
#7411 = DIRECTION('',(0.,1.));
#7412 = ( GEOMETRIC_REPRESENTATION_CONTEXT(2) 
PARAMETRIC_REPRESENTATION_CONTEXT() REPRESENTATION_CONTEXT('2D SPACE',''
  ) );
#7413 = PCURVE('',#488,#7414);
#7414 = DEFINITIONAL_REPRESENTATION('',(#7415),#7419);
#7415 = LINE('',#7416,#7417);
#7416 = CARTESIAN_POINT('',(-3.14159265359,0.));
#7417 = VECTOR('',#7418,1.);
#7418 = DIRECTION('',(0.,1.));
#7419 = ( GEOMETRIC_REPRESENTATION_CONTEXT(2) 
PARAMETRIC_REPRESENTATION_CONTEXT() REPRESENTATION_CONTEXT('2D SPACE',''
  ) );
#7420 = ORIENTED_EDGE('',*,*,#6567,.F.);
#7421 = ORIENTED_EDGE('',*,*,#7400,.F.);
#7422 = ORIENTED_EDGE('',*,*,#471,.F.);
#7423 = ADVANCED_FACE('',(#7424),#250,.F.);
#7424 = FACE_BOUND('',#7425,.F.);
#7425 = EDGE_LOOP('',(#7426,#7447,#7448,#7449));
#7426 = ORIENTED_EDGE('',*,*,#7427,.T.);
#7427 = EDGE_CURVE('',#234,#6230,#7428,.T.);
#7428 = SEAM_CURVE('',#7429,(#7433,#7440),.PCURVE_S1.);
#7429 = LINE('',#7430,#7431);
#7430 = CARTESIAN_POINT('',(-18.,-40.,30.));
#7431 = VECTOR('',#7432,1.);
#7432 = DIRECTION('',(1.224646799147E-16,0.,-1.));
#7433 = PCURVE('',#250,#7434);
#7434 = DEFINITIONAL_REPRESENTATION('',(#7435),#7439);
#7435 = LINE('',#7436,#7437);
#7436 = CARTESIAN_POINT('',(3.14159265359,0.));
#7437 = VECTOR('',#7438,1.);
#7438 = DIRECTION('',(0.,1.));
#7439 = ( GEOMETRIC_REPRESENTATION_CONTEXT(2) 
PARAMETRIC_REPRESENTATION_CONTEXT() REPRESENTATION_CONTEXT('2D SPACE',''
  ) );
#7440 = PCURVE('',#250,#7441);
#7441 = DEFINITIONAL_REPRESENTATION('',(#7442),#7446);
#7442 = LINE('',#7443,#7444);
#7443 = CARTESIAN_POINT('',(-3.14159265359,0.));
#7444 = VECTOR('',#7445,1.);
#7445 = DIRECTION('',(0.,1.));
#7446 = ( GEOMETRIC_REPRESENTATION_CONTEXT(2) 
PARAMETRIC_REPRESENTATION_CONTEXT() REPRESENTATION_CONTEXT('2D SPACE',''
  ) );
#7447 = ORIENTED_EDGE('',*,*,#6229,.F.);
#7448 = ORIENTED_EDGE('',*,*,#7427,.F.);
#7449 = ORIENTED_EDGE('',*,*,#233,.F.);
#7450 = ADVANCED_FACE('',(#7451),#457,.F.);
#7451 = FACE_BOUND('',#7452,.F.);
#7452 = EDGE_LOOP('',(#7453,#7474,#7475,#7476));
#7453 = ORIENTED_EDGE('',*,*,#7454,.T.);
#7454 = EDGE_CURVE('',#441,#7343,#7455,.T.);
#7455 = SEAM_CURVE('',#7456,(#7460,#7467),.PCURVE_S1.);
#7456 = LINE('',#7457,#7458);
#7457 = CARTESIAN_POINT('',(112.,40.,30.));
#7458 = VECTOR('',#7459,1.);
#7459 = DIRECTION('',(1.224646799147E-16,0.,-1.));
#7460 = PCURVE('',#457,#7461);
#7461 = DEFINITIONAL_REPRESENTATION('',(#7462),#7466);
#7462 = LINE('',#7463,#7464);
#7463 = CARTESIAN_POINT('',(3.14159265359,0.));
#7464 = VECTOR('',#7465,1.);
#7465 = DIRECTION('',(0.,1.));
#7466 = ( GEOMETRIC_REPRESENTATION_CONTEXT(2) 
PARAMETRIC_REPRESENTATION_CONTEXT() REPRESENTATION_CONTEXT('2D SPACE',''
  ) );
#7467 = PCURVE('',#457,#7468);
#7468 = DEFINITIONAL_REPRESENTATION('',(#7469),#7473);
#7469 = LINE('',#7470,#7471);
#7470 = CARTESIAN_POINT('',(-3.14159265359,0.));
#7471 = VECTOR('',#7472,1.);
#7472 = DIRECTION('',(0.,1.));
#7473 = ( GEOMETRIC_REPRESENTATION_CONTEXT(2) 
PARAMETRIC_REPRESENTATION_CONTEXT() REPRESENTATION_CONTEXT('2D SPACE',''
  ) );
#7474 = ORIENTED_EDGE('',*,*,#7342,.F.);
#7475 = ORIENTED_EDGE('',*,*,#7454,.F.);
#7476 = ORIENTED_EDGE('',*,*,#440,.F.);
#7477 = ADVANCED_FACE('',(#7478),#913,.T.);
#7478 = FACE_BOUND('',#7479,.T.);
#7479 = EDGE_LOOP('',(#7480,#7481,#7482,#7483,#7504,#7505,#7506,#7507,
    #7508,#7509,#7510,#7511,#7512,#7513,#7514));
#7480 = ORIENTED_EDGE('',*,*,#6027,.T.);
#7481 = ORIENTED_EDGE('',*,*,#2370,.T.);
#7482 = ORIENTED_EDGE('',*,*,#4297,.T.);
#7483 = ORIENTED_EDGE('',*,*,#7484,.T.);
#7484 = EDGE_CURVE('',#4275,#898,#7485,.T.);
#7485 = SURFACE_CURVE('',#7486,(#7490,#7497),.PCURVE_S1.);
#7486 = LINE('',#7487,#7488);
#7487 = CARTESIAN_POINT('',(-25.,96.452143951054,15.));
#7488 = VECTOR('',#7489,1.);
#7489 = DIRECTION('',(0.,1.,0.));
#7490 = PCURVE('',#913,#7491);
#7491 = DEFINITIONAL_REPRESENTATION('',(#7492),#7496);
#7492 = LINE('',#7493,#7494);
#7493 = CARTESIAN_POINT('',(25.,96.452143951054));
#7494 = VECTOR('',#7495,1.);
#7495 = DIRECTION('',(0.,1.));
#7496 = ( GEOMETRIC_REPRESENTATION_CONTEXT(2) 
PARAMETRIC_REPRESENTATION_CONTEXT() REPRESENTATION_CONTEXT('2D SPACE',''
  ) );
#7497 = PCURVE('',#100,#7498);
#7498 = DEFINITIONAL_REPRESENTATION('',(#7499),#7503);
#7499 = LINE('',#7500,#7501);
#7500 = CARTESIAN_POINT('',(146.45214395105,25.));
#7501 = VECTOR('',#7502,1.);
#7502 = DIRECTION('',(1.,0.));
#7503 = ( GEOMETRIC_REPRESENTATION_CONTEXT(2) 
PARAMETRIC_REPRESENTATION_CONTEXT() REPRESENTATION_CONTEXT('2D SPACE',''
  ) );
#7504 = ORIENTED_EDGE('',*,*,#897,.T.);
#7505 = ORIENTED_EDGE('',*,*,#2887,.T.);
#7506 = ORIENTED_EDGE('',*,*,#6728,.T.);
#7507 = ORIENTED_EDGE('',*,*,#6949,.T.);
#7508 = ORIENTED_EDGE('',*,*,#6878,.T.);
#7509 = ORIENTED_EDGE('',*,*,#6802,.T.);
#7510 = ORIENTED_EDGE('',*,*,#5495,.T.);
#7511 = ORIENTED_EDGE('',*,*,#5641,.T.);
#7512 = ORIENTED_EDGE('',*,*,#5952,.T.);
#7513 = ORIENTED_EDGE('',*,*,#6174,.T.);
#7514 = ORIENTED_EDGE('',*,*,#6103,.T.);
#7515 = ADVANCED_FACE('',(#7516),#1335,.T.);
#7516 = FACE_BOUND('',#7517,.T.);
#7517 = EDGE_LOOP('',(#7518,#7519,#7520));
#7518 = ORIENTED_EDGE('',*,*,#1318,.F.);
#7519 = ORIENTED_EDGE('',*,*,#4319,.T.);
#7520 = ORIENTED_EDGE('',*,*,#2472,.T.);
#7521 = ADVANCED_FACE('',(#7522),#100,.T.);
#7522 = FACE_BOUND('',#7523,.T.);
#7523 = EDGE_LOOP('',(#7524,#7525,#7526,#7527));
#7524 = ORIENTED_EDGE('',*,*,#84,.T.);
#7525 = ORIENTED_EDGE('',*,*,#925,.T.);
#7526 = ORIENTED_EDGE('',*,*,#7484,.F.);
#7527 = ORIENTED_EDGE('',*,*,#4274,.F.);
#7528 = ( GEOMETRIC_REPRESENTATION_CONTEXT(3) 
GLOBAL_UNCERTAINTY_ASSIGNED_CONTEXT((#7532)) 
GLOBAL_UNIT_ASSIGNED_CONTEXT((#7529,#7530,#7531)) REPRESENTATION_CONTEXT
('Context #1','3D Context with UNIT and UNCERTAINTY') );
#7529 = ( LENGTH_UNIT() NAMED_UNIT(*) SI_UNIT(.MILLI.,.METRE.) );
#7530 = ( NAMED_UNIT(*) PLANE_ANGLE_UNIT() SI_UNIT($,.RADIAN.) );
#7531 = ( NAMED_UNIT(*) SI_UNIT($,.STERADIAN.) SOLID_ANGLE_UNIT() );
#7532 = UNCERTAINTY_MEASURE_WITH_UNIT(LENGTH_MEASURE(1.E-03),#7529,
  'distance_accuracy_value','confusion accuracy');
#7533 = PRODUCT_RELATED_PRODUCT_CATEGORY('part',$,(#7));
ENDSEC;
END-ISO-10303-21;
