ISO-10303-21;
HEADER;
FILE_DESCRIPTION(('Open CASCADE Model'),'2;1');
FILE_NAME('Open CASCADE Shape Model','2026-09-06T07:05:39',('Author'),(
    'Open CASCADE'),'Open CASCADE STEP processor 7.9','Open CASCADE 7.9'
  ,'Unknown');
FILE_SCHEMA(('AUTOMOTIVE_DESIGN { 1 0 10303 214 1 1 1 1 }'));
ENDSEC;
DATA;
#1 = APPLICATION_PROTOCOL_DEFINITION('international standard',
  'automotive_design',2000,#2);
#2 = APPLICATION_CONTEXT(
  'core data for automotive mechanical design processes');
#3 = SHAPE_DEFINITION_REPRESENTATION(#4,#10);
#4 = PRODUCT_DEFINITION_SHAPE('','',#5);
#5 = PRODUCT_DEFINITION('design','',#6,#9);
#6 = PRODUCT_DEFINITION_FORMATION('','',#7);
#7 = PRODUCT('Open CASCADE STEP translator 7.9 2',
  'Open CASCADE STEP translator 7.9 2','',(#8));
#8 = PRODUCT_CONTEXT('',#2,'mechanical');
#9 = PRODUCT_DEFINITION_CONTEXT('part definition',#2,'design');
#10 = ADVANCED_BREP_SHAPE_REPRESENTATION('',(#11,#15),#4673);
#11 = AXIS2_PLACEMENT_3D('',#12,#13,#14);
#12 = CARTESIAN_POINT('',(0.,0.,0.));
#13 = DIRECTION('',(0.,0.,1.));
#14 = DIRECTION('',(1.,0.,-0.));
#15 = MANIFOLD_SOLID_BREP('',#16);
#16 = CLOSED_SHELL('',(#17,#165,#381,#519,#595,#817,#893,#942,#1093,
    #1142,#1320,#1391,#1418,#1929,#1991,#2075,#2102,#2178,#2240,#2482,
    #2532,#2581,#2631,#2679,#3022,#3072,#3099,#3126,#3153,#3180,#3238,
    #3265,#3292,#3350,#3377,#3404,#3462,#3489,#3516,#3574,#3601,#3628,
    #3686,#3713,#3740,#3798,#3825,#3852,#3906,#3913,#3940,#3967,#4029,
    #4092,#4119,#4169,#4232,#4259,#4309,#4340,#4353,#4380,#4443,#4470,
    #4520,#4583,#4610,#4660));
#17 = ADVANCED_FACE('',(#18),#32,.T.);
#18 = FACE_BOUND('',#19,.T.);
#19 = EDGE_LOOP('',(#20,#55,#83,#111,#139));
#20 = ORIENTED_EDGE('',*,*,#21,.T.);
#21 = EDGE_CURVE('',#22,#24,#26,.T.);
#22 = VERTEX_POINT('',#23);
#23 = CARTESIAN_POINT('',(-21.45214395105,66.452143951054,40.));
#24 = VERTEX_POINT('',#25);
#25 = CARTESIAN_POINT('',(-25.,70.,36.452143951054));
#26 = SURFACE_CURVE('',#27,(#31,#43),.PCURVE_S1.);
#27 = LINE('',#28,#29);
#28 = CARTESIAN_POINT('',(-32.80940530886,77.80940530886,28.642738642193
    ));
#29 = VECTOR('',#30,1.);
#30 = DIRECTION('',(-0.57735026919,0.57735026919,-0.57735026919));
#31 = PCURVE('',#32,#37);
#32 = PLANE('',#33);
#33 = AXIS2_PLACEMENT_3D('',#34,#35,#36);
#34 = CARTESIAN_POINT('',(-15.,60.,20.));
#35 = DIRECTION('',(0.707106781187,0.707106781187,8.659560562355E-17));
#36 = DIRECTION('',(1.224646799147E-16,0.,-1.));
#37 = DEFINITIONAL_REPRESENTATION('',(#38),#42);
#38 = LINE('',#39,#40);
#39 = CARTESIAN_POINT('',(-8.642738642193,25.186302525589));
#40 = VECTOR('',#41,1.);
#41 = DIRECTION('',(0.57735026919,0.816496580928));
#42 = ( GEOMETRIC_REPRESENTATION_CONTEXT(2) 
PARAMETRIC_REPRESENTATION_CONTEXT() REPRESENTATION_CONTEXT('2D SPACE',''
  ) );
#43 = PCURVE('',#44,#49);
#44 = PLANE('',#45);
#45 = AXIS2_PLACEMENT_3D('',#46,#47,#48);
#46 = CARTESIAN_POINT('',(-62.5,76.452143951054,30.));
#47 = DIRECTION('',(8.659560562355E-17,-0.707106781187,-0.707106781187)
  );
#48 = DIRECTION('',(-1.,0.,-1.224646799147E-16));
#49 = DEFINITIONAL_REPRESENTATION('',(#50),#54);
#50 = LINE('',#51,#52);
#51 = CARTESIAN_POINT('',(-29.69059469114,1.919457419895));
#52 = VECTOR('',#53,1.);
#53 = DIRECTION('',(0.57735026919,0.816496580928));
#54 = ( GEOMETRIC_REPRESENTATION_CONTEXT(2) 
PARAMETRIC_REPRESENTATION_CONTEXT() REPRESENTATION_CONTEXT('2D SPACE',''
  ) );
#55 = ORIENTED_EDGE('',*,*,#56,.T.);
#56 = EDGE_CURVE('',#24,#57,#59,.T.);
#57 = VERTEX_POINT('',#58);
#58 = CARTESIAN_POINT('',(-25.,70.,50.));
#59 = SURFACE_CURVE('',#60,(#64,#71),.PCURVE_S1.);
#60 = LINE('',#61,#62);
#61 = CARTESIAN_POINT('',(-25.,70.,20.));
#62 = VECTOR('',#63,1.);
#63 = DIRECTION('',(-1.224646799147E-16,0.,1.));
#64 = PCURVE('',#32,#65);
#65 = DEFINITIONAL_REPRESENTATION('',(#66),#70);
#66 = LINE('',#67,#68);
#67 = CARTESIAN_POINT('',(-1.224646799147E-15,14.142135623731));
#68 = VECTOR('',#69,1.);
#69 = DIRECTION('',(-1.,0.));
#70 = ( GEOMETRIC_REPRESENTATION_CONTEXT(2) 
PARAMETRIC_REPRESENTATION_CONTEXT() REPRESENTATION_CONTEXT('2D SPACE',''
  ) );
#71 = PCURVE('',#72,#77);
#72 = PLANE('',#73);
#73 = AXIS2_PLACEMENT_3D('',#74,#75,#76);
#74 = CARTESIAN_POINT('',(-25.,-111.552143951,1.42108547152E-14));
#75 = DIRECTION('',(1.,0.,1.224646799147E-16));
#76 = DIRECTION('',(0.,1.,0.));
#77 = DEFINITIONAL_REPRESENTATION('',(#78),#82);
#78 = LINE('',#79,#80);
#79 = CARTESIAN_POINT('',(181.55214395105,20.));
#80 = VECTOR('',#81,1.);
#81 = DIRECTION('',(0.,1.));
#82 = ( GEOMETRIC_REPRESENTATION_CONTEXT(2) 
PARAMETRIC_REPRESENTATION_CONTEXT() REPRESENTATION_CONTEXT('2D SPACE',''
  ) );
#83 = ORIENTED_EDGE('',*,*,#84,.T.);
#84 = EDGE_CURVE('',#57,#85,#87,.T.);
#85 = VERTEX_POINT('',#86);
#86 = CARTESIAN_POINT('',(-5.,50.,50.));
#87 = SURFACE_CURVE('',#88,(#92,#99),.PCURVE_S1.);
#88 = LINE('',#89,#90);
#89 = CARTESIAN_POINT('',(3.75,41.25,50.));
#90 = VECTOR('',#91,1.);
#91 = DIRECTION('',(0.707106781187,-0.707106781187,8.659560562355E-17));
#92 = PCURVE('',#32,#93);
#93 = DEFINITIONAL_REPRESENTATION('',(#94),#98);
#94 = LINE('',#95,#96);
#95 = CARTESIAN_POINT('',(-30.,-26.51650429449));
#96 = VECTOR('',#97,1.);
#97 = DIRECTION('',(0.,-1.));
#98 = ( GEOMETRIC_REPRESENTATION_CONTEXT(2) 
PARAMETRIC_REPRESENTATION_CONTEXT() REPRESENTATION_CONTEXT('2D SPACE',''
  ) );
#99 = PCURVE('',#100,#105);
#100 = PLANE('',#101);
#101 = AXIS2_PLACEMENT_3D('',#102,#103,#104);
#102 = CARTESIAN_POINT('',(0.,4.622691118783E-14,50.));
#103 = DIRECTION('',(-1.224646799147E-16,0.,1.));
#104 = DIRECTION('',(1.,0.,1.224646799147E-16));
#105 = DEFINITIONAL_REPRESENTATION('',(#106),#110);
#106 = LINE('',#107,#108);
#107 = CARTESIAN_POINT('',(3.75,41.25));
#108 = VECTOR('',#109,1.);
#109 = DIRECTION('',(0.707106781187,-0.707106781187));
#110 = ( GEOMETRIC_REPRESENTATION_CONTEXT(2) 
PARAMETRIC_REPRESENTATION_CONTEXT() REPRESENTATION_CONTEXT('2D SPACE',''
  ) );
#111 = ORIENTED_EDGE('',*,*,#112,.T.);
#112 = EDGE_CURVE('',#85,#113,#115,.T.);
#113 = VERTEX_POINT('',#114);
#114 = CARTESIAN_POINT('',(-5.,50.,40.));
#115 = SURFACE_CURVE('',#116,(#120,#127),.PCURVE_S1.);
#116 = LINE('',#117,#118);
#117 = CARTESIAN_POINT('',(-5.,50.,20.));
#118 = VECTOR('',#119,1.);
#119 = DIRECTION('',(1.224646799147E-16,0.,-1.));
#120 = PCURVE('',#32,#121);
#121 = DEFINITIONAL_REPRESENTATION('',(#122),#126);
#122 = LINE('',#123,#124);
#123 = CARTESIAN_POINT('',(1.224646799147E-15,-14.14213562373));
#124 = VECTOR('',#125,1.);
#125 = DIRECTION('',(1.,0.));
#126 = ( GEOMETRIC_REPRESENTATION_CONTEXT(2) 
PARAMETRIC_REPRESENTATION_CONTEXT() REPRESENTATION_CONTEXT('2D SPACE',''
  ) );
#127 = PCURVE('',#128,#133);
#128 = PLANE('',#129);
#129 = AXIS2_PLACEMENT_3D('',#130,#131,#132);
#130 = CARTESIAN_POINT('',(125.,50.,40.));
#131 = DIRECTION('',(0.,1.,0.));
#132 = DIRECTION('',(-1.,0.,-1.224646799147E-16));
#133 = DEFINITIONAL_REPRESENTATION('',(#134),#138);
#134 = LINE('',#135,#136);
#135 = CARTESIAN_POINT('',(130.,-20.));
#136 = VECTOR('',#137,1.);
#137 = DIRECTION('',(0.,-1.));
#138 = ( GEOMETRIC_REPRESENTATION_CONTEXT(2) 
PARAMETRIC_REPRESENTATION_CONTEXT() REPRESENTATION_CONTEXT('2D SPACE',''
  ) );
#139 = ORIENTED_EDGE('',*,*,#140,.T.);
#140 = EDGE_CURVE('',#113,#22,#141,.T.);
#141 = SURFACE_CURVE('',#142,(#146,#153),.PCURVE_S1.);
#142 = LINE('',#143,#144);
#143 = CARTESIAN_POINT('',(3.75,41.25,40.));
#144 = VECTOR('',#145,1.);
#145 = DIRECTION('',(-0.707106781187,0.707106781187,-8.659560562355E-17)
  );
#146 = PCURVE('',#32,#147);
#147 = DEFINITIONAL_REPRESENTATION('',(#148),#152);
#148 = LINE('',#149,#150);
#149 = CARTESIAN_POINT('',(-20.,-26.51650429449));
#150 = VECTOR('',#151,1.);
#151 = DIRECTION('',(0.,1.));
#152 = ( GEOMETRIC_REPRESENTATION_CONTEXT(2) 
PARAMETRIC_REPRESENTATION_CONTEXT() REPRESENTATION_CONTEXT('2D SPACE',''
  ) );
#153 = PCURVE('',#154,#159);
#154 = PLANE('',#155);
#155 = AXIS2_PLACEMENT_3D('',#156,#157,#158);
#156 = CARTESIAN_POINT('',(0.,4.622691118783E-14,40.));
#157 = DIRECTION('',(-1.224646799147E-16,0.,1.));
#158 = DIRECTION('',(-1.,0.,-1.224646799147E-16));
#159 = DEFINITIONAL_REPRESENTATION('',(#160),#164);
#160 = LINE('',#161,#162);
#161 = CARTESIAN_POINT('',(-3.75,-41.25));
#162 = VECTOR('',#163,1.);
#163 = DIRECTION('',(0.707106781187,-0.707106781187));
#164 = ( GEOMETRIC_REPRESENTATION_CONTEXT(2) 
PARAMETRIC_REPRESENTATION_CONTEXT() REPRESENTATION_CONTEXT('2D SPACE',''
  ) );
#165 = ADVANCED_FACE('',(#166),#72,.T.);
#166 = FACE_BOUND('',#167,.T.);
#167 = EDGE_LOOP('',(#168,#169,#192,#220,#248,#276,#304,#332,#360));
#168 = ORIENTED_EDGE('',*,*,#56,.F.);
#169 = ORIENTED_EDGE('',*,*,#170,.F.);
#170 = EDGE_CURVE('',#171,#24,#173,.T.);
#171 = VERTEX_POINT('',#172);
#172 = CARTESIAN_POINT('',(-25.,86.452143951054,20.));
#173 = SURFACE_CURVE('',#174,(#178,#185),.PCURVE_S1.);
#174 = LINE('',#175,#176);
#175 = CARTESIAN_POINT('',(-25.,36.951071975527,69.501071975527));
#176 = VECTOR('',#177,1.);
#177 = DIRECTION('',(-8.659560562355E-17,-0.707106781187,0.707106781187)
  );
#178 = PCURVE('',#72,#179);
#179 = DEFINITIONAL_REPRESENTATION('',(#180),#184);
#180 = LINE('',#181,#182);
#181 = CARTESIAN_POINT('',(148.50321592658,69.501071975527));
#182 = VECTOR('',#183,1.);
#183 = DIRECTION('',(-0.707106781187,0.707106781187));
#184 = ( GEOMETRIC_REPRESENTATION_CONTEXT(2) 
PARAMETRIC_REPRESENTATION_CONTEXT() REPRESENTATION_CONTEXT('2D SPACE',''
  ) );
#185 = PCURVE('',#44,#186);
#186 = DEFINITIONAL_REPRESENTATION('',(#187),#191);
#187 = LINE('',#188,#189);
#188 = CARTESIAN_POINT('',(-37.5,-55.86295171606));
#189 = VECTOR('',#190,1.);
#190 = DIRECTION('',(0.,-1.));
#191 = ( GEOMETRIC_REPRESENTATION_CONTEXT(2) 
PARAMETRIC_REPRESENTATION_CONTEXT() REPRESENTATION_CONTEXT('2D SPACE',''
  ) );
#192 = ORIENTED_EDGE('',*,*,#193,.F.);
#193 = EDGE_CURVE('',#194,#171,#196,.T.);
#194 = VERTEX_POINT('',#195);
#195 = CARTESIAN_POINT('',(-25.,86.452143951054,1.42108547152E-14));
#196 = SURFACE_CURVE('',#197,(#201,#208),.PCURVE_S1.);
#197 = LINE('',#198,#199);
#198 = CARTESIAN_POINT('',(-25.,86.452143951054,1.42108547152E-14));
#199 = VECTOR('',#200,1.);
#200 = DIRECTION('',(-1.224646799147E-16,0.,1.));
#201 = PCURVE('',#72,#202);
#202 = DEFINITIONAL_REPRESENTATION('',(#203),#207);
#203 = LINE('',#204,#205);
#204 = CARTESIAN_POINT('',(198.0042879021,0.));
#205 = VECTOR('',#206,1.);
#206 = DIRECTION('',(0.,1.));
#207 = ( GEOMETRIC_REPRESENTATION_CONTEXT(2) 
PARAMETRIC_REPRESENTATION_CONTEXT() REPRESENTATION_CONTEXT('2D SPACE',''
  ) );
#208 = PCURVE('',#209,#214);
#209 = PLANE('',#210);
#210 = AXIS2_PLACEMENT_3D('',#211,#212,#213);
#211 = CARTESIAN_POINT('',(-125.,86.452143951054,0.));
#212 = DIRECTION('',(0.,-1.,-0.));
#213 = DIRECTION('',(-1.224646799147E-16,0.,1.));
#214 = DEFINITIONAL_REPRESENTATION('',(#215),#219);
#215 = LINE('',#216,#217);
#216 = CARTESIAN_POINT('',(1.964386723729E-15,-100.));
#217 = VECTOR('',#218,1.);
#218 = DIRECTION('',(1.,0.));
#219 = ( GEOMETRIC_REPRESENTATION_CONTEXT(2) 
PARAMETRIC_REPRESENTATION_CONTEXT() REPRESENTATION_CONTEXT('2D SPACE',''
  ) );
#220 = ORIENTED_EDGE('',*,*,#221,.F.);
#221 = EDGE_CURVE('',#222,#194,#224,.T.);
#222 = VERTEX_POINT('',#223);
#223 = CARTESIAN_POINT('',(-25.,116.55214395105,1.42108547152E-14));
#224 = SURFACE_CURVE('',#225,(#229,#236),.PCURVE_S1.);
#225 = LINE('',#226,#227);
#226 = CARTESIAN_POINT('',(-25.,111.55214395105,1.42108547152E-14));
#227 = VECTOR('',#228,1.);
#228 = DIRECTION('',(0.,-1.,-0.));
#229 = PCURVE('',#72,#230);
#230 = DEFINITIONAL_REPRESENTATION('',(#231),#235);
#231 = LINE('',#232,#233);
#232 = CARTESIAN_POINT('',(223.1042879021,0.));
#233 = VECTOR('',#234,1.);
#234 = DIRECTION('',(-1.,-0.));
#235 = ( GEOMETRIC_REPRESENTATION_CONTEXT(2) 
PARAMETRIC_REPRESENTATION_CONTEXT() REPRESENTATION_CONTEXT('2D SPACE',''
  ) );
#236 = PCURVE('',#237,#242);
#237 = PLANE('',#238);
#238 = AXIS2_PLACEMENT_3D('',#239,#240,#241);
#239 = CARTESIAN_POINT('',(-75.,101.55214395105,1.42108547152E-14));
#240 = DIRECTION('',(-1.224646799147E-16,0.,1.));
#241 = DIRECTION('',(-1.,0.,-1.224646799147E-16));
#242 = DEFINITIONAL_REPRESENTATION('',(#243),#247);
#243 = LINE('',#244,#245);
#244 = CARTESIAN_POINT('',(-50.,-10.));
#245 = VECTOR('',#246,1.);
#246 = DIRECTION('',(-0.,1.));
#247 = ( GEOMETRIC_REPRESENTATION_CONTEXT(2) 
PARAMETRIC_REPRESENTATION_CONTEXT() REPRESENTATION_CONTEXT('2D SPACE',''
  ) );
#248 = ORIENTED_EDGE('',*,*,#249,.F.);
#249 = EDGE_CURVE('',#250,#222,#252,.T.);
#250 = VERTEX_POINT('',#251);
#251 = CARTESIAN_POINT('',(-25.,116.55214395105,10.));
#252 = SURFACE_CURVE('',#253,(#257,#264),.PCURVE_S1.);
#253 = LINE('',#254,#255);
#254 = CARTESIAN_POINT('',(-25.,116.55214395105,1.42108547152E-14));
#255 = VECTOR('',#256,1.);
#256 = DIRECTION('',(1.224646799147E-16,0.,-1.));
#257 = PCURVE('',#72,#258);
#258 = DEFINITIONAL_REPRESENTATION('',(#259),#263);
#259 = LINE('',#260,#261);
#260 = CARTESIAN_POINT('',(228.1042879021,0.));
#261 = VECTOR('',#262,1.);
#262 = DIRECTION('',(0.,-1.));
#263 = ( GEOMETRIC_REPRESENTATION_CONTEXT(2) 
PARAMETRIC_REPRESENTATION_CONTEXT() REPRESENTATION_CONTEXT('2D SPACE',''
  ) );
#264 = PCURVE('',#265,#270);
#265 = PLANE('',#266);
#266 = AXIS2_PLACEMENT_3D('',#267,#268,#269);
#267 = CARTESIAN_POINT('',(-25.,116.55214395105,1.42108547152E-14));
#268 = DIRECTION('',(0.,1.,0.));
#269 = DIRECTION('',(1.224646799147E-16,0.,-1.));
#270 = DEFINITIONAL_REPRESENTATION('',(#271),#275);
#271 = LINE('',#272,#273);
#272 = CARTESIAN_POINT('',(0.,0.));
#273 = VECTOR('',#274,1.);
#274 = DIRECTION('',(1.,0.));
#275 = ( GEOMETRIC_REPRESENTATION_CONTEXT(2) 
PARAMETRIC_REPRESENTATION_CONTEXT() REPRESENTATION_CONTEXT('2D SPACE',''
  ) );
#276 = ORIENTED_EDGE('',*,*,#277,.F.);
#277 = EDGE_CURVE('',#278,#250,#280,.T.);
#278 = VERTEX_POINT('',#279);
#279 = CARTESIAN_POINT('',(-25.,96.452143951054,10.));
#280 = SURFACE_CURVE('',#281,(#285,#292),.PCURVE_S1.);
#281 = LINE('',#282,#283);
#282 = CARTESIAN_POINT('',(-25.,111.55214395105,10.));
#283 = VECTOR('',#284,1.);
#284 = DIRECTION('',(0.,1.,0.));
#285 = PCURVE('',#72,#286);
#286 = DEFINITIONAL_REPRESENTATION('',(#287),#291);
#287 = LINE('',#288,#289);
#288 = CARTESIAN_POINT('',(223.1042879021,10.));
#289 = VECTOR('',#290,1.);
#290 = DIRECTION('',(1.,0.));
#291 = ( GEOMETRIC_REPRESENTATION_CONTEXT(2) 
PARAMETRIC_REPRESENTATION_CONTEXT() REPRESENTATION_CONTEXT('2D SPACE',''
  ) );
#292 = PCURVE('',#293,#298);
#293 = PLANE('',#294);
#294 = AXIS2_PLACEMENT_3D('',#295,#296,#297);
#295 = CARTESIAN_POINT('',(-75.,101.55214395105,10.));
#296 = DIRECTION('',(-1.224646799147E-16,0.,1.));
#297 = DIRECTION('',(1.,0.,1.224646799147E-16));
#298 = DEFINITIONAL_REPRESENTATION('',(#299),#303);
#299 = LINE('',#300,#301);
#300 = CARTESIAN_POINT('',(50.,10.));
#301 = VECTOR('',#302,1.);
#302 = DIRECTION('',(0.,1.));
#303 = ( GEOMETRIC_REPRESENTATION_CONTEXT(2) 
PARAMETRIC_REPRESENTATION_CONTEXT() REPRESENTATION_CONTEXT('2D SPACE',''
  ) );
#304 = ORIENTED_EDGE('',*,*,#305,.T.);
#305 = EDGE_CURVE('',#278,#306,#308,.T.);
#306 = VERTEX_POINT('',#307);
#307 = CARTESIAN_POINT('',(-25.,96.452143951054,40.100001357034));
#308 = SURFACE_CURVE('',#309,(#313,#320),.PCURVE_S1.);
#309 = LINE('',#310,#311);
#310 = CARTESIAN_POINT('',(-25.,96.452143951054,10.));
#311 = VECTOR('',#312,1.);
#312 = DIRECTION('',(-1.224646799147E-16,0.,1.));
#313 = PCURVE('',#72,#314);
#314 = DEFINITIONAL_REPRESENTATION('',(#315),#319);
#315 = LINE('',#316,#317);
#316 = CARTESIAN_POINT('',(208.0042879021,10.));
#317 = VECTOR('',#318,1.);
#318 = DIRECTION('',(0.,1.));
#319 = ( GEOMETRIC_REPRESENTATION_CONTEXT(2) 
PARAMETRIC_REPRESENTATION_CONTEXT() REPRESENTATION_CONTEXT('2D SPACE',''
  ) );
#320 = PCURVE('',#321,#326);
#321 = PLANE('',#322);
#322 = AXIS2_PLACEMENT_3D('',#323,#324,#325);
#323 = CARTESIAN_POINT('',(-25.,96.452143951054,10.));
#324 = DIRECTION('',(0.,1.,0.));
#325 = DIRECTION('',(-1.,0.,-1.224646799147E-16));
#326 = DEFINITIONAL_REPRESENTATION('',(#327),#331);
#327 = LINE('',#328,#329);
#328 = CARTESIAN_POINT('',(0.,0.));
#329 = VECTOR('',#330,1.);
#330 = DIRECTION('',(0.,1.));
#331 = ( GEOMETRIC_REPRESENTATION_CONTEXT(2) 
PARAMETRIC_REPRESENTATION_CONTEXT() REPRESENTATION_CONTEXT('2D SPACE',''
  ) );
#332 = ORIENTED_EDGE('',*,*,#333,.F.);
#333 = EDGE_CURVE('',#334,#306,#336,.T.);
#334 = VERTEX_POINT('',#335);
#335 = CARTESIAN_POINT('',(-25.,86.552145976477,50.));
#336 = SURFACE_CURVE('',#337,(#341,#348),.PCURVE_S1.);
#337 = LINE('',#338,#339);
#338 = CARTESIAN_POINT('',(-25.,57.026076331947,79.526071637956));
#339 = VECTOR('',#340,1.);
#340 = DIRECTION('',(8.659560854676E-17,0.707106757317,-0.707106805056)
  );
#341 = PCURVE('',#72,#342);
#342 = DEFINITIONAL_REPRESENTATION('',(#343),#347);
#343 = LINE('',#344,#345);
#344 = CARTESIAN_POINT('',(168.578220283,79.526071637956));
#345 = VECTOR('',#346,1.);
#346 = DIRECTION('',(0.707106757317,-0.707106805056));
#347 = ( GEOMETRIC_REPRESENTATION_CONTEXT(2) 
PARAMETRIC_REPRESENTATION_CONTEXT() REPRESENTATION_CONTEXT('2D SPACE',''
  ) );
#348 = PCURVE('',#349,#354);
#349 = PLANE('',#350);
#350 = AXIS2_PLACEMENT_3D('',#351,#352,#353);
#351 = CARTESIAN_POINT('',(-12.5,101.55214496376,35.));
#352 = DIRECTION('',(-8.659560270034E-17,0.707106805056,0.707106757317)
  );
#353 = DIRECTION('',(1.,0.,1.224646799147E-16));
#354 = DEFINITIONAL_REPRESENTATION('',(#355),#359);
#355 = LINE('',#356,#357);
#356 = CARTESIAN_POINT('',(-12.5,-62.96937226393));
#357 = VECTOR('',#358,1.);
#358 = DIRECTION('',(0.,1.));
#359 = ( GEOMETRIC_REPRESENTATION_CONTEXT(2) 
PARAMETRIC_REPRESENTATION_CONTEXT() REPRESENTATION_CONTEXT('2D SPACE',''
  ) );
#360 = ORIENTED_EDGE('',*,*,#361,.F.);
#361 = EDGE_CURVE('',#57,#334,#362,.T.);
#362 = SURFACE_CURVE('',#363,(#367,#374),.PCURVE_S1.);
#363 = LINE('',#364,#365);
#364 = CARTESIAN_POINT('',(-25.,-96.45214395105,50.));
#365 = VECTOR('',#366,1.);
#366 = DIRECTION('',(0.,1.,0.));
#367 = PCURVE('',#72,#368);
#368 = DEFINITIONAL_REPRESENTATION('',(#369),#373);
#369 = LINE('',#370,#371);
#370 = CARTESIAN_POINT('',(15.1,50.));
#371 = VECTOR('',#372,1.);
#372 = DIRECTION('',(1.,0.));
#373 = ( GEOMETRIC_REPRESENTATION_CONTEXT(2) 
PARAMETRIC_REPRESENTATION_CONTEXT() REPRESENTATION_CONTEXT('2D SPACE',''
  ) );
#374 = PCURVE('',#100,#375);
#375 = DEFINITIONAL_REPRESENTATION('',(#376),#380);
#376 = LINE('',#377,#378);
#377 = CARTESIAN_POINT('',(-25.,-96.45214395105));
#378 = VECTOR('',#379,1.);
#379 = DIRECTION('',(0.,1.));
#380 = ( GEOMETRIC_REPRESENTATION_CONTEXT(2) 
PARAMETRIC_REPRESENTATION_CONTEXT() REPRESENTATION_CONTEXT('2D SPACE',''
  ) );
#381 = ADVANCED_FACE('',(#382),#396,.T.);
#382 = FACE_BOUND('',#383,.T.);
#383 = EDGE_LOOP('',(#384,#414,#442,#465,#493));
#384 = ORIENTED_EDGE('',*,*,#385,.T.);
#385 = EDGE_CURVE('',#386,#388,#390,.T.);
#386 = VERTEX_POINT('',#387);
#387 = CARTESIAN_POINT('',(-21.45214395105,-66.45214395105,40.));
#388 = VERTEX_POINT('',#389);
#389 = CARTESIAN_POINT('',(-5.,-50.,40.));
#390 = SURFACE_CURVE('',#391,(#395,#407),.PCURVE_S1.);
#391 = LINE('',#392,#393);
#392 = CARTESIAN_POINT('',(3.75,-41.25,40.));
#393 = VECTOR('',#394,1.);
#394 = DIRECTION('',(0.707106781187,0.707106781187,8.659560562355E-17));
#395 = PCURVE('',#396,#401);
#396 = PLANE('',#397);
#397 = AXIS2_PLACEMENT_3D('',#398,#399,#400);
#398 = CARTESIAN_POINT('',(-15.,-60.,20.));
#399 = DIRECTION('',(0.707106781187,-0.707106781187,8.659560562355E-17)
  );
#400 = DIRECTION('',(1.224646799147E-16,0.,-1.));
#401 = DEFINITIONAL_REPRESENTATION('',(#402),#406);
#402 = LINE('',#403,#404);
#403 = CARTESIAN_POINT('',(-20.,26.516504294496));
#404 = VECTOR('',#405,1.);
#405 = DIRECTION('',(0.,1.));
#406 = ( GEOMETRIC_REPRESENTATION_CONTEXT(2) 
PARAMETRIC_REPRESENTATION_CONTEXT() REPRESENTATION_CONTEXT('2D SPACE',''
  ) );
#407 = PCURVE('',#154,#408);
#408 = DEFINITIONAL_REPRESENTATION('',(#409),#413);
#409 = LINE('',#410,#411);
#410 = CARTESIAN_POINT('',(-3.75,41.25));
#411 = VECTOR('',#412,1.);
#412 = DIRECTION('',(-0.707106781187,-0.707106781187));
#413 = ( GEOMETRIC_REPRESENTATION_CONTEXT(2) 
PARAMETRIC_REPRESENTATION_CONTEXT() REPRESENTATION_CONTEXT('2D SPACE',''
  ) );
#414 = ORIENTED_EDGE('',*,*,#415,.T.);
#415 = EDGE_CURVE('',#388,#416,#418,.T.);
#416 = VERTEX_POINT('',#417);
#417 = CARTESIAN_POINT('',(-5.,-50.,50.));
#418 = SURFACE_CURVE('',#419,(#423,#430),.PCURVE_S1.);
#419 = LINE('',#420,#421);
#420 = CARTESIAN_POINT('',(-5.,-50.,20.));
#421 = VECTOR('',#422,1.);
#422 = DIRECTION('',(-1.224646799147E-16,0.,1.));
#423 = PCURVE('',#396,#424);
#424 = DEFINITIONAL_REPRESENTATION('',(#425),#429);
#425 = LINE('',#426,#427);
#426 = CARTESIAN_POINT('',(1.224646799147E-15,14.142135623731));
#427 = VECTOR('',#428,1.);
#428 = DIRECTION('',(-1.,0.));
#429 = ( GEOMETRIC_REPRESENTATION_CONTEXT(2) 
PARAMETRIC_REPRESENTATION_CONTEXT() REPRESENTATION_CONTEXT('2D SPACE',''
  ) );
#430 = PCURVE('',#431,#436);
#431 = PLANE('',#432);
#432 = AXIS2_PLACEMENT_3D('',#433,#434,#435);
#433 = CARTESIAN_POINT('',(-25.,-50.,40.));
#434 = DIRECTION('',(0.,-1.,-0.));
#435 = DIRECTION('',(1.,0.,1.224646799147E-16));
#436 = DEFINITIONAL_REPRESENTATION('',(#437),#441);
#437 = LINE('',#438,#439);
#438 = CARTESIAN_POINT('',(20.,-20.));
#439 = VECTOR('',#440,1.);
#440 = DIRECTION('',(0.,1.));
#441 = ( GEOMETRIC_REPRESENTATION_CONTEXT(2) 
PARAMETRIC_REPRESENTATION_CONTEXT() REPRESENTATION_CONTEXT('2D SPACE',''
  ) );
#442 = ORIENTED_EDGE('',*,*,#443,.T.);
#443 = EDGE_CURVE('',#416,#444,#446,.T.);
#444 = VERTEX_POINT('',#445);
#445 = CARTESIAN_POINT('',(-25.,-70.,50.));
#446 = SURFACE_CURVE('',#447,(#451,#458),.PCURVE_S1.);
#447 = LINE('',#448,#449);
#448 = CARTESIAN_POINT('',(3.75,-41.25,50.));
#449 = VECTOR('',#450,1.);
#450 = DIRECTION('',(-0.707106781187,-0.707106781187,-8.659560562355E-17
    ));
#451 = PCURVE('',#396,#452);
#452 = DEFINITIONAL_REPRESENTATION('',(#453),#457);
#453 = LINE('',#454,#455);
#454 = CARTESIAN_POINT('',(-30.,26.516504294496));
#455 = VECTOR('',#456,1.);
#456 = DIRECTION('',(0.,-1.));
#457 = ( GEOMETRIC_REPRESENTATION_CONTEXT(2) 
PARAMETRIC_REPRESENTATION_CONTEXT() REPRESENTATION_CONTEXT('2D SPACE',''
  ) );
#458 = PCURVE('',#100,#459);
#459 = DEFINITIONAL_REPRESENTATION('',(#460),#464);
#460 = LINE('',#461,#462);
#461 = CARTESIAN_POINT('',(3.75,-41.25));
#462 = VECTOR('',#463,1.);
#463 = DIRECTION('',(-0.707106781187,-0.707106781187));
#464 = ( GEOMETRIC_REPRESENTATION_CONTEXT(2) 
PARAMETRIC_REPRESENTATION_CONTEXT() REPRESENTATION_CONTEXT('2D SPACE',''
  ) );
#465 = ORIENTED_EDGE('',*,*,#466,.T.);
#466 = EDGE_CURVE('',#444,#467,#469,.T.);
#467 = VERTEX_POINT('',#468);
#468 = CARTESIAN_POINT('',(-25.,-70.,36.452143951054));
#469 = SURFACE_CURVE('',#470,(#474,#481),.PCURVE_S1.);
#470 = LINE('',#471,#472);
#471 = CARTESIAN_POINT('',(-25.,-70.,20.));
#472 = VECTOR('',#473,1.);
#473 = DIRECTION('',(1.224646799147E-16,0.,-1.));
#474 = PCURVE('',#396,#475);
#475 = DEFINITIONAL_REPRESENTATION('',(#476),#480);
#476 = LINE('',#477,#478);
#477 = CARTESIAN_POINT('',(-1.224646799147E-15,-14.14213562373));
#478 = VECTOR('',#479,1.);
#479 = DIRECTION('',(1.,0.));
#480 = ( GEOMETRIC_REPRESENTATION_CONTEXT(2) 
PARAMETRIC_REPRESENTATION_CONTEXT() REPRESENTATION_CONTEXT('2D SPACE',''
  ) );
#481 = PCURVE('',#482,#487);
#482 = PLANE('',#483);
#483 = AXIS2_PLACEMENT_3D('',#484,#485,#486);
#484 = CARTESIAN_POINT('',(-25.,-111.552143951,1.42108547152E-14));
#485 = DIRECTION('',(1.,0.,1.224646799147E-16));
#486 = DIRECTION('',(0.,1.,0.));
#487 = DEFINITIONAL_REPRESENTATION('',(#488),#492);
#488 = LINE('',#489,#490);
#489 = CARTESIAN_POINT('',(41.552143951054,20.));
#490 = VECTOR('',#491,1.);
#491 = DIRECTION('',(0.,-1.));
#492 = ( GEOMETRIC_REPRESENTATION_CONTEXT(2) 
PARAMETRIC_REPRESENTATION_CONTEXT() REPRESENTATION_CONTEXT('2D SPACE',''
  ) );
#493 = ORIENTED_EDGE('',*,*,#494,.T.);
#494 = EDGE_CURVE('',#467,#386,#495,.T.);
#495 = SURFACE_CURVE('',#496,(#500,#507),.PCURVE_S1.);
#496 = LINE('',#497,#498);
#497 = CARTESIAN_POINT('',(-24.47607197552,-69.47607197552,
    36.976071975527));
#498 = VECTOR('',#499,1.);
#499 = DIRECTION('',(0.57735026919,0.57735026919,0.57735026919));
#500 = PCURVE('',#396,#501);
#501 = DEFINITIONAL_REPRESENTATION('',(#502),#506);
#502 = LINE('',#503,#504);
#503 = CARTESIAN_POINT('',(-16.97607197552,-13.40118950581));
#504 = VECTOR('',#505,1.);
#505 = DIRECTION('',(-0.57735026919,0.816496580928));
#506 = ( GEOMETRIC_REPRESENTATION_CONTEXT(2) 
PARAMETRIC_REPRESENTATION_CONTEXT() REPRESENTATION_CONTEXT('2D SPACE',''
  ) );
#507 = PCURVE('',#508,#513);
#508 = PLANE('',#509);
#509 = AXIS2_PLACEMENT_3D('',#510,#511,#512);
#510 = CARTESIAN_POINT('',(-12.5,-76.45214395105,30.));
#511 = DIRECTION('',(8.659560562355E-17,0.707106781187,-0.707106781187)
  );
#512 = DIRECTION('',(-1.,0.,-1.224646799147E-16));
#513 = DEFINITIONAL_REPRESENTATION('',(#514),#518);
#514 = LINE('',#515,#516);
#515 = CARTESIAN_POINT('',(11.976071975527,9.865655599881));
#516 = VECTOR('',#517,1.);
#517 = DIRECTION('',(-0.57735026919,0.816496580928));
#518 = ( GEOMETRIC_REPRESENTATION_CONTEXT(2) 
PARAMETRIC_REPRESENTATION_CONTEXT() REPRESENTATION_CONTEXT('2D SPACE',''
  ) );
#519 = ADVANCED_FACE('',(#520),#431,.T.);
#520 = FACE_BOUND('',#521,.T.);
#521 = EDGE_LOOP('',(#522,#523,#546,#574));
#522 = ORIENTED_EDGE('',*,*,#415,.F.);
#523 = ORIENTED_EDGE('',*,*,#524,.F.);
#524 = EDGE_CURVE('',#525,#388,#527,.T.);
#525 = VERTEX_POINT('',#526);
#526 = CARTESIAN_POINT('',(115.,-50.,40.));
#527 = SURFACE_CURVE('',#528,(#532,#539),.PCURVE_S1.);
#528 = LINE('',#529,#530);
#529 = CARTESIAN_POINT('',(125.,-50.,40.));
#530 = VECTOR('',#531,1.);
#531 = DIRECTION('',(-1.,0.,-1.224646799147E-16));
#532 = PCURVE('',#431,#533);
#533 = DEFINITIONAL_REPRESENTATION('',(#534),#538);
#534 = LINE('',#535,#536);
#535 = CARTESIAN_POINT('',(150.,-1.836970198721E-14));
#536 = VECTOR('',#537,1.);
#537 = DIRECTION('',(-1.,0.));
#538 = ( GEOMETRIC_REPRESENTATION_CONTEXT(2) 
PARAMETRIC_REPRESENTATION_CONTEXT() REPRESENTATION_CONTEXT('2D SPACE',''
  ) );
#539 = PCURVE('',#154,#540);
#540 = DEFINITIONAL_REPRESENTATION('',(#541),#545);
#541 = LINE('',#542,#543);
#542 = CARTESIAN_POINT('',(-125.,50.));
#543 = VECTOR('',#544,1.);
#544 = DIRECTION('',(1.,0.));
#545 = ( GEOMETRIC_REPRESENTATION_CONTEXT(2) 
PARAMETRIC_REPRESENTATION_CONTEXT() REPRESENTATION_CONTEXT('2D SPACE',''
  ) );
#546 = ORIENTED_EDGE('',*,*,#547,.F.);
#547 = EDGE_CURVE('',#548,#525,#550,.T.);
#548 = VERTEX_POINT('',#549);
#549 = CARTESIAN_POINT('',(115.,-50.,50.));
#550 = SURFACE_CURVE('',#551,(#555,#562),.PCURVE_S1.);
#551 = LINE('',#552,#553);
#552 = CARTESIAN_POINT('',(115.,-50.,40.));
#553 = VECTOR('',#554,1.);
#554 = DIRECTION('',(1.224646799147E-16,0.,-1.));
#555 = PCURVE('',#431,#556);
#556 = DEFINITIONAL_REPRESENTATION('',(#557),#561);
#557 = LINE('',#558,#559);
#558 = CARTESIAN_POINT('',(140.,-1.714505518806E-14));
#559 = VECTOR('',#560,1.);
#560 = DIRECTION('',(0.,-1.));
#561 = ( GEOMETRIC_REPRESENTATION_CONTEXT(2) 
PARAMETRIC_REPRESENTATION_CONTEXT() REPRESENTATION_CONTEXT('2D SPACE',''
  ) );
#562 = PCURVE('',#563,#568);
#563 = CYLINDRICAL_SURFACE('',#564,10.);
#564 = AXIS2_PLACEMENT_3D('',#565,#566,#567);
#565 = CARTESIAN_POINT('',(115.,-40.,40.));
#566 = DIRECTION('',(-1.224646799147E-16,0.,1.));
#567 = DIRECTION('',(0.707106781187,-0.707106781187,8.659560562355E-17)
  );
#568 = DEFINITIONAL_REPRESENTATION('',(#569),#573);
#569 = LINE('',#570,#571);
#570 = CARTESIAN_POINT('',(-0.785398163397,0.));
#571 = VECTOR('',#572,1.);
#572 = DIRECTION('',(0.,-1.));
#573 = ( GEOMETRIC_REPRESENTATION_CONTEXT(2) 
PARAMETRIC_REPRESENTATION_CONTEXT() REPRESENTATION_CONTEXT('2D SPACE',''
  ) );
#574 = ORIENTED_EDGE('',*,*,#575,.F.);
#575 = EDGE_CURVE('',#416,#548,#576,.T.);
#576 = SURFACE_CURVE('',#577,(#581,#588),.PCURVE_S1.);
#577 = LINE('',#578,#579);
#578 = CARTESIAN_POINT('',(125.,-50.,50.));
#579 = VECTOR('',#580,1.);
#580 = DIRECTION('',(1.,0.,1.224646799147E-16));
#581 = PCURVE('',#431,#582);
#582 = DEFINITIONAL_REPRESENTATION('',(#583),#587);
#583 = LINE('',#584,#585);
#584 = CARTESIAN_POINT('',(150.,10.));
#585 = VECTOR('',#586,1.);
#586 = DIRECTION('',(1.,0.));
#587 = ( GEOMETRIC_REPRESENTATION_CONTEXT(2) 
PARAMETRIC_REPRESENTATION_CONTEXT() REPRESENTATION_CONTEXT('2D SPACE',''
  ) );
#588 = PCURVE('',#100,#589);
#589 = DEFINITIONAL_REPRESENTATION('',(#590),#594);
#590 = LINE('',#591,#592);
#591 = CARTESIAN_POINT('',(125.,-50.));
#592 = VECTOR('',#593,1.);
#593 = DIRECTION('',(1.,0.));
#594 = ( GEOMETRIC_REPRESENTATION_CONTEXT(2) 
PARAMETRIC_REPRESENTATION_CONTEXT() REPRESENTATION_CONTEXT('2D SPACE',''
  ) );
#595 = ADVANCED_FACE('',(#596),#610,.T.);
#596 = FACE_BOUND('',#597,.T.);
#597 = EDGE_LOOP('',(#598,#628,#651,#679,#707,#735,#763,#791));
#598 = ORIENTED_EDGE('',*,*,#599,.T.);
#599 = EDGE_CURVE('',#600,#602,#604,.T.);
#600 = VERTEX_POINT('',#601);
#601 = CARTESIAN_POINT('',(-25.,-96.45214395105,40.1));
#602 = VERTEX_POINT('',#603);
#603 = CARTESIAN_POINT('',(-25.,-86.55214395105,50.));
#604 = SURFACE_CURVE('',#605,(#609,#621),.PCURVE_S1.);
#605 = LINE('',#606,#607);
#606 = CARTESIAN_POINT('',(-25.,-112.802143951,23.75));
#607 = VECTOR('',#608,1.);
#608 = DIRECTION('',(-8.659560562355E-17,0.707106781187,0.707106781187)
  );
#609 = PCURVE('',#610,#615);
#610 = PLANE('',#611);
#611 = AXIS2_PLACEMENT_3D('',#612,#613,#614);
#612 = CARTESIAN_POINT('',(-62.5,-101.552143951,35.));
#613 = DIRECTION('',(-8.659560562355E-17,-0.707106781187,0.707106781187)
  );
#614 = DIRECTION('',(1.,0.,1.224646799147E-16));
#615 = DEFINITIONAL_REPRESENTATION('',(#616),#620);
#616 = LINE('',#617,#618);
#617 = CARTESIAN_POINT('',(37.5,-15.90990257669));
#618 = VECTOR('',#619,1.);
#619 = DIRECTION('',(0.,1.));
#620 = ( GEOMETRIC_REPRESENTATION_CONTEXT(2) 
PARAMETRIC_REPRESENTATION_CONTEXT() REPRESENTATION_CONTEXT('2D SPACE',''
  ) );
#621 = PCURVE('',#482,#622);
#622 = DEFINITIONAL_REPRESENTATION('',(#623),#627);
#623 = LINE('',#624,#625);
#624 = CARTESIAN_POINT('',(-1.25,23.75));
#625 = VECTOR('',#626,1.);
#626 = DIRECTION('',(0.707106781187,0.707106781187));
#627 = ( GEOMETRIC_REPRESENTATION_CONTEXT(2) 
PARAMETRIC_REPRESENTATION_CONTEXT() REPRESENTATION_CONTEXT('2D SPACE',''
  ) );
#628 = ORIENTED_EDGE('',*,*,#629,.T.);
#629 = EDGE_CURVE('',#602,#630,#632,.T.);
#630 = VERTEX_POINT('',#631);
#631 = CARTESIAN_POINT('',(-125.,-86.55214395105,50.));
#632 = SURFACE_CURVE('',#633,(#637,#644),.PCURVE_S1.);
#633 = LINE('',#634,#635);
#634 = CARTESIAN_POINT('',(-62.5,-86.55214395105,50.));
#635 = VECTOR('',#636,1.);
#636 = DIRECTION('',(-1.,0.,-1.224646799147E-16));
#637 = PCURVE('',#610,#638);
#638 = DEFINITIONAL_REPRESENTATION('',(#639),#643);
#639 = LINE('',#640,#641);
#640 = CARTESIAN_POINT('',(1.836970198721E-15,21.213203435596));
#641 = VECTOR('',#642,1.);
#642 = DIRECTION('',(-1.,0.));
#643 = ( GEOMETRIC_REPRESENTATION_CONTEXT(2) 
PARAMETRIC_REPRESENTATION_CONTEXT() REPRESENTATION_CONTEXT('2D SPACE',''
  ) );
#644 = PCURVE('',#100,#645);
#645 = DEFINITIONAL_REPRESENTATION('',(#646),#650);
#646 = LINE('',#647,#648);
#647 = CARTESIAN_POINT('',(-62.5,-86.55214395105));
#648 = VECTOR('',#649,1.);
#649 = DIRECTION('',(-1.,0.));
#650 = ( GEOMETRIC_REPRESENTATION_CONTEXT(2) 
PARAMETRIC_REPRESENTATION_CONTEXT() REPRESENTATION_CONTEXT('2D SPACE',''
  ) );
#651 = ORIENTED_EDGE('',*,*,#652,.T.);
#652 = EDGE_CURVE('',#630,#653,#655,.T.);
#653 = VERTEX_POINT('',#654);
#654 = CARTESIAN_POINT('',(-125.,-96.45214395105,40.1));
#655 = SURFACE_CURVE('',#656,(#660,#667),.PCURVE_S1.);
#656 = LINE('',#657,#658);
#657 = CARTESIAN_POINT('',(-125.,-107.802143951,28.75));
#658 = VECTOR('',#659,1.);
#659 = DIRECTION('',(8.659560562355E-17,-0.707106781187,-0.707106781187)
  );
#660 = PCURVE('',#610,#661);
#661 = DEFINITIONAL_REPRESENTATION('',(#662),#666);
#662 = LINE('',#663,#664);
#663 = CARTESIAN_POINT('',(-62.5,-8.838834764832));
#664 = VECTOR('',#665,1.);
#665 = DIRECTION('',(0.,-1.));
#666 = ( GEOMETRIC_REPRESENTATION_CONTEXT(2) 
PARAMETRIC_REPRESENTATION_CONTEXT() REPRESENTATION_CONTEXT('2D SPACE',''
  ) );
#667 = PCURVE('',#668,#673);
#668 = PLANE('',#669);
#669 = AXIS2_PLACEMENT_3D('',#670,#671,#672);
#670 = CARTESIAN_POINT('',(-125.,-91.55214395105,0.));
#671 = DIRECTION('',(-1.,0.,-1.224646799147E-16));
#672 = DIRECTION('',(0.,-1.,-0.));
#673 = DEFINITIONAL_REPRESENTATION('',(#674),#678);
#674 = LINE('',#675,#676);
#675 = CARTESIAN_POINT('',(16.25,28.75));
#676 = VECTOR('',#677,1.);
#677 = DIRECTION('',(0.707106781187,-0.707106781187));
#678 = ( GEOMETRIC_REPRESENTATION_CONTEXT(2) 
PARAMETRIC_REPRESENTATION_CONTEXT() REPRESENTATION_CONTEXT('2D SPACE',''
  ) );
#679 = ORIENTED_EDGE('',*,*,#680,.T.);
#680 = EDGE_CURVE('',#653,#681,#683,.T.);
#681 = VERTEX_POINT('',#682);
#682 = CARTESIAN_POINT('',(-80.,-96.45214395105,40.1));
#683 = SURFACE_CURVE('',#684,(#688,#695),.PCURVE_S1.);
#684 = LINE('',#685,#686);
#685 = CARTESIAN_POINT('',(-93.75,-96.45214395105,40.1));
#686 = VECTOR('',#687,1.);
#687 = DIRECTION('',(1.,0.,1.224646799147E-16));
#688 = PCURVE('',#610,#689);
#689 = DEFINITIONAL_REPRESENTATION('',(#690),#694);
#690 = LINE('',#691,#692);
#691 = CARTESIAN_POINT('',(-31.25,7.212489168103));
#692 = VECTOR('',#693,1.);
#693 = DIRECTION('',(1.,0.));
#694 = ( GEOMETRIC_REPRESENTATION_CONTEXT(2) 
PARAMETRIC_REPRESENTATION_CONTEXT() REPRESENTATION_CONTEXT('2D SPACE',''
  ) );
#695 = PCURVE('',#696,#701);
#696 = PLANE('',#697);
#697 = AXIS2_PLACEMENT_3D('',#698,#699,#700);
#698 = CARTESIAN_POINT('',(-125.,-96.45214395105,10.));
#699 = DIRECTION('',(0.,-1.,-0.));
#700 = DIRECTION('',(1.,0.,1.224646799147E-16));
#701 = DEFINITIONAL_REPRESENTATION('',(#702),#706);
#702 = LINE('',#703,#704);
#703 = CARTESIAN_POINT('',(31.25,30.1));
#704 = VECTOR('',#705,1.);
#705 = DIRECTION('',(1.,0.));
#706 = ( GEOMETRIC_REPRESENTATION_CONTEXT(2) 
PARAMETRIC_REPRESENTATION_CONTEXT() REPRESENTATION_CONTEXT('2D SPACE',''
  ) );
#707 = ORIENTED_EDGE('',*,*,#708,.T.);
#708 = EDGE_CURVE('',#681,#709,#711,.T.);
#709 = VERTEX_POINT('',#710);
#710 = CARTESIAN_POINT('',(-80.,-116.552143951,20.));
#711 = SURFACE_CURVE('',#712,(#716,#723),.PCURVE_S1.);
#712 = LINE('',#713,#714);
#713 = CARTESIAN_POINT('',(-80.,-101.552143951,35.));
#714 = VECTOR('',#715,1.);
#715 = DIRECTION('',(8.659560562355E-17,-0.707106781187,-0.707106781187)
  );
#716 = PCURVE('',#610,#717);
#717 = DEFINITIONAL_REPRESENTATION('',(#718),#722);
#718 = LINE('',#719,#720);
#719 = CARTESIAN_POINT('',(-17.5,1.515423098412E-15));
#720 = VECTOR('',#721,1.);
#721 = DIRECTION('',(0.,-1.));
#722 = ( GEOMETRIC_REPRESENTATION_CONTEXT(2) 
PARAMETRIC_REPRESENTATION_CONTEXT() REPRESENTATION_CONTEXT('2D SPACE',''
  ) );
#723 = PCURVE('',#724,#729);
#724 = PLANE('',#725);
#725 = AXIS2_PLACEMENT_3D('',#726,#727,#728);
#726 = CARTESIAN_POINT('',(-80.,-116.552143951,50.));
#727 = DIRECTION('',(-1.,0.,-1.224646799147E-16));
#728 = DIRECTION('',(0.,1.,0.));
#729 = DEFINITIONAL_REPRESENTATION('',(#730),#734);
#730 = LINE('',#731,#732);
#731 = CARTESIAN_POINT('',(15.,15.));
#732 = VECTOR('',#733,1.);
#733 = DIRECTION('',(-0.707106781187,0.707106781187));
#734 = ( GEOMETRIC_REPRESENTATION_CONTEXT(2) 
PARAMETRIC_REPRESENTATION_CONTEXT() REPRESENTATION_CONTEXT('2D SPACE',''
  ) );
#735 = ORIENTED_EDGE('',*,*,#736,.T.);
#736 = EDGE_CURVE('',#709,#737,#739,.T.);
#737 = VERTEX_POINT('',#738);
#738 = CARTESIAN_POINT('',(-70.,-116.552143951,20.));
#739 = SURFACE_CURVE('',#740,(#744,#751),.PCURVE_S1.);
#740 = LINE('',#741,#742);
#741 = CARTESIAN_POINT('',(-62.5,-116.552143951,20.));
#742 = VECTOR('',#743,1.);
#743 = DIRECTION('',(1.,0.,1.224646799147E-16));
#744 = PCURVE('',#610,#745);
#745 = DEFINITIONAL_REPRESENTATION('',(#746),#750);
#746 = LINE('',#747,#748);
#747 = CARTESIAN_POINT('',(-1.836970198721E-15,-21.21320343559));
#748 = VECTOR('',#749,1.);
#749 = DIRECTION('',(1.,0.));
#750 = ( GEOMETRIC_REPRESENTATION_CONTEXT(2) 
PARAMETRIC_REPRESENTATION_CONTEXT() REPRESENTATION_CONTEXT('2D SPACE',''
  ) );
#751 = PCURVE('',#752,#757);
#752 = PLANE('',#753);
#753 = AXIS2_PLACEMENT_3D('',#754,#755,#756);
#754 = CARTESIAN_POINT('',(-125.,-116.552143951,0.));
#755 = DIRECTION('',(0.,-1.,-0.));
#756 = DIRECTION('',(-1.224646799147E-16,0.,1.));
#757 = DEFINITIONAL_REPRESENTATION('',(#758),#762);
#758 = LINE('',#759,#760);
#759 = CARTESIAN_POINT('',(20.,-62.5));
#760 = VECTOR('',#761,1.);
#761 = DIRECTION('',(0.,-1.));
#762 = ( GEOMETRIC_REPRESENTATION_CONTEXT(2) 
PARAMETRIC_REPRESENTATION_CONTEXT() REPRESENTATION_CONTEXT('2D SPACE',''
  ) );
#763 = ORIENTED_EDGE('',*,*,#764,.T.);
#764 = EDGE_CURVE('',#737,#765,#767,.T.);
#765 = VERTEX_POINT('',#766);
#766 = CARTESIAN_POINT('',(-70.,-96.45214395105,40.1));
#767 = SURFACE_CURVE('',#768,(#772,#779),.PCURVE_S1.);
#768 = LINE('',#769,#770);
#769 = CARTESIAN_POINT('',(-70.,-95.27714395105,41.275));
#770 = VECTOR('',#771,1.);
#771 = DIRECTION('',(-8.659560562355E-17,0.707106781187,0.707106781187)
  );
#772 = PCURVE('',#610,#773);
#773 = DEFINITIONAL_REPRESENTATION('',(#774),#778);
#774 = LINE('',#775,#776);
#775 = CARTESIAN_POINT('',(-7.5,8.874190103891));
#776 = VECTOR('',#777,1.);
#777 = DIRECTION('',(0.,1.));
#778 = ( GEOMETRIC_REPRESENTATION_CONTEXT(2) 
PARAMETRIC_REPRESENTATION_CONTEXT() REPRESENTATION_CONTEXT('2D SPACE',''
  ) );
#779 = PCURVE('',#780,#785);
#780 = PLANE('',#781);
#781 = AXIS2_PLACEMENT_3D('',#782,#783,#784);
#782 = CARTESIAN_POINT('',(-70.,-91.45214395105,50.));
#783 = DIRECTION('',(1.,0.,1.224646799147E-16));
#784 = DIRECTION('',(0.,-1.,-0.));
#785 = DEFINITIONAL_REPRESENTATION('',(#786),#790);
#786 = LINE('',#787,#788);
#787 = CARTESIAN_POINT('',(3.825,8.725));
#788 = VECTOR('',#789,1.);
#789 = DIRECTION('',(-0.707106781187,-0.707106781187));
#790 = ( GEOMETRIC_REPRESENTATION_CONTEXT(2) 
PARAMETRIC_REPRESENTATION_CONTEXT() REPRESENTATION_CONTEXT('2D SPACE',''
  ) );
#791 = ORIENTED_EDGE('',*,*,#792,.T.);
#792 = EDGE_CURVE('',#765,#600,#793,.T.);
#793 = SURFACE_CURVE('',#794,(#798,#805),.PCURVE_S1.);
#794 = LINE('',#795,#796);
#795 = CARTESIAN_POINT('',(-93.75,-96.45214395105,40.1));
#796 = VECTOR('',#797,1.);
#797 = DIRECTION('',(1.,0.,1.224646799147E-16));
#798 = PCURVE('',#610,#799);
#799 = DEFINITIONAL_REPRESENTATION('',(#800),#804);
#800 = LINE('',#801,#802);
#801 = CARTESIAN_POINT('',(-31.25,7.212489168103));
#802 = VECTOR('',#803,1.);
#803 = DIRECTION('',(1.,0.));
#804 = ( GEOMETRIC_REPRESENTATION_CONTEXT(2) 
PARAMETRIC_REPRESENTATION_CONTEXT() REPRESENTATION_CONTEXT('2D SPACE',''
  ) );
#805 = PCURVE('',#806,#811);
#806 = PLANE('',#807);
#807 = AXIS2_PLACEMENT_3D('',#808,#809,#810);
#808 = CARTESIAN_POINT('',(-125.,-96.45214395105,10.));
#809 = DIRECTION('',(0.,-1.,-0.));
#810 = DIRECTION('',(1.,0.,1.224646799147E-16));
#811 = DEFINITIONAL_REPRESENTATION('',(#812),#816);
#812 = LINE('',#813,#814);
#813 = CARTESIAN_POINT('',(31.25,30.1));
#814 = VECTOR('',#815,1.);
#815 = DIRECTION('',(1.,0.));
#816 = ( GEOMETRIC_REPRESENTATION_CONTEXT(2) 
PARAMETRIC_REPRESENTATION_CONTEXT() REPRESENTATION_CONTEXT('2D SPACE',''
  ) );
#817 = ADVANCED_FACE('',(#818),#806,.T.);
#818 = FACE_BOUND('',#819,.T.);
#819 = EDGE_LOOP('',(#820,#821,#844,#872));
#820 = ORIENTED_EDGE('',*,*,#792,.F.);
#821 = ORIENTED_EDGE('',*,*,#822,.T.);
#822 = EDGE_CURVE('',#765,#823,#825,.T.);
#823 = VERTEX_POINT('',#824);
#824 = CARTESIAN_POINT('',(-70.,-96.45214395105,10.));
#825 = SURFACE_CURVE('',#826,(#830,#837),.PCURVE_S1.);
#826 = LINE('',#827,#828);
#827 = CARTESIAN_POINT('',(-70.,-96.45214395105,30.));
#828 = VECTOR('',#829,1.);
#829 = DIRECTION('',(1.224646799147E-16,0.,-1.));
#830 = PCURVE('',#806,#831);
#831 = DEFINITIONAL_REPRESENTATION('',(#832),#836);
#832 = LINE('',#833,#834);
#833 = CARTESIAN_POINT('',(55.,20.));
#834 = VECTOR('',#835,1.);
#835 = DIRECTION('',(0.,-1.));
#836 = ( GEOMETRIC_REPRESENTATION_CONTEXT(2) 
PARAMETRIC_REPRESENTATION_CONTEXT() REPRESENTATION_CONTEXT('2D SPACE',''
  ) );
#837 = PCURVE('',#780,#838);
#838 = DEFINITIONAL_REPRESENTATION('',(#839),#843);
#839 = LINE('',#840,#841);
#840 = CARTESIAN_POINT('',(5.,20.));
#841 = VECTOR('',#842,1.);
#842 = DIRECTION('',(0.,1.));
#843 = ( GEOMETRIC_REPRESENTATION_CONTEXT(2) 
PARAMETRIC_REPRESENTATION_CONTEXT() REPRESENTATION_CONTEXT('2D SPACE',''
  ) );
#844 = ORIENTED_EDGE('',*,*,#845,.F.);
#845 = EDGE_CURVE('',#846,#823,#848,.T.);
#846 = VERTEX_POINT('',#847);
#847 = CARTESIAN_POINT('',(-25.,-96.45214395105,10.));
#848 = SURFACE_CURVE('',#849,(#853,#860),.PCURVE_S1.);
#849 = LINE('',#850,#851);
#850 = CARTESIAN_POINT('',(-100.,-96.45214395105,10.));
#851 = VECTOR('',#852,1.);
#852 = DIRECTION('',(-1.,0.,-1.224646799147E-16));
#853 = PCURVE('',#806,#854);
#854 = DEFINITIONAL_REPRESENTATION('',(#855),#859);
#855 = LINE('',#856,#857);
#856 = CARTESIAN_POINT('',(25.,-3.061616997868E-15));
#857 = VECTOR('',#858,1.);
#858 = DIRECTION('',(-1.,0.));
#859 = ( GEOMETRIC_REPRESENTATION_CONTEXT(2) 
PARAMETRIC_REPRESENTATION_CONTEXT() REPRESENTATION_CONTEXT('2D SPACE',''
  ) );
#860 = PCURVE('',#861,#866);
#861 = PLANE('',#862);
#862 = AXIS2_PLACEMENT_3D('',#863,#864,#865);
#863 = CARTESIAN_POINT('',(-75.,-101.552143951,10.));
#864 = DIRECTION('',(-1.224646799147E-16,0.,1.));
#865 = DIRECTION('',(1.,0.,1.224646799147E-16));
#866 = DEFINITIONAL_REPRESENTATION('',(#867),#871);
#867 = LINE('',#868,#869);
#868 = CARTESIAN_POINT('',(-25.,5.1));
#869 = VECTOR('',#870,1.);
#870 = DIRECTION('',(-1.,0.));
#871 = ( GEOMETRIC_REPRESENTATION_CONTEXT(2) 
PARAMETRIC_REPRESENTATION_CONTEXT() REPRESENTATION_CONTEXT('2D SPACE',''
  ) );
#872 = ORIENTED_EDGE('',*,*,#873,.T.);
#873 = EDGE_CURVE('',#846,#600,#874,.T.);
#874 = SURFACE_CURVE('',#875,(#879,#886),.PCURVE_S1.);
#875 = LINE('',#876,#877);
#876 = CARTESIAN_POINT('',(-25.,-96.45214395105,10.));
#877 = VECTOR('',#878,1.);
#878 = DIRECTION('',(-1.224646799147E-16,0.,1.));
#879 = PCURVE('',#806,#880);
#880 = DEFINITIONAL_REPRESENTATION('',(#881),#885);
#881 = LINE('',#882,#883);
#882 = CARTESIAN_POINT('',(100.,1.964386723729E-15));
#883 = VECTOR('',#884,1.);
#884 = DIRECTION('',(0.,1.));
#885 = ( GEOMETRIC_REPRESENTATION_CONTEXT(2) 
PARAMETRIC_REPRESENTATION_CONTEXT() REPRESENTATION_CONTEXT('2D SPACE',''
  ) );
#886 = PCURVE('',#482,#887);
#887 = DEFINITIONAL_REPRESENTATION('',(#888),#892);
#888 = LINE('',#889,#890);
#889 = CARTESIAN_POINT('',(15.1,10.));
#890 = VECTOR('',#891,1.);
#891 = DIRECTION('',(0.,1.));
#892 = ( GEOMETRIC_REPRESENTATION_CONTEXT(2) 
PARAMETRIC_REPRESENTATION_CONTEXT() REPRESENTATION_CONTEXT('2D SPACE',''
  ) );
#893 = ADVANCED_FACE('',(#894),#780,.T.);
#894 = FACE_BOUND('',#895,.T.);
#895 = EDGE_LOOP('',(#896,#897,#920,#941));
#896 = ORIENTED_EDGE('',*,*,#764,.F.);
#897 = ORIENTED_EDGE('',*,*,#898,.T.);
#898 = EDGE_CURVE('',#737,#899,#901,.T.);
#899 = VERTEX_POINT('',#900);
#900 = CARTESIAN_POINT('',(-70.,-116.552143951,10.));
#901 = SURFACE_CURVE('',#902,(#906,#913),.PCURVE_S1.);
#902 = LINE('',#903,#904);
#903 = CARTESIAN_POINT('',(-70.,-116.552143951,50.));
#904 = VECTOR('',#905,1.);
#905 = DIRECTION('',(1.224646799147E-16,0.,-1.));
#906 = PCURVE('',#780,#907);
#907 = DEFINITIONAL_REPRESENTATION('',(#908),#912);
#908 = LINE('',#909,#910);
#909 = CARTESIAN_POINT('',(25.1,0.));
#910 = VECTOR('',#911,1.);
#911 = DIRECTION('',(0.,1.));
#912 = ( GEOMETRIC_REPRESENTATION_CONTEXT(2) 
PARAMETRIC_REPRESENTATION_CONTEXT() REPRESENTATION_CONTEXT('2D SPACE',''
  ) );
#913 = PCURVE('',#752,#914);
#914 = DEFINITIONAL_REPRESENTATION('',(#915),#919);
#915 = LINE('',#916,#917);
#916 = CARTESIAN_POINT('',(50.,-55.));
#917 = VECTOR('',#918,1.);
#918 = DIRECTION('',(-1.,0.));
#919 = ( GEOMETRIC_REPRESENTATION_CONTEXT(2) 
PARAMETRIC_REPRESENTATION_CONTEXT() REPRESENTATION_CONTEXT('2D SPACE',''
  ) );
#920 = ORIENTED_EDGE('',*,*,#921,.F.);
#921 = EDGE_CURVE('',#823,#899,#922,.T.);
#922 = SURFACE_CURVE('',#923,(#927,#934),.PCURVE_S1.);
#923 = LINE('',#924,#925);
#924 = CARTESIAN_POINT('',(-70.,-96.50214395105,10.));
#925 = VECTOR('',#926,1.);
#926 = DIRECTION('',(0.,-1.,-0.));
#927 = PCURVE('',#780,#928);
#928 = DEFINITIONAL_REPRESENTATION('',(#929),#933);
#929 = LINE('',#930,#931);
#930 = CARTESIAN_POINT('',(5.05,40.));
#931 = VECTOR('',#932,1.);
#932 = DIRECTION('',(1.,0.));
#933 = ( GEOMETRIC_REPRESENTATION_CONTEXT(2) 
PARAMETRIC_REPRESENTATION_CONTEXT() REPRESENTATION_CONTEXT('2D SPACE',''
  ) );
#934 = PCURVE('',#861,#935);
#935 = DEFINITIONAL_REPRESENTATION('',(#936),#940);
#936 = LINE('',#937,#938);
#937 = CARTESIAN_POINT('',(5.,5.05));
#938 = VECTOR('',#939,1.);
#939 = DIRECTION('',(0.,-1.));
#940 = ( GEOMETRIC_REPRESENTATION_CONTEXT(2) 
PARAMETRIC_REPRESENTATION_CONTEXT() REPRESENTATION_CONTEXT('2D SPACE',''
  ) );
#941 = ORIENTED_EDGE('',*,*,#822,.F.);
#942 = ADVANCED_FACE('',(#943),#752,.T.);
#943 = FACE_BOUND('',#944,.T.);
#944 = EDGE_LOOP('',(#945,#946,#969,#997,#1020,#1048,#1071,#1092));
#945 = ORIENTED_EDGE('',*,*,#736,.F.);
#946 = ORIENTED_EDGE('',*,*,#947,.T.);
#947 = EDGE_CURVE('',#709,#948,#950,.T.);
#948 = VERTEX_POINT('',#949);
#949 = CARTESIAN_POINT('',(-80.,-116.552143951,10.));
#950 = SURFACE_CURVE('',#951,(#955,#962),.PCURVE_S1.);
#951 = LINE('',#952,#953);
#952 = CARTESIAN_POINT('',(-80.,-116.552143951,50.));
#953 = VECTOR('',#954,1.);
#954 = DIRECTION('',(1.224646799147E-16,0.,-1.));
#955 = PCURVE('',#752,#956);
#956 = DEFINITIONAL_REPRESENTATION('',(#957),#961);
#957 = LINE('',#958,#959);
#958 = CARTESIAN_POINT('',(50.,-45.));
#959 = VECTOR('',#960,1.);
#960 = DIRECTION('',(-1.,0.));
#961 = ( GEOMETRIC_REPRESENTATION_CONTEXT(2) 
PARAMETRIC_REPRESENTATION_CONTEXT() REPRESENTATION_CONTEXT('2D SPACE',''
  ) );
#962 = PCURVE('',#724,#963);
#963 = DEFINITIONAL_REPRESENTATION('',(#964),#968);
#964 = LINE('',#965,#966);
#965 = CARTESIAN_POINT('',(0.,0.));
#966 = VECTOR('',#967,1.);
#967 = DIRECTION('',(0.,1.));
#968 = ( GEOMETRIC_REPRESENTATION_CONTEXT(2) 
PARAMETRIC_REPRESENTATION_CONTEXT() REPRESENTATION_CONTEXT('2D SPACE',''
  ) );
#969 = ORIENTED_EDGE('',*,*,#970,.T.);
#970 = EDGE_CURVE('',#948,#971,#973,.T.);
#971 = VERTEX_POINT('',#972);
#972 = CARTESIAN_POINT('',(-125.,-116.552143951,10.));
#973 = SURFACE_CURVE('',#974,(#978,#985),.PCURVE_S1.);
#974 = LINE('',#975,#976);
#975 = CARTESIAN_POINT('',(-25.,-116.552143951,10.));
#976 = VECTOR('',#977,1.);
#977 = DIRECTION('',(-1.,0.,-1.224646799147E-16));
#978 = PCURVE('',#752,#979);
#979 = DEFINITIONAL_REPRESENTATION('',(#980),#984);
#980 = LINE('',#981,#982);
#981 = CARTESIAN_POINT('',(10.,-100.));
#982 = VECTOR('',#983,1.);
#983 = DIRECTION('',(0.,1.));
#984 = ( GEOMETRIC_REPRESENTATION_CONTEXT(2) 
PARAMETRIC_REPRESENTATION_CONTEXT() REPRESENTATION_CONTEXT('2D SPACE',''
  ) );
#985 = PCURVE('',#986,#991);
#986 = PLANE('',#987);
#987 = AXIS2_PLACEMENT_3D('',#988,#989,#990);
#988 = CARTESIAN_POINT('',(-75.,-101.552143951,10.));
#989 = DIRECTION('',(-1.224646799147E-16,0.,1.));
#990 = DIRECTION('',(1.,0.,1.224646799147E-16));
#991 = DEFINITIONAL_REPRESENTATION('',(#992),#996);
#992 = LINE('',#993,#994);
#993 = CARTESIAN_POINT('',(50.,-15.));
#994 = VECTOR('',#995,1.);
#995 = DIRECTION('',(-1.,0.));
#996 = ( GEOMETRIC_REPRESENTATION_CONTEXT(2) 
PARAMETRIC_REPRESENTATION_CONTEXT() REPRESENTATION_CONTEXT('2D SPACE',''
  ) );
#997 = ORIENTED_EDGE('',*,*,#998,.T.);
#998 = EDGE_CURVE('',#971,#999,#1001,.T.);
#999 = VERTEX_POINT('',#1000);
#1000 = CARTESIAN_POINT('',(-125.,-116.552143951,0.));
#1001 = SURFACE_CURVE('',#1002,(#1006,#1013),.PCURVE_S1.);
#1002 = LINE('',#1003,#1004);
#1003 = CARTESIAN_POINT('',(-125.,-116.552143951,0.));
#1004 = VECTOR('',#1005,1.);
#1005 = DIRECTION('',(1.224646799147E-16,0.,-1.));
#1006 = PCURVE('',#752,#1007);
#1007 = DEFINITIONAL_REPRESENTATION('',(#1008),#1012);
#1008 = LINE('',#1009,#1010);
#1009 = CARTESIAN_POINT('',(0.,0.));
#1010 = VECTOR('',#1011,1.);
#1011 = DIRECTION('',(-1.,0.));
#1012 = ( GEOMETRIC_REPRESENTATION_CONTEXT(2) 
PARAMETRIC_REPRESENTATION_CONTEXT() REPRESENTATION_CONTEXT('2D SPACE',''
  ) );
#1013 = PCURVE('',#668,#1014);
#1014 = DEFINITIONAL_REPRESENTATION('',(#1015),#1019);
#1015 = LINE('',#1016,#1017);
#1016 = CARTESIAN_POINT('',(25.,0.));
#1017 = VECTOR('',#1018,1.);
#1018 = DIRECTION('',(0.,-1.));
#1019 = ( GEOMETRIC_REPRESENTATION_CONTEXT(2) 
PARAMETRIC_REPRESENTATION_CONTEXT() REPRESENTATION_CONTEXT('2D SPACE',''
  ) );
#1020 = ORIENTED_EDGE('',*,*,#1021,.T.);
#1021 = EDGE_CURVE('',#999,#1022,#1024,.T.);
#1022 = VERTEX_POINT('',#1023);
#1023 = CARTESIAN_POINT('',(-25.,-116.552143951,1.42108547152E-14));
#1024 = SURFACE_CURVE('',#1025,(#1029,#1036),.PCURVE_S1.);
#1025 = LINE('',#1026,#1027);
#1026 = CARTESIAN_POINT('',(-25.,-116.552143951,1.42108547152E-14));
#1027 = VECTOR('',#1028,1.);
#1028 = DIRECTION('',(1.,0.,1.224646799147E-16));
#1029 = PCURVE('',#752,#1030);
#1030 = DEFINITIONAL_REPRESENTATION('',(#1031),#1035);
#1031 = LINE('',#1032,#1033);
#1032 = CARTESIAN_POINT('',(1.964386723729E-15,-100.));
#1033 = VECTOR('',#1034,1.);
#1034 = DIRECTION('',(0.,-1.));
#1035 = ( GEOMETRIC_REPRESENTATION_CONTEXT(2) 
PARAMETRIC_REPRESENTATION_CONTEXT() REPRESENTATION_CONTEXT('2D SPACE',''
  ) );
#1036 = PCURVE('',#1037,#1042);
#1037 = PLANE('',#1038);
#1038 = AXIS2_PLACEMENT_3D('',#1039,#1040,#1041);
#1039 = CARTESIAN_POINT('',(-75.,-101.552143951,1.42108547152E-14));
#1040 = DIRECTION('',(-1.224646799147E-16,0.,1.));
#1041 = DIRECTION('',(-1.,0.,-1.224646799147E-16));
#1042 = DEFINITIONAL_REPRESENTATION('',(#1043),#1047);
#1043 = LINE('',#1044,#1045);
#1044 = CARTESIAN_POINT('',(-50.,15.));
#1045 = VECTOR('',#1046,1.);
#1046 = DIRECTION('',(-1.,0.));
#1047 = ( GEOMETRIC_REPRESENTATION_CONTEXT(2) 
PARAMETRIC_REPRESENTATION_CONTEXT() REPRESENTATION_CONTEXT('2D SPACE',''
  ) );
#1048 = ORIENTED_EDGE('',*,*,#1049,.T.);
#1049 = EDGE_CURVE('',#1022,#1050,#1052,.T.);
#1050 = VERTEX_POINT('',#1051);
#1051 = CARTESIAN_POINT('',(-25.,-116.552143951,10.));
#1052 = SURFACE_CURVE('',#1053,(#1057,#1064),.PCURVE_S1.);
#1053 = LINE('',#1054,#1055);
#1054 = CARTESIAN_POINT('',(-25.,-116.552143951,1.42108547152E-14));
#1055 = VECTOR('',#1056,1.);
#1056 = DIRECTION('',(-1.224646799147E-16,0.,1.));
#1057 = PCURVE('',#752,#1058);
#1058 = DEFINITIONAL_REPRESENTATION('',(#1059),#1063);
#1059 = LINE('',#1060,#1061);
#1060 = CARTESIAN_POINT('',(1.964386723729E-15,-100.));
#1061 = VECTOR('',#1062,1.);
#1062 = DIRECTION('',(1.,0.));
#1063 = ( GEOMETRIC_REPRESENTATION_CONTEXT(2) 
PARAMETRIC_REPRESENTATION_CONTEXT() REPRESENTATION_CONTEXT('2D SPACE',''
  ) );
#1064 = PCURVE('',#482,#1065);
#1065 = DEFINITIONAL_REPRESENTATION('',(#1066),#1070);
#1066 = LINE('',#1067,#1068);
#1067 = CARTESIAN_POINT('',(-5.,0.));
#1068 = VECTOR('',#1069,1.);
#1069 = DIRECTION('',(0.,1.));
#1070 = ( GEOMETRIC_REPRESENTATION_CONTEXT(2) 
PARAMETRIC_REPRESENTATION_CONTEXT() REPRESENTATION_CONTEXT('2D SPACE',''
  ) );
#1071 = ORIENTED_EDGE('',*,*,#1072,.T.);
#1072 = EDGE_CURVE('',#1050,#899,#1073,.T.);
#1073 = SURFACE_CURVE('',#1074,(#1078,#1085),.PCURVE_S1.);
#1074 = LINE('',#1075,#1076);
#1075 = CARTESIAN_POINT('',(-25.,-116.552143951,10.));
#1076 = VECTOR('',#1077,1.);
#1077 = DIRECTION('',(-1.,0.,-1.224646799147E-16));
#1078 = PCURVE('',#752,#1079);
#1079 = DEFINITIONAL_REPRESENTATION('',(#1080),#1084);
#1080 = LINE('',#1081,#1082);
#1081 = CARTESIAN_POINT('',(10.,-100.));
#1082 = VECTOR('',#1083,1.);
#1083 = DIRECTION('',(0.,1.));
#1084 = ( GEOMETRIC_REPRESENTATION_CONTEXT(2) 
PARAMETRIC_REPRESENTATION_CONTEXT() REPRESENTATION_CONTEXT('2D SPACE',''
  ) );
#1085 = PCURVE('',#861,#1086);
#1086 = DEFINITIONAL_REPRESENTATION('',(#1087),#1091);
#1087 = LINE('',#1088,#1089);
#1088 = CARTESIAN_POINT('',(50.,-15.));
#1089 = VECTOR('',#1090,1.);
#1090 = DIRECTION('',(-1.,0.));
#1091 = ( GEOMETRIC_REPRESENTATION_CONTEXT(2) 
PARAMETRIC_REPRESENTATION_CONTEXT() REPRESENTATION_CONTEXT('2D SPACE',''
  ) );
#1092 = ORIENTED_EDGE('',*,*,#898,.F.);
#1093 = ADVANCED_FACE('',(#1094),#724,.T.);
#1094 = FACE_BOUND('',#1095,.T.);
#1095 = EDGE_LOOP('',(#1096,#1097,#1120,#1141));
#1096 = ORIENTED_EDGE('',*,*,#708,.F.);
#1097 = ORIENTED_EDGE('',*,*,#1098,.F.);
#1098 = EDGE_CURVE('',#1099,#681,#1101,.T.);
#1099 = VERTEX_POINT('',#1100);
#1100 = CARTESIAN_POINT('',(-80.,-96.45214395105,10.));
#1101 = SURFACE_CURVE('',#1102,(#1106,#1113),.PCURVE_S1.);
#1102 = LINE('',#1103,#1104);
#1103 = CARTESIAN_POINT('',(-80.,-96.45214395105,30.));
#1104 = VECTOR('',#1105,1.);
#1105 = DIRECTION('',(-1.224646799147E-16,0.,1.));
#1106 = PCURVE('',#724,#1107);
#1107 = DEFINITIONAL_REPRESENTATION('',(#1108),#1112);
#1108 = LINE('',#1109,#1110);
#1109 = CARTESIAN_POINT('',(20.1,20.));
#1110 = VECTOR('',#1111,1.);
#1111 = DIRECTION('',(0.,-1.));
#1112 = ( GEOMETRIC_REPRESENTATION_CONTEXT(2) 
PARAMETRIC_REPRESENTATION_CONTEXT() REPRESENTATION_CONTEXT('2D SPACE',''
  ) );
#1113 = PCURVE('',#696,#1114);
#1114 = DEFINITIONAL_REPRESENTATION('',(#1115),#1119);
#1115 = LINE('',#1116,#1117);
#1116 = CARTESIAN_POINT('',(45.,20.));
#1117 = VECTOR('',#1118,1.);
#1118 = DIRECTION('',(0.,1.));
#1119 = ( GEOMETRIC_REPRESENTATION_CONTEXT(2) 
PARAMETRIC_REPRESENTATION_CONTEXT() REPRESENTATION_CONTEXT('2D SPACE',''
  ) );
#1120 = ORIENTED_EDGE('',*,*,#1121,.F.);
#1121 = EDGE_CURVE('',#948,#1099,#1122,.T.);
#1122 = SURFACE_CURVE('',#1123,(#1127,#1134),.PCURVE_S1.);
#1123 = LINE('',#1124,#1125);
#1124 = CARTESIAN_POINT('',(-80.,-109.052143951,10.));
#1125 = VECTOR('',#1126,1.);
#1126 = DIRECTION('',(0.,1.,0.));
#1127 = PCURVE('',#724,#1128);
#1128 = DEFINITIONAL_REPRESENTATION('',(#1129),#1133);
#1129 = LINE('',#1130,#1131);
#1130 = CARTESIAN_POINT('',(7.5,40.));
#1131 = VECTOR('',#1132,1.);
#1132 = DIRECTION('',(1.,0.));
#1133 = ( GEOMETRIC_REPRESENTATION_CONTEXT(2) 
PARAMETRIC_REPRESENTATION_CONTEXT() REPRESENTATION_CONTEXT('2D SPACE',''
  ) );
#1134 = PCURVE('',#986,#1135);
#1135 = DEFINITIONAL_REPRESENTATION('',(#1136),#1140);
#1136 = LINE('',#1137,#1138);
#1137 = CARTESIAN_POINT('',(-5.,-7.5));
#1138 = VECTOR('',#1139,1.);
#1139 = DIRECTION('',(0.,1.));
#1140 = ( GEOMETRIC_REPRESENTATION_CONTEXT(2) 
PARAMETRIC_REPRESENTATION_CONTEXT() REPRESENTATION_CONTEXT('2D SPACE',''
  ) );
#1141 = ORIENTED_EDGE('',*,*,#947,.F.);
#1142 = ADVANCED_FACE('',(#1143),#349,.T.);
#1143 = FACE_BOUND('',#1144,.T.);
#1144 = EDGE_LOOP('',(#1145,#1170,#1191,#1192,#1215,#1243,#1266,#1294));
#1145 = ORIENTED_EDGE('',*,*,#1146,.T.);
#1146 = EDGE_CURVE('',#1147,#1149,#1151,.T.);
#1147 = VERTEX_POINT('',#1148);
#1148 = CARTESIAN_POINT('',(-125.,96.452143951054,40.100001357034));
#1149 = VERTEX_POINT('',#1150);
#1150 = CARTESIAN_POINT('',(-125.,86.552145976477,50.));
#1151 = SURFACE_CURVE('',#1152,(#1156,#1163),.PCURVE_S1.);
#1152 = LINE('',#1153,#1154);
#1153 = CARTESIAN_POINT('',(-125.,62.026075994377,74.526071637956));
#1154 = VECTOR('',#1155,1.);
#1155 = DIRECTION('',(-8.659560854676E-17,-0.707106757317,0.707106805056
    ));
#1156 = PCURVE('',#349,#1157);
#1157 = DEFINITIONAL_REPRESENTATION('',(#1158),#1162);
#1158 = LINE('',#1159,#1160);
#1159 = CARTESIAN_POINT('',(-112.5,-55.89830469076));
#1160 = VECTOR('',#1161,1.);
#1161 = DIRECTION('',(0.,-1.));
#1162 = ( GEOMETRIC_REPRESENTATION_CONTEXT(2) 
PARAMETRIC_REPRESENTATION_CONTEXT() REPRESENTATION_CONTEXT('2D SPACE',''
  ) );
#1163 = PCURVE('',#668,#1164);
#1164 = DEFINITIONAL_REPRESENTATION('',(#1165),#1169);
#1165 = LINE('',#1166,#1167);
#1166 = CARTESIAN_POINT('',(-153.5782199454,74.526071637956));
#1167 = VECTOR('',#1168,1.);
#1168 = DIRECTION('',(0.707106757317,0.707106805056));
#1169 = ( GEOMETRIC_REPRESENTATION_CONTEXT(2) 
PARAMETRIC_REPRESENTATION_CONTEXT() REPRESENTATION_CONTEXT('2D SPACE',''
  ) );
#1170 = ORIENTED_EDGE('',*,*,#1171,.T.);
#1171 = EDGE_CURVE('',#1149,#334,#1172,.T.);
#1172 = SURFACE_CURVE('',#1173,(#1177,#1184),.PCURVE_S1.);
#1173 = LINE('',#1174,#1175);
#1174 = CARTESIAN_POINT('',(-12.5,86.552145976477,50.));
#1175 = VECTOR('',#1176,1.);
#1176 = DIRECTION('',(1.,0.,1.224646799147E-16));
#1177 = PCURVE('',#349,#1178);
#1178 = DEFINITIONAL_REPRESENTATION('',(#1179),#1183);
#1179 = LINE('',#1180,#1181);
#1180 = CARTESIAN_POINT('',(1.836970198721E-15,-21.2132027195));
#1181 = VECTOR('',#1182,1.);
#1182 = DIRECTION('',(1.,0.));
#1183 = ( GEOMETRIC_REPRESENTATION_CONTEXT(2) 
PARAMETRIC_REPRESENTATION_CONTEXT() REPRESENTATION_CONTEXT('2D SPACE',''
  ) );
#1184 = PCURVE('',#100,#1185);
#1185 = DEFINITIONAL_REPRESENTATION('',(#1186),#1190);
#1186 = LINE('',#1187,#1188);
#1187 = CARTESIAN_POINT('',(-12.5,86.552145976477));
#1188 = VECTOR('',#1189,1.);
#1189 = DIRECTION('',(1.,0.));
#1190 = ( GEOMETRIC_REPRESENTATION_CONTEXT(2) 
PARAMETRIC_REPRESENTATION_CONTEXT() REPRESENTATION_CONTEXT('2D SPACE',''
  ) );
#1191 = ORIENTED_EDGE('',*,*,#333,.T.);
#1192 = ORIENTED_EDGE('',*,*,#1193,.T.);
#1193 = EDGE_CURVE('',#306,#1194,#1196,.T.);
#1194 = VERTEX_POINT('',#1195);
#1195 = CARTESIAN_POINT('',(-70.,96.452143951054,40.100001357034));
#1196 = SURFACE_CURVE('',#1197,(#1201,#1208),.PCURVE_S1.);
#1197 = LINE('',#1198,#1199);
#1198 = CARTESIAN_POINT('',(-18.75,96.452143951054,40.100001357034));
#1199 = VECTOR('',#1200,1.);
#1200 = DIRECTION('',(-1.,0.,-1.224646799147E-16));
#1201 = PCURVE('',#349,#1202);
#1202 = DEFINITIONAL_REPRESENTATION('',(#1203),#1207);
#1203 = LINE('',#1204,#1205);
#1204 = CARTESIAN_POINT('',(-6.25,-7.212490843766));
#1205 = VECTOR('',#1206,1.);
#1206 = DIRECTION('',(-1.,0.));
#1207 = ( GEOMETRIC_REPRESENTATION_CONTEXT(2) 
PARAMETRIC_REPRESENTATION_CONTEXT() REPRESENTATION_CONTEXT('2D SPACE',''
  ) );
#1208 = PCURVE('',#321,#1209);
#1209 = DEFINITIONAL_REPRESENTATION('',(#1210),#1214);
#1210 = LINE('',#1211,#1212);
#1211 = CARTESIAN_POINT('',(-6.25,30.100001357034));
#1212 = VECTOR('',#1213,1.);
#1213 = DIRECTION('',(1.,0.));
#1214 = ( GEOMETRIC_REPRESENTATION_CONTEXT(2) 
PARAMETRIC_REPRESENTATION_CONTEXT() REPRESENTATION_CONTEXT('2D SPACE',''
  ) );
#1215 = ORIENTED_EDGE('',*,*,#1216,.T.);
#1216 = EDGE_CURVE('',#1194,#1217,#1219,.T.);
#1217 = VERTEX_POINT('',#1218);
#1218 = CARTESIAN_POINT('',(-70.,116.55214597647,20.));
#1219 = SURFACE_CURVE('',#1220,(#1224,#1231),.PCURVE_S1.);
#1220 = LINE('',#1221,#1222);
#1221 = CARTESIAN_POINT('',(-70.,101.55214496376,35.));
#1222 = VECTOR('',#1223,1.);
#1223 = DIRECTION('',(8.659560854676E-17,0.707106757317,-0.707106805056)
  );
#1224 = PCURVE('',#349,#1225);
#1225 = DEFINITIONAL_REPRESENTATION('',(#1226),#1230);
#1226 = LINE('',#1227,#1228);
#1227 = CARTESIAN_POINT('',(-57.5,-4.979247491439E-15));
#1228 = VECTOR('',#1229,1.);
#1229 = DIRECTION('',(0.,1.));
#1230 = ( GEOMETRIC_REPRESENTATION_CONTEXT(2) 
PARAMETRIC_REPRESENTATION_CONTEXT() REPRESENTATION_CONTEXT('2D SPACE',''
  ) );
#1231 = PCURVE('',#1232,#1237);
#1232 = PLANE('',#1233);
#1233 = AXIS2_PLACEMENT_3D('',#1234,#1235,#1236);
#1234 = CARTESIAN_POINT('',(-70.,116.55214597647,50.));
#1235 = DIRECTION('',(1.,0.,1.224646799147E-16));
#1236 = DIRECTION('',(0.,-1.,-0.));
#1237 = DEFINITIONAL_REPRESENTATION('',(#1238),#1242);
#1238 = LINE('',#1239,#1240);
#1239 = CARTESIAN_POINT('',(15.000001012712,15.));
#1240 = VECTOR('',#1241,1.);
#1241 = DIRECTION('',(-0.707106757317,0.707106805056));
#1242 = ( GEOMETRIC_REPRESENTATION_CONTEXT(2) 
PARAMETRIC_REPRESENTATION_CONTEXT() REPRESENTATION_CONTEXT('2D SPACE',''
  ) );
#1243 = ORIENTED_EDGE('',*,*,#1244,.T.);
#1244 = EDGE_CURVE('',#1217,#1245,#1247,.T.);
#1245 = VERTEX_POINT('',#1246);
#1246 = CARTESIAN_POINT('',(-80.,116.55214597647,20.));
#1247 = SURFACE_CURVE('',#1248,(#1252,#1259),.PCURVE_S1.);
#1248 = LINE('',#1249,#1250);
#1249 = CARTESIAN_POINT('',(-12.5,116.55214395105,20.));
#1250 = VECTOR('',#1251,1.);
#1251 = DIRECTION('',(-1.,0.,-1.224646799147E-16));
#1252 = PCURVE('',#349,#1253);
#1253 = DEFINITIONAL_REPRESENTATION('',(#1254),#1258);
#1254 = LINE('',#1255,#1256);
#1255 = CARTESIAN_POINT('',(2.658473923168E-14,21.213202719501));
#1256 = VECTOR('',#1257,1.);
#1257 = DIRECTION('',(-1.,0.));
#1258 = ( GEOMETRIC_REPRESENTATION_CONTEXT(2) 
PARAMETRIC_REPRESENTATION_CONTEXT() REPRESENTATION_CONTEXT('2D SPACE',''
  ) );
#1259 = PCURVE('',#265,#1260);
#1260 = DEFINITIONAL_REPRESENTATION('',(#1261),#1265);
#1261 = LINE('',#1262,#1263);
#1262 = CARTESIAN_POINT('',(-20.,-12.5));
#1263 = VECTOR('',#1264,1.);
#1264 = DIRECTION('',(0.,1.));
#1265 = ( GEOMETRIC_REPRESENTATION_CONTEXT(2) 
PARAMETRIC_REPRESENTATION_CONTEXT() REPRESENTATION_CONTEXT('2D SPACE',''
  ) );
#1266 = ORIENTED_EDGE('',*,*,#1267,.T.);
#1267 = EDGE_CURVE('',#1245,#1268,#1270,.T.);
#1268 = VERTEX_POINT('',#1269);
#1269 = CARTESIAN_POINT('',(-80.,96.452143951054,40.100001357034));
#1270 = SURFACE_CURVE('',#1271,(#1275,#1282),.PCURVE_S1.);
#1271 = LINE('',#1272,#1273);
#1272 = CARTESIAN_POINT('',(-80.,95.277144881061,41.275000506356));
#1273 = VECTOR('',#1274,1.);
#1274 = DIRECTION('',(-8.659560854676E-17,-0.707106757317,0.707106805056
    ));
#1275 = PCURVE('',#349,#1276);
#1276 = DEFINITIONAL_REPRESENTATION('',(#1277),#1281);
#1277 = LINE('',#1278,#1279);
#1278 = CARTESIAN_POINT('',(-67.5,-8.87419052042));
#1279 = VECTOR('',#1280,1.);
#1280 = DIRECTION('',(0.,-1.));
#1281 = ( GEOMETRIC_REPRESENTATION_CONTEXT(2) 
PARAMETRIC_REPRESENTATION_CONTEXT() REPRESENTATION_CONTEXT('2D SPACE',''
  ) );
#1282 = PCURVE('',#1283,#1288);
#1283 = PLANE('',#1284);
#1284 = AXIS2_PLACEMENT_3D('',#1285,#1286,#1287);
#1285 = CARTESIAN_POINT('',(-80.,91.452143951054,50.));
#1286 = DIRECTION('',(-1.,0.,-1.224646799147E-16));
#1287 = DIRECTION('',(0.,1.,0.));
#1288 = DEFINITIONAL_REPRESENTATION('',(#1289),#1293);
#1289 = LINE('',#1290,#1291);
#1290 = CARTESIAN_POINT('',(3.825000930007,8.724999493644));
#1291 = VECTOR('',#1292,1.);
#1292 = DIRECTION('',(-0.707106757317,-0.707106805056));
#1293 = ( GEOMETRIC_REPRESENTATION_CONTEXT(2) 
PARAMETRIC_REPRESENTATION_CONTEXT() REPRESENTATION_CONTEXT('2D SPACE',''
  ) );
#1294 = ORIENTED_EDGE('',*,*,#1295,.T.);
#1295 = EDGE_CURVE('',#1268,#1147,#1296,.T.);
#1296 = SURFACE_CURVE('',#1297,(#1301,#1308),.PCURVE_S1.);
#1297 = LINE('',#1298,#1299);
#1298 = CARTESIAN_POINT('',(-18.75,96.452143951054,40.100001357034));
#1299 = VECTOR('',#1300,1.);
#1300 = DIRECTION('',(-1.,0.,-1.224646799147E-16));
#1301 = PCURVE('',#349,#1302);
#1302 = DEFINITIONAL_REPRESENTATION('',(#1303),#1307);
#1303 = LINE('',#1304,#1305);
#1304 = CARTESIAN_POINT('',(-6.25,-7.212490843766));
#1305 = VECTOR('',#1306,1.);
#1306 = DIRECTION('',(-1.,0.));
#1307 = ( GEOMETRIC_REPRESENTATION_CONTEXT(2) 
PARAMETRIC_REPRESENTATION_CONTEXT() REPRESENTATION_CONTEXT('2D SPACE',''
  ) );
#1308 = PCURVE('',#1309,#1314);
#1309 = PLANE('',#1310);
#1310 = AXIS2_PLACEMENT_3D('',#1311,#1312,#1313);
#1311 = CARTESIAN_POINT('',(-25.,96.452143951054,10.));
#1312 = DIRECTION('',(0.,1.,0.));
#1313 = DIRECTION('',(-1.,0.,-1.224646799147E-16));
#1314 = DEFINITIONAL_REPRESENTATION('',(#1315),#1319);
#1315 = LINE('',#1316,#1317);
#1316 = CARTESIAN_POINT('',(-6.25,30.100001357034));
#1317 = VECTOR('',#1318,1.);
#1318 = DIRECTION('',(1.,0.));
#1319 = ( GEOMETRIC_REPRESENTATION_CONTEXT(2) 
PARAMETRIC_REPRESENTATION_CONTEXT() REPRESENTATION_CONTEXT('2D SPACE',''
  ) );
#1320 = ADVANCED_FACE('',(#1321),#1232,.T.);
#1321 = FACE_BOUND('',#1322,.T.);
#1322 = EDGE_LOOP('',(#1323,#1324,#1347,#1370));
#1323 = ORIENTED_EDGE('',*,*,#1216,.F.);
#1324 = ORIENTED_EDGE('',*,*,#1325,.F.);
#1325 = EDGE_CURVE('',#1326,#1194,#1328,.T.);
#1326 = VERTEX_POINT('',#1327);
#1327 = CARTESIAN_POINT('',(-70.,96.452143951054,10.));
#1328 = SURFACE_CURVE('',#1329,(#1333,#1340),.PCURVE_S1.);
#1329 = LINE('',#1330,#1331);
#1330 = CARTESIAN_POINT('',(-70.,96.452143951054,30.));
#1331 = VECTOR('',#1332,1.);
#1332 = DIRECTION('',(-1.224646799147E-16,0.,1.));
#1333 = PCURVE('',#1232,#1334);
#1334 = DEFINITIONAL_REPRESENTATION('',(#1335),#1339);
#1335 = LINE('',#1336,#1337);
#1336 = CARTESIAN_POINT('',(20.100002025424,20.));
#1337 = VECTOR('',#1338,1.);
#1338 = DIRECTION('',(-0.,-1.));
#1339 = ( GEOMETRIC_REPRESENTATION_CONTEXT(2) 
PARAMETRIC_REPRESENTATION_CONTEXT() REPRESENTATION_CONTEXT('2D SPACE',''
  ) );
#1340 = PCURVE('',#321,#1341);
#1341 = DEFINITIONAL_REPRESENTATION('',(#1342),#1346);
#1342 = LINE('',#1343,#1344);
#1343 = CARTESIAN_POINT('',(45.,20.));
#1344 = VECTOR('',#1345,1.);
#1345 = DIRECTION('',(0.,1.));
#1346 = ( GEOMETRIC_REPRESENTATION_CONTEXT(2) 
PARAMETRIC_REPRESENTATION_CONTEXT() REPRESENTATION_CONTEXT('2D SPACE',''
  ) );
#1347 = ORIENTED_EDGE('',*,*,#1348,.F.);
#1348 = EDGE_CURVE('',#1349,#1326,#1351,.T.);
#1349 = VERTEX_POINT('',#1350);
#1350 = CARTESIAN_POINT('',(-70.,116.55214597647,10.));
#1351 = SURFACE_CURVE('',#1352,(#1356,#1363),.PCURVE_S1.);
#1352 = LINE('',#1353,#1354);
#1353 = CARTESIAN_POINT('',(-70.,109.05214496376,10.));
#1354 = VECTOR('',#1355,1.);
#1355 = DIRECTION('',(0.,-1.,-0.));
#1356 = PCURVE('',#1232,#1357);
#1357 = DEFINITIONAL_REPRESENTATION('',(#1358),#1362);
#1358 = LINE('',#1359,#1360);
#1359 = CARTESIAN_POINT('',(7.500001012712,40.));
#1360 = VECTOR('',#1361,1.);
#1361 = DIRECTION('',(1.,0.));
#1362 = ( GEOMETRIC_REPRESENTATION_CONTEXT(2) 
PARAMETRIC_REPRESENTATION_CONTEXT() REPRESENTATION_CONTEXT('2D SPACE',''
  ) );
#1363 = PCURVE('',#293,#1364);
#1364 = DEFINITIONAL_REPRESENTATION('',(#1365),#1369);
#1365 = LINE('',#1366,#1367);
#1366 = CARTESIAN_POINT('',(5.,7.500001012712));
#1367 = VECTOR('',#1368,1.);
#1368 = DIRECTION('',(0.,-1.));
#1369 = ( GEOMETRIC_REPRESENTATION_CONTEXT(2) 
PARAMETRIC_REPRESENTATION_CONTEXT() REPRESENTATION_CONTEXT('2D SPACE',''
  ) );
#1370 = ORIENTED_EDGE('',*,*,#1371,.F.);
#1371 = EDGE_CURVE('',#1217,#1349,#1372,.T.);
#1372 = SURFACE_CURVE('',#1373,(#1377,#1384),.PCURVE_S1.);
#1373 = LINE('',#1374,#1375);
#1374 = CARTESIAN_POINT('',(-70.,116.55214597647,50.));
#1375 = VECTOR('',#1376,1.);
#1376 = DIRECTION('',(1.224646799147E-16,0.,-1.));
#1377 = PCURVE('',#1232,#1378);
#1378 = DEFINITIONAL_REPRESENTATION('',(#1379),#1383);
#1379 = LINE('',#1380,#1381);
#1380 = CARTESIAN_POINT('',(0.,0.));
#1381 = VECTOR('',#1382,1.);
#1382 = DIRECTION('',(0.,1.));
#1383 = ( GEOMETRIC_REPRESENTATION_CONTEXT(2) 
PARAMETRIC_REPRESENTATION_CONTEXT() REPRESENTATION_CONTEXT('2D SPACE',''
  ) );
#1384 = PCURVE('',#265,#1385);
#1385 = DEFINITIONAL_REPRESENTATION('',(#1386),#1390);
#1386 = LINE('',#1387,#1388);
#1387 = CARTESIAN_POINT('',(-50.,45.));
#1388 = VECTOR('',#1389,1.);
#1389 = DIRECTION('',(1.,0.));
#1390 = ( GEOMETRIC_REPRESENTATION_CONTEXT(2) 
PARAMETRIC_REPRESENTATION_CONTEXT() REPRESENTATION_CONTEXT('2D SPACE',''
  ) );
#1391 = ADVANCED_FACE('',(#1392),#321,.T.);
#1392 = FACE_BOUND('',#1393,.T.);
#1393 = EDGE_LOOP('',(#1394,#1395,#1396,#1417));
#1394 = ORIENTED_EDGE('',*,*,#1193,.F.);
#1395 = ORIENTED_EDGE('',*,*,#305,.F.);
#1396 = ORIENTED_EDGE('',*,*,#1397,.F.);
#1397 = EDGE_CURVE('',#1326,#278,#1398,.T.);
#1398 = SURFACE_CURVE('',#1399,(#1403,#1410),.PCURVE_S1.);
#1399 = LINE('',#1400,#1401);
#1400 = CARTESIAN_POINT('',(-50.,96.452143951054,10.));
#1401 = VECTOR('',#1402,1.);
#1402 = DIRECTION('',(1.,0.,1.224646799147E-16));
#1403 = PCURVE('',#321,#1404);
#1404 = DEFINITIONAL_REPRESENTATION('',(#1405),#1409);
#1405 = LINE('',#1406,#1407);
#1406 = CARTESIAN_POINT('',(25.,3.061616997868E-15));
#1407 = VECTOR('',#1408,1.);
#1408 = DIRECTION('',(-1.,0.));
#1409 = ( GEOMETRIC_REPRESENTATION_CONTEXT(2) 
PARAMETRIC_REPRESENTATION_CONTEXT() REPRESENTATION_CONTEXT('2D SPACE',''
  ) );
#1410 = PCURVE('',#293,#1411);
#1411 = DEFINITIONAL_REPRESENTATION('',(#1412),#1416);
#1412 = LINE('',#1413,#1414);
#1413 = CARTESIAN_POINT('',(25.,-5.1));
#1414 = VECTOR('',#1415,1.);
#1415 = DIRECTION('',(1.,0.));
#1416 = ( GEOMETRIC_REPRESENTATION_CONTEXT(2) 
PARAMETRIC_REPRESENTATION_CONTEXT() REPRESENTATION_CONTEXT('2D SPACE',''
  ) );
#1417 = ORIENTED_EDGE('',*,*,#1325,.T.);
#1418 = ADVANCED_FACE('',(#1419,#1579,#1614,#1649,#1684,#1719,#1754,
    #1789,#1824,#1859,#1894),#100,.T.);
#1419 = FACE_BOUND('',#1420,.T.);
#1420 = EDGE_LOOP('',(#1421,#1422,#1443,#1444,#1445,#1473,#1501,#1534,
    #1555,#1556,#1557,#1558));
#1421 = ORIENTED_EDGE('',*,*,#629,.F.);
#1422 = ORIENTED_EDGE('',*,*,#1423,.T.);
#1423 = EDGE_CURVE('',#602,#444,#1424,.T.);
#1424 = SURFACE_CURVE('',#1425,(#1429,#1436),.PCURVE_S1.);
#1425 = LINE('',#1426,#1427);
#1426 = CARTESIAN_POINT('',(-25.,-96.45214395105,50.));
#1427 = VECTOR('',#1428,1.);
#1428 = DIRECTION('',(0.,1.,0.));
#1429 = PCURVE('',#100,#1430);
#1430 = DEFINITIONAL_REPRESENTATION('',(#1431),#1435);
#1431 = LINE('',#1432,#1433);
#1432 = CARTESIAN_POINT('',(-25.,-96.45214395105));
#1433 = VECTOR('',#1434,1.);
#1434 = DIRECTION('',(0.,1.));
#1435 = ( GEOMETRIC_REPRESENTATION_CONTEXT(2) 
PARAMETRIC_REPRESENTATION_CONTEXT() REPRESENTATION_CONTEXT('2D SPACE',''
  ) );
#1436 = PCURVE('',#482,#1437);
#1437 = DEFINITIONAL_REPRESENTATION('',(#1438),#1442);
#1438 = LINE('',#1439,#1440);
#1439 = CARTESIAN_POINT('',(15.1,50.));
#1440 = VECTOR('',#1441,1.);
#1441 = DIRECTION('',(1.,0.));
#1442 = ( GEOMETRIC_REPRESENTATION_CONTEXT(2) 
PARAMETRIC_REPRESENTATION_CONTEXT() REPRESENTATION_CONTEXT('2D SPACE',''
  ) );
#1443 = ORIENTED_EDGE('',*,*,#443,.F.);
#1444 = ORIENTED_EDGE('',*,*,#575,.T.);
#1445 = ORIENTED_EDGE('',*,*,#1446,.F.);
#1446 = EDGE_CURVE('',#1447,#548,#1449,.T.);
#1447 = VERTEX_POINT('',#1448);
#1448 = CARTESIAN_POINT('',(125.,-40.,50.));
#1449 = SURFACE_CURVE('',#1450,(#1455,#1466),.PCURVE_S1.);
#1450 = CIRCLE('',#1451,10.);
#1451 = AXIS2_PLACEMENT_3D('',#1452,#1453,#1454);
#1452 = CARTESIAN_POINT('',(115.,-40.,50.));
#1453 = DIRECTION('',(1.224646799147E-16,0.,-1.));
#1454 = DIRECTION('',(0.707106781187,-0.707106781187,8.659560562355E-17)
  );
#1455 = PCURVE('',#100,#1456);
#1456 = DEFINITIONAL_REPRESENTATION('',(#1457),#1465);
#1457 = ( BOUNDED_CURVE() B_SPLINE_CURVE(2,(#1458,#1459,#1460,#1461,
#1462,#1463,#1464),.UNSPECIFIED.,.T.,.F.) B_SPLINE_CURVE_WITH_KNOTS((1,2
    ,2,2,2,1),(-2.094395102393,0.,2.094395102393,4.188790204786,
6.28318530718,8.377580409573),.UNSPECIFIED.) CURVE() 
GEOMETRIC_REPRESENTATION_ITEM() RATIONAL_B_SPLINE_CURVE((1.,0.5,1.,0.5,
1.,0.5,1.)) REPRESENTATION_ITEM('') );
#1458 = CARTESIAN_POINT('',(122.07106781186,-47.07106781186));
#1459 = CARTESIAN_POINT('',(109.82361909795,-59.31851652578));
#1460 = CARTESIAN_POINT('',(105.3407417371,-42.58819045102));
#1461 = CARTESIAN_POINT('',(100.85786437626,-25.85786437626));
#1462 = CARTESIAN_POINT('',(117.58819045102,-30.3407417371));
#1463 = CARTESIAN_POINT('',(134.31851652578,-34.82361909795));
#1464 = CARTESIAN_POINT('',(122.07106781186,-47.07106781186));
#1465 = ( GEOMETRIC_REPRESENTATION_CONTEXT(2) 
PARAMETRIC_REPRESENTATION_CONTEXT() REPRESENTATION_CONTEXT('2D SPACE',''
  ) );
#1466 = PCURVE('',#563,#1467);
#1467 = DEFINITIONAL_REPRESENTATION('',(#1468),#1472);
#1468 = LINE('',#1469,#1470);
#1469 = CARTESIAN_POINT('',(6.28318530718,10.));
#1470 = VECTOR('',#1471,1.);
#1471 = DIRECTION('',(-1.,0.));
#1472 = ( GEOMETRIC_REPRESENTATION_CONTEXT(2) 
PARAMETRIC_REPRESENTATION_CONTEXT() REPRESENTATION_CONTEXT('2D SPACE',''
  ) );
#1473 = ORIENTED_EDGE('',*,*,#1474,.T.);
#1474 = EDGE_CURVE('',#1447,#1475,#1477,.T.);
#1475 = VERTEX_POINT('',#1476);
#1476 = CARTESIAN_POINT('',(125.,40.,50.));
#1477 = SURFACE_CURVE('',#1478,(#1482,#1489),.PCURVE_S1.);
#1478 = LINE('',#1479,#1480);
#1479 = CARTESIAN_POINT('',(125.,50.,50.));
#1480 = VECTOR('',#1481,1.);
#1481 = DIRECTION('',(0.,1.,0.));
#1482 = PCURVE('',#100,#1483);
#1483 = DEFINITIONAL_REPRESENTATION('',(#1484),#1488);
#1484 = LINE('',#1485,#1486);
#1485 = CARTESIAN_POINT('',(125.,50.));
#1486 = VECTOR('',#1487,1.);
#1487 = DIRECTION('',(0.,1.));
#1488 = ( GEOMETRIC_REPRESENTATION_CONTEXT(2) 
PARAMETRIC_REPRESENTATION_CONTEXT() REPRESENTATION_CONTEXT('2D SPACE',''
  ) );
#1489 = PCURVE('',#1490,#1495);
#1490 = PLANE('',#1491);
#1491 = AXIS2_PLACEMENT_3D('',#1492,#1493,#1494);
#1492 = CARTESIAN_POINT('',(125.,-50.,40.));
#1493 = DIRECTION('',(1.,0.,1.224646799147E-16));
#1494 = DIRECTION('',(0.,1.,0.));
#1495 = DEFINITIONAL_REPRESENTATION('',(#1496),#1500);
#1496 = LINE('',#1497,#1498);
#1497 = CARTESIAN_POINT('',(100.,10.));
#1498 = VECTOR('',#1499,1.);
#1499 = DIRECTION('',(1.,0.));
#1500 = ( GEOMETRIC_REPRESENTATION_CONTEXT(2) 
PARAMETRIC_REPRESENTATION_CONTEXT() REPRESENTATION_CONTEXT('2D SPACE',''
  ) );
#1501 = ORIENTED_EDGE('',*,*,#1502,.F.);
#1502 = EDGE_CURVE('',#1503,#1475,#1505,.T.);
#1503 = VERTEX_POINT('',#1504);
#1504 = CARTESIAN_POINT('',(115.,50.,50.));
#1505 = SURFACE_CURVE('',#1506,(#1511,#1522),.PCURVE_S1.);
#1506 = CIRCLE('',#1507,10.);
#1507 = AXIS2_PLACEMENT_3D('',#1508,#1509,#1510);
#1508 = CARTESIAN_POINT('',(115.,40.,50.));
#1509 = DIRECTION('',(1.224646799147E-16,0.,-1.));
#1510 = DIRECTION('',(0.707106781187,0.707106781187,8.659560562355E-17)
  );
#1511 = PCURVE('',#100,#1512);
#1512 = DEFINITIONAL_REPRESENTATION('',(#1513),#1521);
#1513 = ( BOUNDED_CURVE() B_SPLINE_CURVE(2,(#1514,#1515,#1516,#1517,
#1518,#1519,#1520),.UNSPECIFIED.,.T.,.F.) B_SPLINE_CURVE_WITH_KNOTS((1,2
    ,2,2,2,1),(-2.094395102393,0.,2.094395102393,4.188790204786,
6.28318530718,8.377580409573),.UNSPECIFIED.) CURVE() 
GEOMETRIC_REPRESENTATION_ITEM() RATIONAL_B_SPLINE_CURVE((1.,0.5,1.,0.5,
1.,0.5,1.)) REPRESENTATION_ITEM('') );
#1514 = CARTESIAN_POINT('',(122.07106781186,47.071067811865));
#1515 = CARTESIAN_POINT('',(134.31851652578,34.82361909795));
#1516 = CARTESIAN_POINT('',(117.58819045102,30.340741737109));
#1517 = CARTESIAN_POINT('',(100.85786437626,25.857864376269));
#1518 = CARTESIAN_POINT('',(105.3407417371,42.588190451025));
#1519 = CARTESIAN_POINT('',(109.82361909795,59.318516525781));
#1520 = CARTESIAN_POINT('',(122.07106781186,47.071067811865));
#1521 = ( GEOMETRIC_REPRESENTATION_CONTEXT(2) 
PARAMETRIC_REPRESENTATION_CONTEXT() REPRESENTATION_CONTEXT('2D SPACE',''
  ) );
#1522 = PCURVE('',#1523,#1528);
#1523 = CYLINDRICAL_SURFACE('',#1524,10.);
#1524 = AXIS2_PLACEMENT_3D('',#1525,#1526,#1527);
#1525 = CARTESIAN_POINT('',(115.,40.,40.));
#1526 = DIRECTION('',(-1.224646799147E-16,0.,1.));
#1527 = DIRECTION('',(0.707106781187,0.707106781187,8.659560562355E-17)
  );
#1528 = DEFINITIONAL_REPRESENTATION('',(#1529),#1533);
#1529 = LINE('',#1530,#1531);
#1530 = CARTESIAN_POINT('',(6.28318530718,10.));
#1531 = VECTOR('',#1532,1.);
#1532 = DIRECTION('',(-1.,0.));
#1533 = ( GEOMETRIC_REPRESENTATION_CONTEXT(2) 
PARAMETRIC_REPRESENTATION_CONTEXT() REPRESENTATION_CONTEXT('2D SPACE',''
  ) );
#1534 = ORIENTED_EDGE('',*,*,#1535,.T.);
#1535 = EDGE_CURVE('',#1503,#85,#1536,.T.);
#1536 = SURFACE_CURVE('',#1537,(#1541,#1548),.PCURVE_S1.);
#1537 = LINE('',#1538,#1539);
#1538 = CARTESIAN_POINT('',(-25.,50.,50.));
#1539 = VECTOR('',#1540,1.);
#1540 = DIRECTION('',(-1.,0.,-1.224646799147E-16));
#1541 = PCURVE('',#100,#1542);
#1542 = DEFINITIONAL_REPRESENTATION('',(#1543),#1547);
#1543 = LINE('',#1544,#1545);
#1544 = CARTESIAN_POINT('',(-25.,50.));
#1545 = VECTOR('',#1546,1.);
#1546 = DIRECTION('',(-1.,0.));
#1547 = ( GEOMETRIC_REPRESENTATION_CONTEXT(2) 
PARAMETRIC_REPRESENTATION_CONTEXT() REPRESENTATION_CONTEXT('2D SPACE',''
  ) );
#1548 = PCURVE('',#128,#1549);
#1549 = DEFINITIONAL_REPRESENTATION('',(#1550),#1554);
#1550 = LINE('',#1551,#1552);
#1551 = CARTESIAN_POINT('',(150.,10.));
#1552 = VECTOR('',#1553,1.);
#1553 = DIRECTION('',(1.,0.));
#1554 = ( GEOMETRIC_REPRESENTATION_CONTEXT(2) 
PARAMETRIC_REPRESENTATION_CONTEXT() REPRESENTATION_CONTEXT('2D SPACE',''
  ) );
#1555 = ORIENTED_EDGE('',*,*,#84,.F.);
#1556 = ORIENTED_EDGE('',*,*,#361,.T.);
#1557 = ORIENTED_EDGE('',*,*,#1171,.F.);
#1558 = ORIENTED_EDGE('',*,*,#1559,.T.);
#1559 = EDGE_CURVE('',#1149,#630,#1560,.T.);
#1560 = SURFACE_CURVE('',#1561,(#1565,#1572),.PCURVE_S1.);
#1561 = LINE('',#1562,#1563);
#1562 = CARTESIAN_POINT('',(-125.,96.452143951054,50.));
#1563 = VECTOR('',#1564,1.);
#1564 = DIRECTION('',(0.,-1.,-0.));
#1565 = PCURVE('',#100,#1566);
#1566 = DEFINITIONAL_REPRESENTATION('',(#1567),#1571);
#1567 = LINE('',#1568,#1569);
#1568 = CARTESIAN_POINT('',(-125.,96.452143951054));
#1569 = VECTOR('',#1570,1.);
#1570 = DIRECTION('',(0.,-1.));
#1571 = ( GEOMETRIC_REPRESENTATION_CONTEXT(2) 
PARAMETRIC_REPRESENTATION_CONTEXT() REPRESENTATION_CONTEXT('2D SPACE',''
  ) );
#1572 = PCURVE('',#668,#1573);
#1573 = DEFINITIONAL_REPRESENTATION('',(#1574),#1578);
#1574 = LINE('',#1575,#1576);
#1575 = CARTESIAN_POINT('',(-188.0042879021,50.));
#1576 = VECTOR('',#1577,1.);
#1577 = DIRECTION('',(1.,0.));
#1578 = ( GEOMETRIC_REPRESENTATION_CONTEXT(2) 
PARAMETRIC_REPRESENTATION_CONTEXT() REPRESENTATION_CONTEXT('2D SPACE',''
  ) );
#1579 = FACE_BOUND('',#1580,.T.);
#1580 = EDGE_LOOP('',(#1581));
#1581 = ORIENTED_EDGE('',*,*,#1582,.T.);
#1582 = EDGE_CURVE('',#1583,#1583,#1585,.T.);
#1583 = VERTEX_POINT('',#1584);
#1584 = CARTESIAN_POINT('',(-121.,-40.,50.));
#1585 = SURFACE_CURVE('',#1586,(#1591,#1602),.PCURVE_S1.);
#1586 = CIRCLE('',#1587,6.);
#1587 = AXIS2_PLACEMENT_3D('',#1588,#1589,#1590);
#1588 = CARTESIAN_POINT('',(-115.,-40.,50.));
#1589 = DIRECTION('',(1.224646799147E-16,0.,-1.));
#1590 = DIRECTION('',(1.,0.,1.224646799147E-16));
#1591 = PCURVE('',#100,#1592);
#1592 = DEFINITIONAL_REPRESENTATION('',(#1593),#1601);
#1593 = ( BOUNDED_CURVE() B_SPLINE_CURVE(2,(#1594,#1595,#1596,#1597,
#1598,#1599,#1600),.UNSPECIFIED.,.T.,.F.) B_SPLINE_CURVE_WITH_KNOTS((1,2
    ,2,2,2,1),(-2.094395102393,0.,2.094395102393,4.188790204786,
6.28318530718,8.377580409573),.UNSPECIFIED.) CURVE() 
GEOMETRIC_REPRESENTATION_ITEM() RATIONAL_B_SPLINE_CURVE((1.,0.5,1.,0.5,
1.,0.5,1.)) REPRESENTATION_ITEM('') );
#1594 = CARTESIAN_POINT('',(-109.,-40.));
#1595 = CARTESIAN_POINT('',(-109.,-50.39230484541));
#1596 = CARTESIAN_POINT('',(-118.,-45.1961524227));
#1597 = CARTESIAN_POINT('',(-127.,-40.));
#1598 = CARTESIAN_POINT('',(-118.,-34.80384757729));
#1599 = CARTESIAN_POINT('',(-109.,-29.60769515458));
#1600 = CARTESIAN_POINT('',(-109.,-40.));
#1601 = ( GEOMETRIC_REPRESENTATION_CONTEXT(2) 
PARAMETRIC_REPRESENTATION_CONTEXT() REPRESENTATION_CONTEXT('2D SPACE',''
  ) );
#1602 = PCURVE('',#1603,#1608);
#1603 = CYLINDRICAL_SURFACE('',#1604,6.);
#1604 = AXIS2_PLACEMENT_3D('',#1605,#1606,#1607);
#1605 = CARTESIAN_POINT('',(-115.,-40.,47.5));
#1606 = DIRECTION('',(1.224646799147E-16,0.,-1.));
#1607 = DIRECTION('',(1.,0.,1.224646799147E-16));
#1608 = DEFINITIONAL_REPRESENTATION('',(#1609),#1613);
#1609 = LINE('',#1610,#1611);
#1610 = CARTESIAN_POINT('',(0.,-2.5));
#1611 = VECTOR('',#1612,1.);
#1612 = DIRECTION('',(1.,0.));
#1613 = ( GEOMETRIC_REPRESENTATION_CONTEXT(2) 
PARAMETRIC_REPRESENTATION_CONTEXT() REPRESENTATION_CONTEXT('2D SPACE',''
  ) );
#1614 = FACE_BOUND('',#1615,.T.);
#1615 = EDGE_LOOP('',(#1616));
#1616 = ORIENTED_EDGE('',*,*,#1617,.T.);
#1617 = EDGE_CURVE('',#1618,#1618,#1620,.T.);
#1618 = VERTEX_POINT('',#1619);
#1619 = CARTESIAN_POINT('',(-121.,40.,50.));
#1620 = SURFACE_CURVE('',#1621,(#1626,#1637),.PCURVE_S1.);
#1621 = CIRCLE('',#1622,6.);
#1622 = AXIS2_PLACEMENT_3D('',#1623,#1624,#1625);
#1623 = CARTESIAN_POINT('',(-115.,40.,50.));
#1624 = DIRECTION('',(1.224646799147E-16,0.,-1.));
#1625 = DIRECTION('',(1.,0.,1.224646799147E-16));
#1626 = PCURVE('',#100,#1627);
#1627 = DEFINITIONAL_REPRESENTATION('',(#1628),#1636);
#1628 = ( BOUNDED_CURVE() B_SPLINE_CURVE(2,(#1629,#1630,#1631,#1632,
#1633,#1634,#1635),.UNSPECIFIED.,.T.,.F.) B_SPLINE_CURVE_WITH_KNOTS((1,2
    ,2,2,2,1),(-2.094395102393,0.,2.094395102393,4.188790204786,
6.28318530718,8.377580409573),.UNSPECIFIED.) CURVE() 
GEOMETRIC_REPRESENTATION_ITEM() RATIONAL_B_SPLINE_CURVE((1.,0.5,1.,0.5,
1.,0.5,1.)) REPRESENTATION_ITEM('') );
#1629 = CARTESIAN_POINT('',(-109.,40.));
#1630 = CARTESIAN_POINT('',(-109.,29.607695154587));
#1631 = CARTESIAN_POINT('',(-118.,34.803847577293));
#1632 = CARTESIAN_POINT('',(-127.,40.));
#1633 = CARTESIAN_POINT('',(-118.,45.196152422707));
#1634 = CARTESIAN_POINT('',(-109.,50.392304845413));
#1635 = CARTESIAN_POINT('',(-109.,40.));
#1636 = ( GEOMETRIC_REPRESENTATION_CONTEXT(2) 
PARAMETRIC_REPRESENTATION_CONTEXT() REPRESENTATION_CONTEXT('2D SPACE',''
  ) );
#1637 = PCURVE('',#1638,#1643);
#1638 = CYLINDRICAL_SURFACE('',#1639,6.);
#1639 = AXIS2_PLACEMENT_3D('',#1640,#1641,#1642);
#1640 = CARTESIAN_POINT('',(-115.,40.,47.5));
#1641 = DIRECTION('',(1.224646799147E-16,0.,-1.));
#1642 = DIRECTION('',(1.,0.,1.224646799147E-16));
#1643 = DEFINITIONAL_REPRESENTATION('',(#1644),#1648);
#1644 = LINE('',#1645,#1646);
#1645 = CARTESIAN_POINT('',(0.,-2.5));
#1646 = VECTOR('',#1647,1.);
#1647 = DIRECTION('',(1.,0.));
#1648 = ( GEOMETRIC_REPRESENTATION_CONTEXT(2) 
PARAMETRIC_REPRESENTATION_CONTEXT() REPRESENTATION_CONTEXT('2D SPACE',''
  ) );
#1649 = FACE_BOUND('',#1650,.T.);
#1650 = EDGE_LOOP('',(#1651));
#1651 = ORIENTED_EDGE('',*,*,#1652,.T.);
#1652 = EDGE_CURVE('',#1653,#1653,#1655,.T.);
#1653 = VERTEX_POINT('',#1654);
#1654 = CARTESIAN_POINT('',(-21.,40.,50.));
#1655 = SURFACE_CURVE('',#1656,(#1661,#1672),.PCURVE_S1.);
#1656 = CIRCLE('',#1657,6.);
#1657 = AXIS2_PLACEMENT_3D('',#1658,#1659,#1660);
#1658 = CARTESIAN_POINT('',(-15.,40.,50.));
#1659 = DIRECTION('',(1.224646799147E-16,0.,-1.));
#1660 = DIRECTION('',(1.,0.,1.224646799147E-16));
#1661 = PCURVE('',#100,#1662);
#1662 = DEFINITIONAL_REPRESENTATION('',(#1663),#1671);
#1663 = ( BOUNDED_CURVE() B_SPLINE_CURVE(2,(#1664,#1665,#1666,#1667,
#1668,#1669,#1670),.UNSPECIFIED.,.T.,.F.) B_SPLINE_CURVE_WITH_KNOTS((1,2
    ,2,2,2,1),(-2.094395102393,0.,2.094395102393,4.188790204786,
6.28318530718,8.377580409573),.UNSPECIFIED.) CURVE() 
GEOMETRIC_REPRESENTATION_ITEM() RATIONAL_B_SPLINE_CURVE((1.,0.5,1.,0.5,
1.,0.5,1.)) REPRESENTATION_ITEM('') );
#1664 = CARTESIAN_POINT('',(-9.,40.));
#1665 = CARTESIAN_POINT('',(-9.,29.607695154587));
#1666 = CARTESIAN_POINT('',(-18.,34.803847577293));
#1667 = CARTESIAN_POINT('',(-27.,40.));
#1668 = CARTESIAN_POINT('',(-18.,45.196152422707));
#1669 = CARTESIAN_POINT('',(-9.,50.392304845413));
#1670 = CARTESIAN_POINT('',(-9.,40.));
#1671 = ( GEOMETRIC_REPRESENTATION_CONTEXT(2) 
PARAMETRIC_REPRESENTATION_CONTEXT() REPRESENTATION_CONTEXT('2D SPACE',''
  ) );
#1672 = PCURVE('',#1673,#1678);
#1673 = CYLINDRICAL_SURFACE('',#1674,6.);
#1674 = AXIS2_PLACEMENT_3D('',#1675,#1676,#1677);
#1675 = CARTESIAN_POINT('',(-15.,40.,47.5));
#1676 = DIRECTION('',(1.224646799147E-16,0.,-1.));
#1677 = DIRECTION('',(1.,0.,1.224646799147E-16));
#1678 = DEFINITIONAL_REPRESENTATION('',(#1679),#1683);
#1679 = LINE('',#1680,#1681);
#1680 = CARTESIAN_POINT('',(0.,-2.5));
#1681 = VECTOR('',#1682,1.);
#1682 = DIRECTION('',(1.,0.));
#1683 = ( GEOMETRIC_REPRESENTATION_CONTEXT(2) 
PARAMETRIC_REPRESENTATION_CONTEXT() REPRESENTATION_CONTEXT('2D SPACE',''
  ) );
#1684 = FACE_BOUND('',#1685,.T.);
#1685 = EDGE_LOOP('',(#1686));
#1686 = ORIENTED_EDGE('',*,*,#1687,.T.);
#1687 = EDGE_CURVE('',#1688,#1688,#1690,.T.);
#1688 = VERTEX_POINT('',#1689);
#1689 = CARTESIAN_POINT('',(109.,-40.,50.));
#1690 = SURFACE_CURVE('',#1691,(#1696,#1707),.PCURVE_S1.);
#1691 = CIRCLE('',#1692,6.);
#1692 = AXIS2_PLACEMENT_3D('',#1693,#1694,#1695);
#1693 = CARTESIAN_POINT('',(115.,-40.,50.));
#1694 = DIRECTION('',(1.224646799147E-16,0.,-1.));
#1695 = DIRECTION('',(1.,0.,1.224646799147E-16));
#1696 = PCURVE('',#100,#1697);
#1697 = DEFINITIONAL_REPRESENTATION('',(#1698),#1706);
#1698 = ( BOUNDED_CURVE() B_SPLINE_CURVE(2,(#1699,#1700,#1701,#1702,
#1703,#1704,#1705),.UNSPECIFIED.,.T.,.F.) B_SPLINE_CURVE_WITH_KNOTS((1,2
    ,2,2,2,1),(-2.094395102393,0.,2.094395102393,4.188790204786,
6.28318530718,8.377580409573),.UNSPECIFIED.) CURVE() 
GEOMETRIC_REPRESENTATION_ITEM() RATIONAL_B_SPLINE_CURVE((1.,0.5,1.,0.5,
1.,0.5,1.)) REPRESENTATION_ITEM('') );
#1699 = CARTESIAN_POINT('',(121.,-40.));
#1700 = CARTESIAN_POINT('',(121.,-50.39230484541));
#1701 = CARTESIAN_POINT('',(112.,-45.1961524227));
#1702 = CARTESIAN_POINT('',(103.,-40.));
#1703 = CARTESIAN_POINT('',(112.,-34.80384757729));
#1704 = CARTESIAN_POINT('',(121.,-29.60769515458));
#1705 = CARTESIAN_POINT('',(121.,-40.));
#1706 = ( GEOMETRIC_REPRESENTATION_CONTEXT(2) 
PARAMETRIC_REPRESENTATION_CONTEXT() REPRESENTATION_CONTEXT('2D SPACE',''
  ) );
#1707 = PCURVE('',#1708,#1713);
#1708 = CYLINDRICAL_SURFACE('',#1709,6.);
#1709 = AXIS2_PLACEMENT_3D('',#1710,#1711,#1712);
#1710 = CARTESIAN_POINT('',(115.,-40.,47.5));
#1711 = DIRECTION('',(1.224646799147E-16,0.,-1.));
#1712 = DIRECTION('',(1.,0.,1.224646799147E-16));
#1713 = DEFINITIONAL_REPRESENTATION('',(#1714),#1718);
#1714 = LINE('',#1715,#1716);
#1715 = CARTESIAN_POINT('',(0.,-2.5));
#1716 = VECTOR('',#1717,1.);
#1717 = DIRECTION('',(1.,0.));
#1718 = ( GEOMETRIC_REPRESENTATION_CONTEXT(2) 
PARAMETRIC_REPRESENTATION_CONTEXT() REPRESENTATION_CONTEXT('2D SPACE',''
  ) );
#1719 = FACE_BOUND('',#1720,.T.);
#1720 = EDGE_LOOP('',(#1721));
#1721 = ORIENTED_EDGE('',*,*,#1722,.T.);
#1722 = EDGE_CURVE('',#1723,#1723,#1725,.T.);
#1723 = VERTEX_POINT('',#1724);
#1724 = CARTESIAN_POINT('',(-21.,-40.,50.));
#1725 = SURFACE_CURVE('',#1726,(#1731,#1742),.PCURVE_S1.);
#1726 = CIRCLE('',#1727,6.);
#1727 = AXIS2_PLACEMENT_3D('',#1728,#1729,#1730);
#1728 = CARTESIAN_POINT('',(-15.,-40.,50.));
#1729 = DIRECTION('',(1.224646799147E-16,0.,-1.));
#1730 = DIRECTION('',(1.,0.,1.224646799147E-16));
#1731 = PCURVE('',#100,#1732);
#1732 = DEFINITIONAL_REPRESENTATION('',(#1733),#1741);
#1733 = ( BOUNDED_CURVE() B_SPLINE_CURVE(2,(#1734,#1735,#1736,#1737,
#1738,#1739,#1740),.UNSPECIFIED.,.T.,.F.) B_SPLINE_CURVE_WITH_KNOTS((1,2
    ,2,2,2,1),(-2.094395102393,0.,2.094395102393,4.188790204786,
6.28318530718,8.377580409573),.UNSPECIFIED.) CURVE() 
GEOMETRIC_REPRESENTATION_ITEM() RATIONAL_B_SPLINE_CURVE((1.,0.5,1.,0.5,
1.,0.5,1.)) REPRESENTATION_ITEM('') );
#1734 = CARTESIAN_POINT('',(-9.,-40.));
#1735 = CARTESIAN_POINT('',(-9.,-50.39230484541));
#1736 = CARTESIAN_POINT('',(-18.,-45.1961524227));
#1737 = CARTESIAN_POINT('',(-27.,-40.));
#1738 = CARTESIAN_POINT('',(-18.,-34.80384757729));
#1739 = CARTESIAN_POINT('',(-9.,-29.60769515458));
#1740 = CARTESIAN_POINT('',(-9.,-40.));
#1741 = ( GEOMETRIC_REPRESENTATION_CONTEXT(2) 
PARAMETRIC_REPRESENTATION_CONTEXT() REPRESENTATION_CONTEXT('2D SPACE',''
  ) );
#1742 = PCURVE('',#1743,#1748);
#1743 = CYLINDRICAL_SURFACE('',#1744,6.);
#1744 = AXIS2_PLACEMENT_3D('',#1745,#1746,#1747);
#1745 = CARTESIAN_POINT('',(-15.,-40.,47.5));
#1746 = DIRECTION('',(1.224646799147E-16,0.,-1.));
#1747 = DIRECTION('',(1.,0.,1.224646799147E-16));
#1748 = DEFINITIONAL_REPRESENTATION('',(#1749),#1753);
#1749 = LINE('',#1750,#1751);
#1750 = CARTESIAN_POINT('',(0.,-2.5));
#1751 = VECTOR('',#1752,1.);
#1752 = DIRECTION('',(1.,0.));
#1753 = ( GEOMETRIC_REPRESENTATION_CONTEXT(2) 
PARAMETRIC_REPRESENTATION_CONTEXT() REPRESENTATION_CONTEXT('2D SPACE',''
  ) );
#1754 = FACE_BOUND('',#1755,.T.);
#1755 = EDGE_LOOP('',(#1756));
#1756 = ORIENTED_EDGE('',*,*,#1757,.T.);
#1757 = EDGE_CURVE('',#1758,#1758,#1760,.T.);
#1758 = VERTEX_POINT('',#1759);
#1759 = CARTESIAN_POINT('',(109.,40.,50.));
#1760 = SURFACE_CURVE('',#1761,(#1766,#1777),.PCURVE_S1.);
#1761 = CIRCLE('',#1762,6.);
#1762 = AXIS2_PLACEMENT_3D('',#1763,#1764,#1765);
#1763 = CARTESIAN_POINT('',(115.,40.,50.));
#1764 = DIRECTION('',(1.224646799147E-16,0.,-1.));
#1765 = DIRECTION('',(1.,0.,1.224646799147E-16));
#1766 = PCURVE('',#100,#1767);
#1767 = DEFINITIONAL_REPRESENTATION('',(#1768),#1776);
#1768 = ( BOUNDED_CURVE() B_SPLINE_CURVE(2,(#1769,#1770,#1771,#1772,
#1773,#1774,#1775),.UNSPECIFIED.,.T.,.F.) B_SPLINE_CURVE_WITH_KNOTS((1,2
    ,2,2,2,1),(-2.094395102393,0.,2.094395102393,4.188790204786,
6.28318530718,8.377580409573),.UNSPECIFIED.) CURVE() 
GEOMETRIC_REPRESENTATION_ITEM() RATIONAL_B_SPLINE_CURVE((1.,0.5,1.,0.5,
1.,0.5,1.)) REPRESENTATION_ITEM('') );
#1769 = CARTESIAN_POINT('',(121.,40.));
#1770 = CARTESIAN_POINT('',(121.,29.607695154587));
#1771 = CARTESIAN_POINT('',(112.,34.803847577293));
#1772 = CARTESIAN_POINT('',(103.,40.));
#1773 = CARTESIAN_POINT('',(112.,45.196152422707));
#1774 = CARTESIAN_POINT('',(121.,50.392304845413));
#1775 = CARTESIAN_POINT('',(121.,40.));
#1776 = ( GEOMETRIC_REPRESENTATION_CONTEXT(2) 
PARAMETRIC_REPRESENTATION_CONTEXT() REPRESENTATION_CONTEXT('2D SPACE',''
  ) );
#1777 = PCURVE('',#1778,#1783);
#1778 = CYLINDRICAL_SURFACE('',#1779,6.);
#1779 = AXIS2_PLACEMENT_3D('',#1780,#1781,#1782);
#1780 = CARTESIAN_POINT('',(115.,40.,47.5));
#1781 = DIRECTION('',(1.224646799147E-16,0.,-1.));
#1782 = DIRECTION('',(1.,0.,1.224646799147E-16));
#1783 = DEFINITIONAL_REPRESENTATION('',(#1784),#1788);
#1784 = LINE('',#1785,#1786);
#1785 = CARTESIAN_POINT('',(0.,-2.5));
#1786 = VECTOR('',#1787,1.);
#1787 = DIRECTION('',(1.,0.));
#1788 = ( GEOMETRIC_REPRESENTATION_CONTEXT(2) 
PARAMETRIC_REPRESENTATION_CONTEXT() REPRESENTATION_CONTEXT('2D SPACE',''
  ) );
#1789 = FACE_BOUND('',#1790,.T.);
#1790 = EDGE_LOOP('',(#1791));
#1791 = ORIENTED_EDGE('',*,*,#1792,.T.);
#1792 = EDGE_CURVE('',#1793,#1793,#1795,.T.);
#1793 = VERTEX_POINT('',#1794);
#1794 = CARTESIAN_POINT('',(-37.5,-35.,50.));
#1795 = SURFACE_CURVE('',#1796,(#1801,#1812),.PCURVE_S1.);
#1796 = CIRCLE('',#1797,2.5);
#1797 = AXIS2_PLACEMENT_3D('',#1798,#1799,#1800);
#1798 = CARTESIAN_POINT('',(-35.,-35.,50.));
#1799 = DIRECTION('',(1.224646799147E-16,0.,-1.));
#1800 = DIRECTION('',(1.,0.,1.224646799147E-16));
#1801 = PCURVE('',#100,#1802);
#1802 = DEFINITIONAL_REPRESENTATION('',(#1803),#1811);
#1803 = ( BOUNDED_CURVE() B_SPLINE_CURVE(2,(#1804,#1805,#1806,#1807,
#1808,#1809,#1810),.UNSPECIFIED.,.T.,.F.) B_SPLINE_CURVE_WITH_KNOTS((1,2
    ,2,2,2,1),(-2.094395102393,0.,2.094395102393,4.188790204786,
6.28318530718,8.377580409573),.UNSPECIFIED.) CURVE() 
GEOMETRIC_REPRESENTATION_ITEM() RATIONAL_B_SPLINE_CURVE((1.,0.5,1.,0.5,
1.,0.5,1.)) REPRESENTATION_ITEM('') );
#1804 = CARTESIAN_POINT('',(-32.5,-35.));
#1805 = CARTESIAN_POINT('',(-32.5,-39.33012701892));
#1806 = CARTESIAN_POINT('',(-36.25,-37.16506350946));
#1807 = CARTESIAN_POINT('',(-40.,-35.));
#1808 = CARTESIAN_POINT('',(-36.25,-32.83493649053));
#1809 = CARTESIAN_POINT('',(-32.5,-30.66987298107));
#1810 = CARTESIAN_POINT('',(-32.5,-35.));
#1811 = ( GEOMETRIC_REPRESENTATION_CONTEXT(2) 
PARAMETRIC_REPRESENTATION_CONTEXT() REPRESENTATION_CONTEXT('2D SPACE',''
  ) );
#1812 = PCURVE('',#1813,#1818);
#1813 = CYLINDRICAL_SURFACE('',#1814,2.5);
#1814 = AXIS2_PLACEMENT_3D('',#1815,#1816,#1817);
#1815 = CARTESIAN_POINT('',(-35.,-35.,30.));
#1816 = DIRECTION('',(1.224646799147E-16,0.,-1.));
#1817 = DIRECTION('',(1.,0.,1.224646799147E-16));
#1818 = DEFINITIONAL_REPRESENTATION('',(#1819),#1823);
#1819 = LINE('',#1820,#1821);
#1820 = CARTESIAN_POINT('',(0.,-20.));
#1821 = VECTOR('',#1822,1.);
#1822 = DIRECTION('',(1.,0.));
#1823 = ( GEOMETRIC_REPRESENTATION_CONTEXT(2) 
PARAMETRIC_REPRESENTATION_CONTEXT() REPRESENTATION_CONTEXT('2D SPACE',''
  ) );
#1824 = FACE_BOUND('',#1825,.T.);
#1825 = EDGE_LOOP('',(#1826));
#1826 = ORIENTED_EDGE('',*,*,#1827,.T.);
#1827 = EDGE_CURVE('',#1828,#1828,#1830,.T.);
#1828 = VERTEX_POINT('',#1829);
#1829 = CARTESIAN_POINT('',(32.5,35.,50.));
#1830 = SURFACE_CURVE('',#1831,(#1836,#1847),.PCURVE_S1.);
#1831 = CIRCLE('',#1832,2.5);
#1832 = AXIS2_PLACEMENT_3D('',#1833,#1834,#1835);
#1833 = CARTESIAN_POINT('',(35.,35.,50.));
#1834 = DIRECTION('',(1.224646799147E-16,0.,-1.));
#1835 = DIRECTION('',(1.,0.,1.224646799147E-16));
#1836 = PCURVE('',#100,#1837);
#1837 = DEFINITIONAL_REPRESENTATION('',(#1838),#1846);
#1838 = ( BOUNDED_CURVE() B_SPLINE_CURVE(2,(#1839,#1840,#1841,#1842,
#1843,#1844,#1845),.UNSPECIFIED.,.T.,.F.) B_SPLINE_CURVE_WITH_KNOTS((1,2
    ,2,2,2,1),(-2.094395102393,0.,2.094395102393,4.188790204786,
6.28318530718,8.377580409573),.UNSPECIFIED.) CURVE() 
GEOMETRIC_REPRESENTATION_ITEM() RATIONAL_B_SPLINE_CURVE((1.,0.5,1.,0.5,
1.,0.5,1.)) REPRESENTATION_ITEM('') );
#1839 = CARTESIAN_POINT('',(37.5,35.));
#1840 = CARTESIAN_POINT('',(37.5,30.669872981078));
#1841 = CARTESIAN_POINT('',(33.75,32.834936490539));
#1842 = CARTESIAN_POINT('',(30.,35.));
#1843 = CARTESIAN_POINT('',(33.75,37.165063509461));
#1844 = CARTESIAN_POINT('',(37.5,39.330127018922));
#1845 = CARTESIAN_POINT('',(37.5,35.));
#1846 = ( GEOMETRIC_REPRESENTATION_CONTEXT(2) 
PARAMETRIC_REPRESENTATION_CONTEXT() REPRESENTATION_CONTEXT('2D SPACE',''
  ) );
#1847 = PCURVE('',#1848,#1853);
#1848 = CYLINDRICAL_SURFACE('',#1849,2.5);
#1849 = AXIS2_PLACEMENT_3D('',#1850,#1851,#1852);
#1850 = CARTESIAN_POINT('',(35.,35.,30.));
#1851 = DIRECTION('',(1.224646799147E-16,0.,-1.));
#1852 = DIRECTION('',(1.,0.,1.224646799147E-16));
#1853 = DEFINITIONAL_REPRESENTATION('',(#1854),#1858);
#1854 = LINE('',#1855,#1856);
#1855 = CARTESIAN_POINT('',(0.,-20.));
#1856 = VECTOR('',#1857,1.);
#1857 = DIRECTION('',(1.,0.));
#1858 = ( GEOMETRIC_REPRESENTATION_CONTEXT(2) 
PARAMETRIC_REPRESENTATION_CONTEXT() REPRESENTATION_CONTEXT('2D SPACE',''
  ) );
#1859 = FACE_BOUND('',#1860,.T.);
#1860 = EDGE_LOOP('',(#1861));
#1861 = ORIENTED_EDGE('',*,*,#1862,.T.);
#1862 = EDGE_CURVE('',#1863,#1863,#1865,.T.);
#1863 = VERTEX_POINT('',#1864);
#1864 = CARTESIAN_POINT('',(32.5,-35.,50.));
#1865 = SURFACE_CURVE('',#1866,(#1871,#1882),.PCURVE_S1.);
#1866 = CIRCLE('',#1867,2.5);
#1867 = AXIS2_PLACEMENT_3D('',#1868,#1869,#1870);
#1868 = CARTESIAN_POINT('',(35.,-35.,50.));
#1869 = DIRECTION('',(1.224646799147E-16,0.,-1.));
#1870 = DIRECTION('',(1.,0.,1.224646799147E-16));
#1871 = PCURVE('',#100,#1872);
#1872 = DEFINITIONAL_REPRESENTATION('',(#1873),#1881);
#1873 = ( BOUNDED_CURVE() B_SPLINE_CURVE(2,(#1874,#1875,#1876,#1877,
#1878,#1879,#1880),.UNSPECIFIED.,.T.,.F.) B_SPLINE_CURVE_WITH_KNOTS((1,2
    ,2,2,2,1),(-2.094395102393,0.,2.094395102393,4.188790204786,
6.28318530718,8.377580409573),.UNSPECIFIED.) CURVE() 
GEOMETRIC_REPRESENTATION_ITEM() RATIONAL_B_SPLINE_CURVE((1.,0.5,1.,0.5,
1.,0.5,1.)) REPRESENTATION_ITEM('') );
#1874 = CARTESIAN_POINT('',(37.5,-35.));
#1875 = CARTESIAN_POINT('',(37.5,-39.33012701892));
#1876 = CARTESIAN_POINT('',(33.75,-37.16506350946));
#1877 = CARTESIAN_POINT('',(30.,-35.));
#1878 = CARTESIAN_POINT('',(33.75,-32.83493649053));
#1879 = CARTESIAN_POINT('',(37.5,-30.66987298107));
#1880 = CARTESIAN_POINT('',(37.5,-35.));
#1881 = ( GEOMETRIC_REPRESENTATION_CONTEXT(2) 
PARAMETRIC_REPRESENTATION_CONTEXT() REPRESENTATION_CONTEXT('2D SPACE',''
  ) );
#1882 = PCURVE('',#1883,#1888);
#1883 = CYLINDRICAL_SURFACE('',#1884,2.5);
#1884 = AXIS2_PLACEMENT_3D('',#1885,#1886,#1887);
#1885 = CARTESIAN_POINT('',(35.,-35.,30.));
#1886 = DIRECTION('',(1.224646799147E-16,0.,-1.));
#1887 = DIRECTION('',(1.,0.,1.224646799147E-16));
#1888 = DEFINITIONAL_REPRESENTATION('',(#1889),#1893);
#1889 = LINE('',#1890,#1891);
#1890 = CARTESIAN_POINT('',(0.,-20.));
#1891 = VECTOR('',#1892,1.);
#1892 = DIRECTION('',(1.,0.));
#1893 = ( GEOMETRIC_REPRESENTATION_CONTEXT(2) 
PARAMETRIC_REPRESENTATION_CONTEXT() REPRESENTATION_CONTEXT('2D SPACE',''
  ) );
#1894 = FACE_BOUND('',#1895,.T.);
#1895 = EDGE_LOOP('',(#1896));
#1896 = ORIENTED_EDGE('',*,*,#1897,.T.);
#1897 = EDGE_CURVE('',#1898,#1898,#1900,.T.);
#1898 = VERTEX_POINT('',#1899);
#1899 = CARTESIAN_POINT('',(-37.5,35.,50.));
#1900 = SURFACE_CURVE('',#1901,(#1906,#1917),.PCURVE_S1.);
#1901 = CIRCLE('',#1902,2.5);
#1902 = AXIS2_PLACEMENT_3D('',#1903,#1904,#1905);
#1903 = CARTESIAN_POINT('',(-35.,35.,50.));
#1904 = DIRECTION('',(1.224646799147E-16,0.,-1.));
#1905 = DIRECTION('',(1.,0.,1.224646799147E-16));
#1906 = PCURVE('',#100,#1907);
#1907 = DEFINITIONAL_REPRESENTATION('',(#1908),#1916);
#1908 = ( BOUNDED_CURVE() B_SPLINE_CURVE(2,(#1909,#1910,#1911,#1912,
#1913,#1914,#1915),.UNSPECIFIED.,.T.,.F.) B_SPLINE_CURVE_WITH_KNOTS((1,2
    ,2,2,2,1),(-2.094395102393,0.,2.094395102393,4.188790204786,
6.28318530718,8.377580409573),.UNSPECIFIED.) CURVE() 
GEOMETRIC_REPRESENTATION_ITEM() RATIONAL_B_SPLINE_CURVE((1.,0.5,1.,0.5,
1.,0.5,1.)) REPRESENTATION_ITEM('') );
#1909 = CARTESIAN_POINT('',(-32.5,35.));
#1910 = CARTESIAN_POINT('',(-32.5,30.669872981078));
#1911 = CARTESIAN_POINT('',(-36.25,32.834936490539));
#1912 = CARTESIAN_POINT('',(-40.,35.));
#1913 = CARTESIAN_POINT('',(-36.25,37.165063509461));
#1914 = CARTESIAN_POINT('',(-32.5,39.330127018922));
#1915 = CARTESIAN_POINT('',(-32.5,35.));
#1916 = ( GEOMETRIC_REPRESENTATION_CONTEXT(2) 
PARAMETRIC_REPRESENTATION_CONTEXT() REPRESENTATION_CONTEXT('2D SPACE',''
  ) );
#1917 = PCURVE('',#1918,#1923);
#1918 = CYLINDRICAL_SURFACE('',#1919,2.5);
#1919 = AXIS2_PLACEMENT_3D('',#1920,#1921,#1922);
#1920 = CARTESIAN_POINT('',(-35.,35.,30.));
#1921 = DIRECTION('',(1.224646799147E-16,0.,-1.));
#1922 = DIRECTION('',(1.,0.,1.224646799147E-16));
#1923 = DEFINITIONAL_REPRESENTATION('',(#1924),#1928);
#1924 = LINE('',#1925,#1926);
#1925 = CARTESIAN_POINT('',(0.,-20.));
#1926 = VECTOR('',#1927,1.);
#1927 = DIRECTION('',(1.,0.));
#1928 = ( GEOMETRIC_REPRESENTATION_CONTEXT(2) 
PARAMETRIC_REPRESENTATION_CONTEXT() REPRESENTATION_CONTEXT('2D SPACE',''
  ) );
#1929 = ADVANCED_FACE('',(#1930,#1956),#861,.T.);
#1930 = FACE_BOUND('',#1931,.T.);
#1931 = EDGE_LOOP('',(#1932,#1933,#1934,#1955));
#1932 = ORIENTED_EDGE('',*,*,#921,.T.);
#1933 = ORIENTED_EDGE('',*,*,#1072,.F.);
#1934 = ORIENTED_EDGE('',*,*,#1935,.F.);
#1935 = EDGE_CURVE('',#846,#1050,#1936,.T.);
#1936 = SURFACE_CURVE('',#1937,(#1941,#1948),.PCURVE_S1.);
#1937 = LINE('',#1938,#1939);
#1938 = CARTESIAN_POINT('',(-25.,-111.552143951,10.));
#1939 = VECTOR('',#1940,1.);
#1940 = DIRECTION('',(0.,-1.,-0.));
#1941 = PCURVE('',#861,#1942);
#1942 = DEFINITIONAL_REPRESENTATION('',(#1943),#1947);
#1943 = LINE('',#1944,#1945);
#1944 = CARTESIAN_POINT('',(50.,-10.));
#1945 = VECTOR('',#1946,1.);
#1946 = DIRECTION('',(0.,-1.));
#1947 = ( GEOMETRIC_REPRESENTATION_CONTEXT(2) 
PARAMETRIC_REPRESENTATION_CONTEXT() REPRESENTATION_CONTEXT('2D SPACE',''
  ) );
#1948 = PCURVE('',#482,#1949);
#1949 = DEFINITIONAL_REPRESENTATION('',(#1950),#1954);
#1950 = LINE('',#1951,#1952);
#1951 = CARTESIAN_POINT('',(0.,10.));
#1952 = VECTOR('',#1953,1.);
#1953 = DIRECTION('',(-1.,-0.));
#1954 = ( GEOMETRIC_REPRESENTATION_CONTEXT(2) 
PARAMETRIC_REPRESENTATION_CONTEXT() REPRESENTATION_CONTEXT('2D SPACE',''
  ) );
#1955 = ORIENTED_EDGE('',*,*,#845,.T.);
#1956 = FACE_BOUND('',#1957,.T.);
#1957 = EDGE_LOOP('',(#1958));
#1958 = ORIENTED_EDGE('',*,*,#1959,.T.);
#1959 = EDGE_CURVE('',#1960,#1960,#1962,.T.);
#1960 = VERTEX_POINT('',#1961);
#1961 = CARTESIAN_POINT('',(-46.,-106.502143951,10.));
#1962 = SURFACE_CURVE('',#1963,(#1968,#1979),.PCURVE_S1.);
#1963 = CIRCLE('',#1964,6.);
#1964 = AXIS2_PLACEMENT_3D('',#1965,#1966,#1967);
#1965 = CARTESIAN_POINT('',(-40.,-106.502143951,10.));
#1966 = DIRECTION('',(1.224646799147E-16,0.,-1.));
#1967 = DIRECTION('',(1.,0.,1.224646799147E-16));
#1968 = PCURVE('',#861,#1969);
#1969 = DEFINITIONAL_REPRESENTATION('',(#1970),#1978);
#1970 = ( BOUNDED_CURVE() B_SPLINE_CURVE(2,(#1971,#1972,#1973,#1974,
#1975,#1976,#1977),.UNSPECIFIED.,.T.,.F.) B_SPLINE_CURVE_WITH_KNOTS((1,2
    ,2,2,2,1),(-2.094395102393,0.,2.094395102393,4.188790204786,
6.28318530718,8.377580409573),.UNSPECIFIED.) CURVE() 
GEOMETRIC_REPRESENTATION_ITEM() RATIONAL_B_SPLINE_CURVE((1.,0.5,1.,0.5,
1.,0.5,1.)) REPRESENTATION_ITEM('') );
#1971 = CARTESIAN_POINT('',(41.,-4.95));
#1972 = CARTESIAN_POINT('',(41.,-15.34230484541));
#1973 = CARTESIAN_POINT('',(32.,-10.1461524227));
#1974 = CARTESIAN_POINT('',(23.,-4.95));
#1975 = CARTESIAN_POINT('',(32.,0.246152422707));
#1976 = CARTESIAN_POINT('',(41.,5.442304845413));
#1977 = CARTESIAN_POINT('',(41.,-4.95));
#1978 = ( GEOMETRIC_REPRESENTATION_CONTEXT(2) 
PARAMETRIC_REPRESENTATION_CONTEXT() REPRESENTATION_CONTEXT('2D SPACE',''
  ) );
#1979 = PCURVE('',#1980,#1985);
#1980 = CYLINDRICAL_SURFACE('',#1981,6.);
#1981 = AXIS2_PLACEMENT_3D('',#1982,#1983,#1984);
#1982 = CARTESIAN_POINT('',(-40.,-106.502143951,7.5));
#1983 = DIRECTION('',(1.224646799147E-16,0.,-1.));
#1984 = DIRECTION('',(1.,0.,1.224646799147E-16));
#1985 = DEFINITIONAL_REPRESENTATION('',(#1986),#1990);
#1986 = LINE('',#1987,#1988);
#1987 = CARTESIAN_POINT('',(0.,-2.5));
#1988 = VECTOR('',#1989,1.);
#1989 = DIRECTION('',(1.,0.));
#1990 = ( GEOMETRIC_REPRESENTATION_CONTEXT(2) 
PARAMETRIC_REPRESENTATION_CONTEXT() REPRESENTATION_CONTEXT('2D SPACE',''
  ) );
#1991 = ADVANCED_FACE('',(#1992,#2040),#986,.T.);
#1992 = FACE_BOUND('',#1993,.T.);
#1993 = EDGE_LOOP('',(#1994,#1995,#2018,#2039));
#1994 = ORIENTED_EDGE('',*,*,#1121,.T.);
#1995 = ORIENTED_EDGE('',*,*,#1996,.T.);
#1996 = EDGE_CURVE('',#1099,#1997,#1999,.T.);
#1997 = VERTEX_POINT('',#1998);
#1998 = CARTESIAN_POINT('',(-125.,-96.45214395105,10.));
#1999 = SURFACE_CURVE('',#2000,(#2004,#2011),.PCURVE_S1.);
#2000 = LINE('',#2001,#2002);
#2001 = CARTESIAN_POINT('',(-100.,-96.45214395105,10.));
#2002 = VECTOR('',#2003,1.);
#2003 = DIRECTION('',(-1.,0.,-1.224646799147E-16));
#2004 = PCURVE('',#986,#2005);
#2005 = DEFINITIONAL_REPRESENTATION('',(#2006),#2010);
#2006 = LINE('',#2007,#2008);
#2007 = CARTESIAN_POINT('',(-25.,5.1));
#2008 = VECTOR('',#2009,1.);
#2009 = DIRECTION('',(-1.,0.));
#2010 = ( GEOMETRIC_REPRESENTATION_CONTEXT(2) 
PARAMETRIC_REPRESENTATION_CONTEXT() REPRESENTATION_CONTEXT('2D SPACE',''
  ) );
#2011 = PCURVE('',#696,#2012);
#2012 = DEFINITIONAL_REPRESENTATION('',(#2013),#2017);
#2013 = LINE('',#2014,#2015);
#2014 = CARTESIAN_POINT('',(25.,-3.061616997868E-15));
#2015 = VECTOR('',#2016,1.);
#2016 = DIRECTION('',(-1.,0.));
#2017 = ( GEOMETRIC_REPRESENTATION_CONTEXT(2) 
PARAMETRIC_REPRESENTATION_CONTEXT() REPRESENTATION_CONTEXT('2D SPACE',''
  ) );
#2018 = ORIENTED_EDGE('',*,*,#2019,.T.);
#2019 = EDGE_CURVE('',#1997,#971,#2020,.T.);
#2020 = SURFACE_CURVE('',#2021,(#2025,#2032),.PCURVE_S1.);
#2021 = LINE('',#2022,#2023);
#2022 = CARTESIAN_POINT('',(-125.,-111.552143951,10.));
#2023 = VECTOR('',#2024,1.);
#2024 = DIRECTION('',(0.,-1.,-0.));
#2025 = PCURVE('',#986,#2026);
#2026 = DEFINITIONAL_REPRESENTATION('',(#2027),#2031);
#2027 = LINE('',#2028,#2029);
#2028 = CARTESIAN_POINT('',(-50.,-10.));
#2029 = VECTOR('',#2030,1.);
#2030 = DIRECTION('',(0.,-1.));
#2031 = ( GEOMETRIC_REPRESENTATION_CONTEXT(2) 
PARAMETRIC_REPRESENTATION_CONTEXT() REPRESENTATION_CONTEXT('2D SPACE',''
  ) );
#2032 = PCURVE('',#668,#2033);
#2033 = DEFINITIONAL_REPRESENTATION('',(#2034),#2038);
#2034 = LINE('',#2035,#2036);
#2035 = CARTESIAN_POINT('',(20.,10.));
#2036 = VECTOR('',#2037,1.);
#2037 = DIRECTION('',(1.,0.));
#2038 = ( GEOMETRIC_REPRESENTATION_CONTEXT(2) 
PARAMETRIC_REPRESENTATION_CONTEXT() REPRESENTATION_CONTEXT('2D SPACE',''
  ) );
#2039 = ORIENTED_EDGE('',*,*,#970,.F.);
#2040 = FACE_BOUND('',#2041,.T.);
#2041 = EDGE_LOOP('',(#2042));
#2042 = ORIENTED_EDGE('',*,*,#2043,.T.);
#2043 = EDGE_CURVE('',#2044,#2044,#2046,.T.);
#2044 = VERTEX_POINT('',#2045);
#2045 = CARTESIAN_POINT('',(-116.,-106.502143951,10.));
#2046 = SURFACE_CURVE('',#2047,(#2052,#2063),.PCURVE_S1.);
#2047 = CIRCLE('',#2048,6.);
#2048 = AXIS2_PLACEMENT_3D('',#2049,#2050,#2051);
#2049 = CARTESIAN_POINT('',(-110.,-106.502143951,10.));
#2050 = DIRECTION('',(1.224646799147E-16,0.,-1.));
#2051 = DIRECTION('',(1.,0.,1.224646799147E-16));
#2052 = PCURVE('',#986,#2053);
#2053 = DEFINITIONAL_REPRESENTATION('',(#2054),#2062);
#2054 = ( BOUNDED_CURVE() B_SPLINE_CURVE(2,(#2055,#2056,#2057,#2058,
#2059,#2060,#2061),.UNSPECIFIED.,.T.,.F.) B_SPLINE_CURVE_WITH_KNOTS((1,2
    ,2,2,2,1),(-2.094395102393,0.,2.094395102393,4.188790204786,
6.28318530718,8.377580409573),.UNSPECIFIED.) CURVE() 
GEOMETRIC_REPRESENTATION_ITEM() RATIONAL_B_SPLINE_CURVE((1.,0.5,1.,0.5,
1.,0.5,1.)) REPRESENTATION_ITEM('') );
#2055 = CARTESIAN_POINT('',(-29.,-4.95));
#2056 = CARTESIAN_POINT('',(-29.,-15.34230484541));
#2057 = CARTESIAN_POINT('',(-38.,-10.1461524227));
#2058 = CARTESIAN_POINT('',(-47.,-4.95));
#2059 = CARTESIAN_POINT('',(-38.,0.246152422707));
#2060 = CARTESIAN_POINT('',(-29.,5.442304845413));
#2061 = CARTESIAN_POINT('',(-29.,-4.95));
#2062 = ( GEOMETRIC_REPRESENTATION_CONTEXT(2) 
PARAMETRIC_REPRESENTATION_CONTEXT() REPRESENTATION_CONTEXT('2D SPACE',''
  ) );
#2063 = PCURVE('',#2064,#2069);
#2064 = CYLINDRICAL_SURFACE('',#2065,6.);
#2065 = AXIS2_PLACEMENT_3D('',#2066,#2067,#2068);
#2066 = CARTESIAN_POINT('',(-110.,-106.502143951,7.5));
#2067 = DIRECTION('',(1.224646799147E-16,0.,-1.));
#2068 = DIRECTION('',(1.,0.,1.224646799147E-16));
#2069 = DEFINITIONAL_REPRESENTATION('',(#2070),#2074);
#2070 = LINE('',#2071,#2072);
#2071 = CARTESIAN_POINT('',(0.,-2.5));
#2072 = VECTOR('',#2073,1.);
#2073 = DIRECTION('',(1.,0.));
#2074 = ( GEOMETRIC_REPRESENTATION_CONTEXT(2) 
PARAMETRIC_REPRESENTATION_CONTEXT() REPRESENTATION_CONTEXT('2D SPACE',''
  ) );
#2075 = ADVANCED_FACE('',(#2076),#696,.T.);
#2076 = FACE_BOUND('',#2077,.T.);
#2077 = EDGE_LOOP('',(#2078,#2079,#2100,#2101));
#2078 = ORIENTED_EDGE('',*,*,#680,.F.);
#2079 = ORIENTED_EDGE('',*,*,#2080,.F.);
#2080 = EDGE_CURVE('',#1997,#653,#2081,.T.);
#2081 = SURFACE_CURVE('',#2082,(#2086,#2093),.PCURVE_S1.);
#2082 = LINE('',#2083,#2084);
#2083 = CARTESIAN_POINT('',(-125.,-96.45214395105,10.));
#2084 = VECTOR('',#2085,1.);
#2085 = DIRECTION('',(-1.224646799147E-16,0.,1.));
#2086 = PCURVE('',#696,#2087);
#2087 = DEFINITIONAL_REPRESENTATION('',(#2088),#2092);
#2088 = LINE('',#2089,#2090);
#2089 = CARTESIAN_POINT('',(0.,0.));
#2090 = VECTOR('',#2091,1.);
#2091 = DIRECTION('',(0.,1.));
#2092 = ( GEOMETRIC_REPRESENTATION_CONTEXT(2) 
PARAMETRIC_REPRESENTATION_CONTEXT() REPRESENTATION_CONTEXT('2D SPACE',''
  ) );
#2093 = PCURVE('',#668,#2094);
#2094 = DEFINITIONAL_REPRESENTATION('',(#2095),#2099);
#2095 = LINE('',#2096,#2097);
#2096 = CARTESIAN_POINT('',(4.9,10.));
#2097 = VECTOR('',#2098,1.);
#2098 = DIRECTION('',(-0.,1.));
#2099 = ( GEOMETRIC_REPRESENTATION_CONTEXT(2) 
PARAMETRIC_REPRESENTATION_CONTEXT() REPRESENTATION_CONTEXT('2D SPACE',''
  ) );
#2100 = ORIENTED_EDGE('',*,*,#1996,.F.);
#2101 = ORIENTED_EDGE('',*,*,#1098,.T.);
#2102 = ADVANCED_FACE('',(#2103),#1283,.T.);
#2103 = FACE_BOUND('',#2104,.T.);
#2104 = EDGE_LOOP('',(#2105,#2106,#2129,#2157));
#2105 = ORIENTED_EDGE('',*,*,#1267,.F.);
#2106 = ORIENTED_EDGE('',*,*,#2107,.T.);
#2107 = EDGE_CURVE('',#1245,#2108,#2110,.T.);
#2108 = VERTEX_POINT('',#2109);
#2109 = CARTESIAN_POINT('',(-80.,116.55214597647,10.));
#2110 = SURFACE_CURVE('',#2111,(#2115,#2122),.PCURVE_S1.);
#2111 = LINE('',#2112,#2113);
#2112 = CARTESIAN_POINT('',(-80.,116.55214597647,50.));
#2113 = VECTOR('',#2114,1.);
#2114 = DIRECTION('',(1.224646799147E-16,0.,-1.));
#2115 = PCURVE('',#1283,#2116);
#2116 = DEFINITIONAL_REPRESENTATION('',(#2117),#2121);
#2117 = LINE('',#2118,#2119);
#2118 = CARTESIAN_POINT('',(25.100002025424,0.));
#2119 = VECTOR('',#2120,1.);
#2120 = DIRECTION('',(0.,1.));
#2121 = ( GEOMETRIC_REPRESENTATION_CONTEXT(2) 
PARAMETRIC_REPRESENTATION_CONTEXT() REPRESENTATION_CONTEXT('2D SPACE',''
  ) );
#2122 = PCURVE('',#265,#2123);
#2123 = DEFINITIONAL_REPRESENTATION('',(#2124),#2128);
#2124 = LINE('',#2125,#2126);
#2125 = CARTESIAN_POINT('',(-50.,55.));
#2126 = VECTOR('',#2127,1.);
#2127 = DIRECTION('',(1.,0.));
#2128 = ( GEOMETRIC_REPRESENTATION_CONTEXT(2) 
PARAMETRIC_REPRESENTATION_CONTEXT() REPRESENTATION_CONTEXT('2D SPACE',''
  ) );
#2129 = ORIENTED_EDGE('',*,*,#2130,.F.);
#2130 = EDGE_CURVE('',#2131,#2108,#2133,.T.);
#2131 = VERTEX_POINT('',#2132);
#2132 = CARTESIAN_POINT('',(-80.,96.452143951054,10.));
#2133 = SURFACE_CURVE('',#2134,(#2138,#2145),.PCURVE_S1.);
#2134 = LINE('',#2135,#2136);
#2135 = CARTESIAN_POINT('',(-80.,96.502143951054,10.));
#2136 = VECTOR('',#2137,1.);
#2137 = DIRECTION('',(0.,1.,0.));
#2138 = PCURVE('',#1283,#2139);
#2139 = DEFINITIONAL_REPRESENTATION('',(#2140),#2144);
#2140 = LINE('',#2141,#2142);
#2141 = CARTESIAN_POINT('',(5.05,40.));
#2142 = VECTOR('',#2143,1.);
#2143 = DIRECTION('',(1.,0.));
#2144 = ( GEOMETRIC_REPRESENTATION_CONTEXT(2) 
PARAMETRIC_REPRESENTATION_CONTEXT() REPRESENTATION_CONTEXT('2D SPACE',''
  ) );
#2145 = PCURVE('',#2146,#2151);
#2146 = PLANE('',#2147);
#2147 = AXIS2_PLACEMENT_3D('',#2148,#2149,#2150);
#2148 = CARTESIAN_POINT('',(-75.,101.55214395105,10.));
#2149 = DIRECTION('',(-1.224646799147E-16,0.,1.));
#2150 = DIRECTION('',(1.,0.,1.224646799147E-16));
#2151 = DEFINITIONAL_REPRESENTATION('',(#2152),#2156);
#2152 = LINE('',#2153,#2154);
#2153 = CARTESIAN_POINT('',(-5.,-5.05));
#2154 = VECTOR('',#2155,1.);
#2155 = DIRECTION('',(0.,1.));
#2156 = ( GEOMETRIC_REPRESENTATION_CONTEXT(2) 
PARAMETRIC_REPRESENTATION_CONTEXT() REPRESENTATION_CONTEXT('2D SPACE',''
  ) );
#2157 = ORIENTED_EDGE('',*,*,#2158,.F.);
#2158 = EDGE_CURVE('',#1268,#2131,#2159,.T.);
#2159 = SURFACE_CURVE('',#2160,(#2164,#2171),.PCURVE_S1.);
#2160 = LINE('',#2161,#2162);
#2161 = CARTESIAN_POINT('',(-80.,96.452143951054,30.));
#2162 = VECTOR('',#2163,1.);
#2163 = DIRECTION('',(1.224646799147E-16,0.,-1.));
#2164 = PCURVE('',#1283,#2165);
#2165 = DEFINITIONAL_REPRESENTATION('',(#2166),#2170);
#2166 = LINE('',#2167,#2168);
#2167 = CARTESIAN_POINT('',(5.,20.));
#2168 = VECTOR('',#2169,1.);
#2169 = DIRECTION('',(0.,1.));
#2170 = ( GEOMETRIC_REPRESENTATION_CONTEXT(2) 
PARAMETRIC_REPRESENTATION_CONTEXT() REPRESENTATION_CONTEXT('2D SPACE',''
  ) );
#2171 = PCURVE('',#1309,#2172);
#2172 = DEFINITIONAL_REPRESENTATION('',(#2173),#2177);
#2173 = LINE('',#2174,#2175);
#2174 = CARTESIAN_POINT('',(55.,20.));
#2175 = VECTOR('',#2176,1.);
#2176 = DIRECTION('',(0.,-1.));
#2177 = ( GEOMETRIC_REPRESENTATION_CONTEXT(2) 
PARAMETRIC_REPRESENTATION_CONTEXT() REPRESENTATION_CONTEXT('2D SPACE',''
  ) );
#2178 = ADVANCED_FACE('',(#2179,#2205),#293,.T.);
#2179 = FACE_BOUND('',#2180,.T.);
#2180 = EDGE_LOOP('',(#2181,#2182,#2183,#2184));
#2181 = ORIENTED_EDGE('',*,*,#1348,.T.);
#2182 = ORIENTED_EDGE('',*,*,#1397,.T.);
#2183 = ORIENTED_EDGE('',*,*,#277,.T.);
#2184 = ORIENTED_EDGE('',*,*,#2185,.F.);
#2185 = EDGE_CURVE('',#1349,#250,#2186,.T.);
#2186 = SURFACE_CURVE('',#2187,(#2191,#2198),.PCURVE_S1.);
#2187 = LINE('',#2188,#2189);
#2188 = CARTESIAN_POINT('',(-125.,116.55214395105,10.));
#2189 = VECTOR('',#2190,1.);
#2190 = DIRECTION('',(1.,0.,1.224646799147E-16));
#2191 = PCURVE('',#293,#2192);
#2192 = DEFINITIONAL_REPRESENTATION('',(#2193),#2197);
#2193 = LINE('',#2194,#2195);
#2194 = CARTESIAN_POINT('',(-50.,15.));
#2195 = VECTOR('',#2196,1.);
#2196 = DIRECTION('',(1.,0.));
#2197 = ( GEOMETRIC_REPRESENTATION_CONTEXT(2) 
PARAMETRIC_REPRESENTATION_CONTEXT() REPRESENTATION_CONTEXT('2D SPACE',''
  ) );
#2198 = PCURVE('',#265,#2199);
#2199 = DEFINITIONAL_REPRESENTATION('',(#2200),#2204);
#2200 = LINE('',#2201,#2202);
#2201 = CARTESIAN_POINT('',(-10.,100.));
#2202 = VECTOR('',#2203,1.);
#2203 = DIRECTION('',(0.,-1.));
#2204 = ( GEOMETRIC_REPRESENTATION_CONTEXT(2) 
PARAMETRIC_REPRESENTATION_CONTEXT() REPRESENTATION_CONTEXT('2D SPACE',''
  ) );
#2205 = FACE_BOUND('',#2206,.T.);
#2206 = EDGE_LOOP('',(#2207));
#2207 = ORIENTED_EDGE('',*,*,#2208,.T.);
#2208 = EDGE_CURVE('',#2209,#2209,#2211,.T.);
#2209 = VERTEX_POINT('',#2210);
#2210 = CARTESIAN_POINT('',(-46.,106.50214395105,10.));
#2211 = SURFACE_CURVE('',#2212,(#2217,#2228),.PCURVE_S1.);
#2212 = CIRCLE('',#2213,6.);
#2213 = AXIS2_PLACEMENT_3D('',#2214,#2215,#2216);
#2214 = CARTESIAN_POINT('',(-40.,106.50214395105,10.));
#2215 = DIRECTION('',(1.224646799147E-16,0.,-1.));
#2216 = DIRECTION('',(1.,0.,1.224646799147E-16));
#2217 = PCURVE('',#293,#2218);
#2218 = DEFINITIONAL_REPRESENTATION('',(#2219),#2227);
#2219 = ( BOUNDED_CURVE() B_SPLINE_CURVE(2,(#2220,#2221,#2222,#2223,
#2224,#2225,#2226),.UNSPECIFIED.,.T.,.F.) B_SPLINE_CURVE_WITH_KNOTS((1,2
    ,2,2,2,1),(-2.094395102393,0.,2.094395102393,4.188790204786,
6.28318530718,8.377580409573),.UNSPECIFIED.) CURVE() 
GEOMETRIC_REPRESENTATION_ITEM() RATIONAL_B_SPLINE_CURVE((1.,0.5,1.,0.5,
1.,0.5,1.)) REPRESENTATION_ITEM('') );
#2220 = CARTESIAN_POINT('',(41.,4.95));
#2221 = CARTESIAN_POINT('',(41.,-5.442304845413));
#2222 = CARTESIAN_POINT('',(32.,-0.246152422707));
#2223 = CARTESIAN_POINT('',(23.,4.95));
#2224 = CARTESIAN_POINT('',(32.,10.146152422707));
#2225 = CARTESIAN_POINT('',(41.,15.342304845413));
#2226 = CARTESIAN_POINT('',(41.,4.95));
#2227 = ( GEOMETRIC_REPRESENTATION_CONTEXT(2) 
PARAMETRIC_REPRESENTATION_CONTEXT() REPRESENTATION_CONTEXT('2D SPACE',''
  ) );
#2228 = PCURVE('',#2229,#2234);
#2229 = CYLINDRICAL_SURFACE('',#2230,6.);
#2230 = AXIS2_PLACEMENT_3D('',#2231,#2232,#2233);
#2231 = CARTESIAN_POINT('',(-40.,106.50214395105,7.5));
#2232 = DIRECTION('',(1.224646799147E-16,0.,-1.));
#2233 = DIRECTION('',(1.,0.,1.224646799147E-16));
#2234 = DEFINITIONAL_REPRESENTATION('',(#2235),#2239);
#2235 = LINE('',#2236,#2237);
#2236 = CARTESIAN_POINT('',(0.,-2.5));
#2237 = VECTOR('',#2238,1.);
#2238 = DIRECTION('',(1.,0.));
#2239 = ( GEOMETRIC_REPRESENTATION_CONTEXT(2) 
PARAMETRIC_REPRESENTATION_CONTEXT() REPRESENTATION_CONTEXT('2D SPACE',''
  ) );
#2240 = ADVANCED_FACE('',(#2241),#668,.T.);
#2241 = FACE_BOUND('',#2242,.T.);
#2242 = EDGE_LOOP('',(#2243,#2244,#2245,#2246,#2269,#2292,#2315,#2338,
    #2361,#2384,#2407,#2430,#2458,#2479,#2480,#2481));
#2243 = ORIENTED_EDGE('',*,*,#652,.F.);
#2244 = ORIENTED_EDGE('',*,*,#1559,.F.);
#2245 = ORIENTED_EDGE('',*,*,#1146,.F.);
#2246 = ORIENTED_EDGE('',*,*,#2247,.F.);
#2247 = EDGE_CURVE('',#2248,#1147,#2250,.T.);
#2248 = VERTEX_POINT('',#2249);
#2249 = CARTESIAN_POINT('',(-125.,96.452143951054,10.));
#2250 = SURFACE_CURVE('',#2251,(#2255,#2262),.PCURVE_S1.);
#2251 = LINE('',#2252,#2253);
#2252 = CARTESIAN_POINT('',(-125.,96.452143951054,10.));
#2253 = VECTOR('',#2254,1.);
#2254 = DIRECTION('',(-1.224646799147E-16,0.,1.));
#2255 = PCURVE('',#668,#2256);
#2256 = DEFINITIONAL_REPRESENTATION('',(#2257),#2261);
#2257 = LINE('',#2258,#2259);
#2258 = CARTESIAN_POINT('',(-188.0042879021,10.));
#2259 = VECTOR('',#2260,1.);
#2260 = DIRECTION('',(-0.,1.));
#2261 = ( GEOMETRIC_REPRESENTATION_CONTEXT(2) 
PARAMETRIC_REPRESENTATION_CONTEXT() REPRESENTATION_CONTEXT('2D SPACE',''
  ) );
#2262 = PCURVE('',#1309,#2263);
#2263 = DEFINITIONAL_REPRESENTATION('',(#2264),#2268);
#2264 = LINE('',#2265,#2266);
#2265 = CARTESIAN_POINT('',(100.,-1.964386723729E-15));
#2266 = VECTOR('',#2267,1.);
#2267 = DIRECTION('',(0.,1.));
#2268 = ( GEOMETRIC_REPRESENTATION_CONTEXT(2) 
PARAMETRIC_REPRESENTATION_CONTEXT() REPRESENTATION_CONTEXT('2D SPACE',''
  ) );
#2269 = ORIENTED_EDGE('',*,*,#2270,.T.);
#2270 = EDGE_CURVE('',#2248,#2271,#2273,.T.);
#2271 = VERTEX_POINT('',#2272);
#2272 = CARTESIAN_POINT('',(-125.,116.55214395105,10.));
#2273 = SURFACE_CURVE('',#2274,(#2278,#2285),.PCURVE_S1.);
#2274 = LINE('',#2275,#2276);
#2275 = CARTESIAN_POINT('',(-125.,111.55214395105,10.));
#2276 = VECTOR('',#2277,1.);
#2277 = DIRECTION('',(0.,1.,0.));
#2278 = PCURVE('',#668,#2279);
#2279 = DEFINITIONAL_REPRESENTATION('',(#2280),#2284);
#2280 = LINE('',#2281,#2282);
#2281 = CARTESIAN_POINT('',(-203.1042879021,10.));
#2282 = VECTOR('',#2283,1.);
#2283 = DIRECTION('',(-1.,0.));
#2284 = ( GEOMETRIC_REPRESENTATION_CONTEXT(2) 
PARAMETRIC_REPRESENTATION_CONTEXT() REPRESENTATION_CONTEXT('2D SPACE',''
  ) );
#2285 = PCURVE('',#2146,#2286);
#2286 = DEFINITIONAL_REPRESENTATION('',(#2287),#2291);
#2287 = LINE('',#2288,#2289);
#2288 = CARTESIAN_POINT('',(-50.,10.));
#2289 = VECTOR('',#2290,1.);
#2290 = DIRECTION('',(0.,1.));
#2291 = ( GEOMETRIC_REPRESENTATION_CONTEXT(2) 
PARAMETRIC_REPRESENTATION_CONTEXT() REPRESENTATION_CONTEXT('2D SPACE',''
  ) );
#2292 = ORIENTED_EDGE('',*,*,#2293,.F.);
#2293 = EDGE_CURVE('',#2294,#2271,#2296,.T.);
#2294 = VERTEX_POINT('',#2295);
#2295 = CARTESIAN_POINT('',(-125.,116.55214395105,0.));
#2296 = SURFACE_CURVE('',#2297,(#2301,#2308),.PCURVE_S1.);
#2297 = LINE('',#2298,#2299);
#2298 = CARTESIAN_POINT('',(-125.,116.55214395105,0.));
#2299 = VECTOR('',#2300,1.);
#2300 = DIRECTION('',(-1.224646799147E-16,0.,1.));
#2301 = PCURVE('',#668,#2302);
#2302 = DEFINITIONAL_REPRESENTATION('',(#2303),#2307);
#2303 = LINE('',#2304,#2305);
#2304 = CARTESIAN_POINT('',(-208.1042879021,0.));
#2305 = VECTOR('',#2306,1.);
#2306 = DIRECTION('',(-0.,1.));
#2307 = ( GEOMETRIC_REPRESENTATION_CONTEXT(2) 
PARAMETRIC_REPRESENTATION_CONTEXT() REPRESENTATION_CONTEXT('2D SPACE',''
  ) );
#2308 = PCURVE('',#265,#2309);
#2309 = DEFINITIONAL_REPRESENTATION('',(#2310),#2314);
#2310 = LINE('',#2311,#2312);
#2311 = CARTESIAN_POINT('',(1.964386723729E-15,100.));
#2312 = VECTOR('',#2313,1.);
#2313 = DIRECTION('',(-1.,0.));
#2314 = ( GEOMETRIC_REPRESENTATION_CONTEXT(2) 
PARAMETRIC_REPRESENTATION_CONTEXT() REPRESENTATION_CONTEXT('2D SPACE',''
  ) );
#2315 = ORIENTED_EDGE('',*,*,#2316,.F.);
#2316 = EDGE_CURVE('',#2317,#2294,#2319,.T.);
#2317 = VERTEX_POINT('',#2318);
#2318 = CARTESIAN_POINT('',(-125.,86.452143951054,0.));
#2319 = SURFACE_CURVE('',#2320,(#2324,#2331),.PCURVE_S1.);
#2320 = LINE('',#2321,#2322);
#2321 = CARTESIAN_POINT('',(-125.,111.55214395105,0.));
#2322 = VECTOR('',#2323,1.);
#2323 = DIRECTION('',(0.,1.,0.));
#2324 = PCURVE('',#668,#2325);
#2325 = DEFINITIONAL_REPRESENTATION('',(#2326),#2330);
#2326 = LINE('',#2327,#2328);
#2327 = CARTESIAN_POINT('',(-203.1042879021,0.));
#2328 = VECTOR('',#2329,1.);
#2329 = DIRECTION('',(-1.,0.));
#2330 = ( GEOMETRIC_REPRESENTATION_CONTEXT(2) 
PARAMETRIC_REPRESENTATION_CONTEXT() REPRESENTATION_CONTEXT('2D SPACE',''
  ) );
#2331 = PCURVE('',#237,#2332);
#2332 = DEFINITIONAL_REPRESENTATION('',(#2333),#2337);
#2333 = LINE('',#2334,#2335);
#2334 = CARTESIAN_POINT('',(50.,-10.));
#2335 = VECTOR('',#2336,1.);
#2336 = DIRECTION('',(0.,-1.));
#2337 = ( GEOMETRIC_REPRESENTATION_CONTEXT(2) 
PARAMETRIC_REPRESENTATION_CONTEXT() REPRESENTATION_CONTEXT('2D SPACE',''
  ) );
#2338 = ORIENTED_EDGE('',*,*,#2339,.T.);
#2339 = EDGE_CURVE('',#2317,#2340,#2342,.T.);
#2340 = VERTEX_POINT('',#2341);
#2341 = CARTESIAN_POINT('',(-125.,86.452143951054,20.));
#2342 = SURFACE_CURVE('',#2343,(#2347,#2354),.PCURVE_S1.);
#2343 = LINE('',#2344,#2345);
#2344 = CARTESIAN_POINT('',(-125.,86.452143951054,15.));
#2345 = VECTOR('',#2346,1.);
#2346 = DIRECTION('',(-1.224646799147E-16,0.,1.));
#2347 = PCURVE('',#668,#2348);
#2348 = DEFINITIONAL_REPRESENTATION('',(#2349),#2353);
#2349 = LINE('',#2350,#2351);
#2350 = CARTESIAN_POINT('',(-178.0042879021,15.));
#2351 = VECTOR('',#2352,1.);
#2352 = DIRECTION('',(-0.,1.));
#2353 = ( GEOMETRIC_REPRESENTATION_CONTEXT(2) 
PARAMETRIC_REPRESENTATION_CONTEXT() REPRESENTATION_CONTEXT('2D SPACE',''
  ) );
#2354 = PCURVE('',#209,#2355);
#2355 = DEFINITIONAL_REPRESENTATION('',(#2356),#2360);
#2356 = LINE('',#2357,#2358);
#2357 = CARTESIAN_POINT('',(15.,-1.836970198721E-15));
#2358 = VECTOR('',#2359,1.);
#2359 = DIRECTION('',(1.,0.));
#2360 = ( GEOMETRIC_REPRESENTATION_CONTEXT(2) 
PARAMETRIC_REPRESENTATION_CONTEXT() REPRESENTATION_CONTEXT('2D SPACE',''
  ) );
#2361 = ORIENTED_EDGE('',*,*,#2362,.F.);
#2362 = EDGE_CURVE('',#2363,#2340,#2365,.T.);
#2363 = VERTEX_POINT('',#2364);
#2364 = CARTESIAN_POINT('',(-125.,66.452143951054,40.));
#2365 = SURFACE_CURVE('',#2366,(#2370,#2377),.PCURVE_S1.);
#2366 = LINE('',#2367,#2368);
#2367 = CARTESIAN_POINT('',(-125.,41.951071975527,64.501071975527));
#2368 = VECTOR('',#2369,1.);
#2369 = DIRECTION('',(8.659560562355E-17,0.707106781187,-0.707106781187)
  );
#2370 = PCURVE('',#668,#2371);
#2371 = DEFINITIONAL_REPRESENTATION('',(#2372),#2376);
#2372 = LINE('',#2373,#2374);
#2373 = CARTESIAN_POINT('',(-133.5032159265,64.501071975527));
#2374 = VECTOR('',#2375,1.);
#2375 = DIRECTION('',(-0.707106781187,-0.707106781187));
#2376 = ( GEOMETRIC_REPRESENTATION_CONTEXT(2) 
PARAMETRIC_REPRESENTATION_CONTEXT() REPRESENTATION_CONTEXT('2D SPACE',''
  ) );
#2377 = PCURVE('',#44,#2378);
#2378 = DEFINITIONAL_REPRESENTATION('',(#2379),#2383);
#2379 = LINE('',#2380,#2381);
#2380 = CARTESIAN_POINT('',(62.5,-48.7918839042));
#2381 = VECTOR('',#2382,1.);
#2382 = DIRECTION('',(0.,1.));
#2383 = ( GEOMETRIC_REPRESENTATION_CONTEXT(2) 
PARAMETRIC_REPRESENTATION_CONTEXT() REPRESENTATION_CONTEXT('2D SPACE',''
  ) );
#2384 = ORIENTED_EDGE('',*,*,#2385,.T.);
#2385 = EDGE_CURVE('',#2363,#2386,#2388,.T.);
#2386 = VERTEX_POINT('',#2387);
#2387 = CARTESIAN_POINT('',(-125.,-66.45214395105,40.));
#2388 = SURFACE_CURVE('',#2389,(#2393,#2400),.PCURVE_S1.);
#2389 = LINE('',#2390,#2391);
#2390 = CARTESIAN_POINT('',(-125.,-45.77607197552,40.));
#2391 = VECTOR('',#2392,1.);
#2392 = DIRECTION('',(0.,-1.,-0.));
#2393 = PCURVE('',#668,#2394);
#2394 = DEFINITIONAL_REPRESENTATION('',(#2395),#2399);
#2395 = LINE('',#2396,#2397);
#2396 = CARTESIAN_POINT('',(-45.77607197552,40.));
#2397 = VECTOR('',#2398,1.);
#2398 = DIRECTION('',(1.,0.));
#2399 = ( GEOMETRIC_REPRESENTATION_CONTEXT(2) 
PARAMETRIC_REPRESENTATION_CONTEXT() REPRESENTATION_CONTEXT('2D SPACE',''
  ) );
#2400 = PCURVE('',#154,#2401);
#2401 = DEFINITIONAL_REPRESENTATION('',(#2402),#2406);
#2402 = LINE('',#2403,#2404);
#2403 = CARTESIAN_POINT('',(125.,45.776071975527));
#2404 = VECTOR('',#2405,1.);
#2405 = DIRECTION('',(-0.,1.));
#2406 = ( GEOMETRIC_REPRESENTATION_CONTEXT(2) 
PARAMETRIC_REPRESENTATION_CONTEXT() REPRESENTATION_CONTEXT('2D SPACE',''
  ) );
#2407 = ORIENTED_EDGE('',*,*,#2408,.F.);
#2408 = EDGE_CURVE('',#2409,#2386,#2411,.T.);
#2409 = VERTEX_POINT('',#2410);
#2410 = CARTESIAN_POINT('',(-125.,-86.45214395105,20.));
#2411 = SURFACE_CURVE('',#2412,(#2416,#2423),.PCURVE_S1.);
#2412 = LINE('',#2413,#2414);
#2413 = CARTESIAN_POINT('',(-125.,-87.72714395105,18.725));
#2414 = VECTOR('',#2415,1.);
#2415 = DIRECTION('',(-8.659560562355E-17,0.707106781187,0.707106781187)
  );
#2416 = PCURVE('',#668,#2417);
#2417 = DEFINITIONAL_REPRESENTATION('',(#2418),#2422);
#2418 = LINE('',#2419,#2420);
#2419 = CARTESIAN_POINT('',(-3.825,18.725));
#2420 = VECTOR('',#2421,1.);
#2421 = DIRECTION('',(-0.707106781187,0.707106781187));
#2422 = ( GEOMETRIC_REPRESENTATION_CONTEXT(2) 
PARAMETRIC_REPRESENTATION_CONTEXT() REPRESENTATION_CONTEXT('2D SPACE',''
  ) );
#2423 = PCURVE('',#508,#2424);
#2424 = DEFINITIONAL_REPRESENTATION('',(#2425),#2429);
#2425 = LINE('',#2426,#2427);
#2426 = CARTESIAN_POINT('',(112.5,-15.94525791575));
#2427 = VECTOR('',#2428,1.);
#2428 = DIRECTION('',(0.,1.));
#2429 = ( GEOMETRIC_REPRESENTATION_CONTEXT(2) 
PARAMETRIC_REPRESENTATION_CONTEXT() REPRESENTATION_CONTEXT('2D SPACE',''
  ) );
#2430 = ORIENTED_EDGE('',*,*,#2431,.F.);
#2431 = EDGE_CURVE('',#2432,#2409,#2434,.T.);
#2432 = VERTEX_POINT('',#2433);
#2433 = CARTESIAN_POINT('',(-125.,-86.45214395105,0.));
#2434 = SURFACE_CURVE('',#2435,(#2439,#2446),.PCURVE_S1.);
#2435 = LINE('',#2436,#2437);
#2436 = CARTESIAN_POINT('',(-125.,-86.45214395105,0.));
#2437 = VECTOR('',#2438,1.);
#2438 = DIRECTION('',(-1.224646799147E-16,0.,1.));
#2439 = PCURVE('',#668,#2440);
#2440 = DEFINITIONAL_REPRESENTATION('',(#2441),#2445);
#2441 = LINE('',#2442,#2443);
#2442 = CARTESIAN_POINT('',(-5.1,0.));
#2443 = VECTOR('',#2444,1.);
#2444 = DIRECTION('',(-0.,1.));
#2445 = ( GEOMETRIC_REPRESENTATION_CONTEXT(2) 
PARAMETRIC_REPRESENTATION_CONTEXT() REPRESENTATION_CONTEXT('2D SPACE',''
  ) );
#2446 = PCURVE('',#2447,#2452);
#2447 = PLANE('',#2448);
#2448 = AXIS2_PLACEMENT_3D('',#2449,#2450,#2451);
#2449 = CARTESIAN_POINT('',(-25.,-86.45214395105,1.42108547152E-14));
#2450 = DIRECTION('',(0.,1.,0.));
#2451 = DIRECTION('',(1.224646799147E-16,0.,-1.));
#2452 = DEFINITIONAL_REPRESENTATION('',(#2453),#2457);
#2453 = LINE('',#2454,#2455);
#2454 = CARTESIAN_POINT('',(1.964386723729E-15,100.));
#2455 = VECTOR('',#2456,1.);
#2456 = DIRECTION('',(-1.,0.));
#2457 = ( GEOMETRIC_REPRESENTATION_CONTEXT(2) 
PARAMETRIC_REPRESENTATION_CONTEXT() REPRESENTATION_CONTEXT('2D SPACE',''
  ) );
#2458 = ORIENTED_EDGE('',*,*,#2459,.F.);
#2459 = EDGE_CURVE('',#999,#2432,#2460,.T.);
#2460 = SURFACE_CURVE('',#2461,(#2465,#2472),.PCURVE_S1.);
#2461 = LINE('',#2462,#2463);
#2462 = CARTESIAN_POINT('',(-125.,-96.45214395105,0.));
#2463 = VECTOR('',#2464,1.);
#2464 = DIRECTION('',(0.,1.,0.));
#2465 = PCURVE('',#668,#2466);
#2466 = DEFINITIONAL_REPRESENTATION('',(#2467),#2471);
#2467 = LINE('',#2468,#2469);
#2468 = CARTESIAN_POINT('',(4.9,0.));
#2469 = VECTOR('',#2470,1.);
#2470 = DIRECTION('',(-1.,0.));
#2471 = ( GEOMETRIC_REPRESENTATION_CONTEXT(2) 
PARAMETRIC_REPRESENTATION_CONTEXT() REPRESENTATION_CONTEXT('2D SPACE',''
  ) );
#2472 = PCURVE('',#1037,#2473);
#2473 = DEFINITIONAL_REPRESENTATION('',(#2474),#2478);
#2474 = LINE('',#2475,#2476);
#2475 = CARTESIAN_POINT('',(50.,-5.1));
#2476 = VECTOR('',#2477,1.);
#2477 = DIRECTION('',(0.,-1.));
#2478 = ( GEOMETRIC_REPRESENTATION_CONTEXT(2) 
PARAMETRIC_REPRESENTATION_CONTEXT() REPRESENTATION_CONTEXT('2D SPACE',''
  ) );
#2479 = ORIENTED_EDGE('',*,*,#998,.F.);
#2480 = ORIENTED_EDGE('',*,*,#2019,.F.);
#2481 = ORIENTED_EDGE('',*,*,#2080,.T.);
#2482 = ADVANCED_FACE('',(#2483),#563,.T.);
#2483 = FACE_BOUND('',#2484,.T.);
#2484 = EDGE_LOOP('',(#2485,#2486,#2487,#2511));
#2485 = ORIENTED_EDGE('',*,*,#1446,.T.);
#2486 = ORIENTED_EDGE('',*,*,#547,.T.);
#2487 = ORIENTED_EDGE('',*,*,#2488,.T.);
#2488 = EDGE_CURVE('',#525,#2489,#2491,.T.);
#2489 = VERTEX_POINT('',#2490);
#2490 = CARTESIAN_POINT('',(125.,-40.,40.));
#2491 = SURFACE_CURVE('',#2492,(#2497,#2504),.PCURVE_S1.);
#2492 = CIRCLE('',#2493,10.);
#2493 = AXIS2_PLACEMENT_3D('',#2494,#2495,#2496);
#2494 = CARTESIAN_POINT('',(115.,-40.,40.));
#2495 = DIRECTION('',(-1.224646799147E-16,0.,1.));
#2496 = DIRECTION('',(0.707106781187,-0.707106781187,8.659560562355E-17)
  );
#2497 = PCURVE('',#563,#2498);
#2498 = DEFINITIONAL_REPRESENTATION('',(#2499),#2503);
#2499 = LINE('',#2500,#2501);
#2500 = CARTESIAN_POINT('',(-6.28318530718,0.));
#2501 = VECTOR('',#2502,1.);
#2502 = DIRECTION('',(1.,0.));
#2503 = ( GEOMETRIC_REPRESENTATION_CONTEXT(2) 
PARAMETRIC_REPRESENTATION_CONTEXT() REPRESENTATION_CONTEXT('2D SPACE',''
  ) );
#2504 = PCURVE('',#154,#2505);
#2505 = DEFINITIONAL_REPRESENTATION('',(#2506),#2510);
#2506 = CIRCLE('',#2507,10.);
#2507 = AXIS2_PLACEMENT_2D('',#2508,#2509);
#2508 = CARTESIAN_POINT('',(-115.,40.));
#2509 = DIRECTION('',(-0.707106781187,0.707106781187));
#2510 = ( GEOMETRIC_REPRESENTATION_CONTEXT(2) 
PARAMETRIC_REPRESENTATION_CONTEXT() REPRESENTATION_CONTEXT('2D SPACE',''
  ) );
#2511 = ORIENTED_EDGE('',*,*,#2512,.T.);
#2512 = EDGE_CURVE('',#2489,#1447,#2513,.T.);
#2513 = SURFACE_CURVE('',#2514,(#2518,#2525),.PCURVE_S1.);
#2514 = LINE('',#2515,#2516);
#2515 = CARTESIAN_POINT('',(125.,-40.,40.));
#2516 = VECTOR('',#2517,1.);
#2517 = DIRECTION('',(-1.224646799147E-16,0.,1.));
#2518 = PCURVE('',#563,#2519);
#2519 = DEFINITIONAL_REPRESENTATION('',(#2520),#2524);
#2520 = LINE('',#2521,#2522);
#2521 = CARTESIAN_POINT('',(0.785398163397,0.));
#2522 = VECTOR('',#2523,1.);
#2523 = DIRECTION('',(0.,1.));
#2524 = ( GEOMETRIC_REPRESENTATION_CONTEXT(2) 
PARAMETRIC_REPRESENTATION_CONTEXT() REPRESENTATION_CONTEXT('2D SPACE',''
  ) );
#2525 = PCURVE('',#1490,#2526);
#2526 = DEFINITIONAL_REPRESENTATION('',(#2527),#2531);
#2527 = LINE('',#2528,#2529);
#2528 = CARTESIAN_POINT('',(10.,0.));
#2529 = VECTOR('',#2530,1.);
#2530 = DIRECTION('',(0.,1.));
#2531 = ( GEOMETRIC_REPRESENTATION_CONTEXT(2) 
PARAMETRIC_REPRESENTATION_CONTEXT() REPRESENTATION_CONTEXT('2D SPACE',''
  ) );
#2532 = ADVANCED_FACE('',(#2533),#1490,.T.);
#2533 = FACE_BOUND('',#2534,.T.);
#2534 = EDGE_LOOP('',(#2535,#2536,#2559,#2580));
#2535 = ORIENTED_EDGE('',*,*,#2512,.F.);
#2536 = ORIENTED_EDGE('',*,*,#2537,.F.);
#2537 = EDGE_CURVE('',#2538,#2489,#2540,.T.);
#2538 = VERTEX_POINT('',#2539);
#2539 = CARTESIAN_POINT('',(125.,40.,40.));
#2540 = SURFACE_CURVE('',#2541,(#2545,#2552),.PCURVE_S1.);
#2541 = LINE('',#2542,#2543);
#2542 = CARTESIAN_POINT('',(125.,50.,40.));
#2543 = VECTOR('',#2544,1.);
#2544 = DIRECTION('',(0.,-1.,-0.));
#2545 = PCURVE('',#1490,#2546);
#2546 = DEFINITIONAL_REPRESENTATION('',(#2547),#2551);
#2547 = LINE('',#2548,#2549);
#2548 = CARTESIAN_POINT('',(100.,0.));
#2549 = VECTOR('',#2550,1.);
#2550 = DIRECTION('',(-1.,-0.));
#2551 = ( GEOMETRIC_REPRESENTATION_CONTEXT(2) 
PARAMETRIC_REPRESENTATION_CONTEXT() REPRESENTATION_CONTEXT('2D SPACE',''
  ) );
#2552 = PCURVE('',#154,#2553);
#2553 = DEFINITIONAL_REPRESENTATION('',(#2554),#2558);
#2554 = LINE('',#2555,#2556);
#2555 = CARTESIAN_POINT('',(-125.,-50.));
#2556 = VECTOR('',#2557,1.);
#2557 = DIRECTION('',(-0.,1.));
#2558 = ( GEOMETRIC_REPRESENTATION_CONTEXT(2) 
PARAMETRIC_REPRESENTATION_CONTEXT() REPRESENTATION_CONTEXT('2D SPACE',''
  ) );
#2559 = ORIENTED_EDGE('',*,*,#2560,.F.);
#2560 = EDGE_CURVE('',#1475,#2538,#2561,.T.);
#2561 = SURFACE_CURVE('',#2562,(#2566,#2573),.PCURVE_S1.);
#2562 = LINE('',#2563,#2564);
#2563 = CARTESIAN_POINT('',(125.,40.,40.));
#2564 = VECTOR('',#2565,1.);
#2565 = DIRECTION('',(1.224646799147E-16,0.,-1.));
#2566 = PCURVE('',#1490,#2567);
#2567 = DEFINITIONAL_REPRESENTATION('',(#2568),#2572);
#2568 = LINE('',#2569,#2570);
#2569 = CARTESIAN_POINT('',(90.,0.));
#2570 = VECTOR('',#2571,1.);
#2571 = DIRECTION('',(0.,-1.));
#2572 = ( GEOMETRIC_REPRESENTATION_CONTEXT(2) 
PARAMETRIC_REPRESENTATION_CONTEXT() REPRESENTATION_CONTEXT('2D SPACE',''
  ) );
#2573 = PCURVE('',#1523,#2574);
#2574 = DEFINITIONAL_REPRESENTATION('',(#2575),#2579);
#2575 = LINE('',#2576,#2577);
#2576 = CARTESIAN_POINT('',(-0.785398163397,0.));
#2577 = VECTOR('',#2578,1.);
#2578 = DIRECTION('',(0.,-1.));
#2579 = ( GEOMETRIC_REPRESENTATION_CONTEXT(2) 
PARAMETRIC_REPRESENTATION_CONTEXT() REPRESENTATION_CONTEXT('2D SPACE',''
  ) );
#2580 = ORIENTED_EDGE('',*,*,#1474,.F.);
#2581 = ADVANCED_FACE('',(#2582),#1523,.T.);
#2582 = FACE_BOUND('',#2583,.T.);
#2583 = EDGE_LOOP('',(#2584,#2585,#2586,#2610));
#2584 = ORIENTED_EDGE('',*,*,#1502,.T.);
#2585 = ORIENTED_EDGE('',*,*,#2560,.T.);
#2586 = ORIENTED_EDGE('',*,*,#2587,.T.);
#2587 = EDGE_CURVE('',#2538,#2588,#2590,.T.);
#2588 = VERTEX_POINT('',#2589);
#2589 = CARTESIAN_POINT('',(115.,50.,40.));
#2590 = SURFACE_CURVE('',#2591,(#2596,#2603),.PCURVE_S1.);
#2591 = CIRCLE('',#2592,10.);
#2592 = AXIS2_PLACEMENT_3D('',#2593,#2594,#2595);
#2593 = CARTESIAN_POINT('',(115.,40.,40.));
#2594 = DIRECTION('',(-1.224646799147E-16,0.,1.));
#2595 = DIRECTION('',(0.707106781187,0.707106781187,8.659560562355E-17)
  );
#2596 = PCURVE('',#1523,#2597);
#2597 = DEFINITIONAL_REPRESENTATION('',(#2598),#2602);
#2598 = LINE('',#2599,#2600);
#2599 = CARTESIAN_POINT('',(-6.28318530718,0.));
#2600 = VECTOR('',#2601,1.);
#2601 = DIRECTION('',(1.,0.));
#2602 = ( GEOMETRIC_REPRESENTATION_CONTEXT(2) 
PARAMETRIC_REPRESENTATION_CONTEXT() REPRESENTATION_CONTEXT('2D SPACE',''
  ) );
#2603 = PCURVE('',#154,#2604);
#2604 = DEFINITIONAL_REPRESENTATION('',(#2605),#2609);
#2605 = CIRCLE('',#2606,10.);
#2606 = AXIS2_PLACEMENT_2D('',#2607,#2608);
#2607 = CARTESIAN_POINT('',(-115.,-40.));
#2608 = DIRECTION('',(-0.707106781187,-0.707106781187));
#2609 = ( GEOMETRIC_REPRESENTATION_CONTEXT(2) 
PARAMETRIC_REPRESENTATION_CONTEXT() REPRESENTATION_CONTEXT('2D SPACE',''
  ) );
#2610 = ORIENTED_EDGE('',*,*,#2611,.T.);
#2611 = EDGE_CURVE('',#2588,#1503,#2612,.T.);
#2612 = SURFACE_CURVE('',#2613,(#2617,#2624),.PCURVE_S1.);
#2613 = LINE('',#2614,#2615);
#2614 = CARTESIAN_POINT('',(115.,50.,40.));
#2615 = VECTOR('',#2616,1.);
#2616 = DIRECTION('',(-1.224646799147E-16,0.,1.));
#2617 = PCURVE('',#1523,#2618);
#2618 = DEFINITIONAL_REPRESENTATION('',(#2619),#2623);
#2619 = LINE('',#2620,#2621);
#2620 = CARTESIAN_POINT('',(0.785398163397,0.));
#2621 = VECTOR('',#2622,1.);
#2622 = DIRECTION('',(0.,1.));
#2623 = ( GEOMETRIC_REPRESENTATION_CONTEXT(2) 
PARAMETRIC_REPRESENTATION_CONTEXT() REPRESENTATION_CONTEXT('2D SPACE',''
  ) );
#2624 = PCURVE('',#128,#2625);
#2625 = DEFINITIONAL_REPRESENTATION('',(#2626),#2630);
#2626 = LINE('',#2627,#2628);
#2627 = CARTESIAN_POINT('',(10.,1.224646799147E-15));
#2628 = VECTOR('',#2629,1.);
#2629 = DIRECTION('',(0.,1.));
#2630 = ( GEOMETRIC_REPRESENTATION_CONTEXT(2) 
PARAMETRIC_REPRESENTATION_CONTEXT() REPRESENTATION_CONTEXT('2D SPACE',''
  ) );
#2631 = ADVANCED_FACE('',(#2632),#44,.T.);
#2632 = FACE_BOUND('',#2633,.T.);
#2633 = EDGE_LOOP('',(#2634,#2635,#2636,#2657,#2658));
#2634 = ORIENTED_EDGE('',*,*,#170,.T.);
#2635 = ORIENTED_EDGE('',*,*,#21,.F.);
#2636 = ORIENTED_EDGE('',*,*,#2637,.T.);
#2637 = EDGE_CURVE('',#22,#2363,#2638,.T.);
#2638 = SURFACE_CURVE('',#2639,(#2643,#2650),.PCURVE_S1.);
#2639 = LINE('',#2640,#2641);
#2640 = CARTESIAN_POINT('',(-62.5,66.452143951054,40.));
#2641 = VECTOR('',#2642,1.);
#2642 = DIRECTION('',(-1.,0.,-1.224646799147E-16));
#2643 = PCURVE('',#44,#2644);
#2644 = DEFINITIONAL_REPRESENTATION('',(#2645),#2649);
#2645 = LINE('',#2646,#2647);
#2646 = CARTESIAN_POINT('',(-1.224646799147E-15,-14.14213562373));
#2647 = VECTOR('',#2648,1.);
#2648 = DIRECTION('',(1.,0.));
#2649 = ( GEOMETRIC_REPRESENTATION_CONTEXT(2) 
PARAMETRIC_REPRESENTATION_CONTEXT() REPRESENTATION_CONTEXT('2D SPACE',''
  ) );
#2650 = PCURVE('',#154,#2651);
#2651 = DEFINITIONAL_REPRESENTATION('',(#2652),#2656);
#2652 = LINE('',#2653,#2654);
#2653 = CARTESIAN_POINT('',(62.5,-66.45214395105));
#2654 = VECTOR('',#2655,1.);
#2655 = DIRECTION('',(1.,0.));
#2656 = ( GEOMETRIC_REPRESENTATION_CONTEXT(2) 
PARAMETRIC_REPRESENTATION_CONTEXT() REPRESENTATION_CONTEXT('2D SPACE',''
  ) );
#2657 = ORIENTED_EDGE('',*,*,#2362,.T.);
#2658 = ORIENTED_EDGE('',*,*,#2659,.T.);
#2659 = EDGE_CURVE('',#2340,#171,#2660,.T.);
#2660 = SURFACE_CURVE('',#2661,(#2665,#2672),.PCURVE_S1.);
#2661 = LINE('',#2662,#2663);
#2662 = CARTESIAN_POINT('',(-62.5,86.452143951054,20.));
#2663 = VECTOR('',#2664,1.);
#2664 = DIRECTION('',(1.,0.,1.224646799147E-16));
#2665 = PCURVE('',#44,#2666);
#2666 = DEFINITIONAL_REPRESENTATION('',(#2667),#2671);
#2667 = LINE('',#2668,#2669);
#2668 = CARTESIAN_POINT('',(1.224646799147E-15,14.142135623731));
#2669 = VECTOR('',#2670,1.);
#2670 = DIRECTION('',(-1.,0.));
#2671 = ( GEOMETRIC_REPRESENTATION_CONTEXT(2) 
PARAMETRIC_REPRESENTATION_CONTEXT() REPRESENTATION_CONTEXT('2D SPACE',''
  ) );
#2672 = PCURVE('',#209,#2673);
#2673 = DEFINITIONAL_REPRESENTATION('',(#2674),#2678);
#2674 = LINE('',#2675,#2676);
#2675 = CARTESIAN_POINT('',(20.,-62.5));
#2676 = VECTOR('',#2677,1.);
#2677 = DIRECTION('',(0.,-1.));
#2678 = ( GEOMETRIC_REPRESENTATION_CONTEXT(2) 
PARAMETRIC_REPRESENTATION_CONTEXT() REPRESENTATION_CONTEXT('2D SPACE',''
  ) );
#2679 = ADVANCED_FACE('',(#2680,#2732,#2763,#2794,#2825,#2856,#2887,
    #2918,#2944,#2970,#2996),#154,.F.);
#2680 = FACE_BOUND('',#2681,.T.);
#2681 = EDGE_LOOP('',(#2682,#2683,#2684,#2685,#2706,#2707,#2708,#2709,
    #2730,#2731));
#2682 = ORIENTED_EDGE('',*,*,#2488,.F.);
#2683 = ORIENTED_EDGE('',*,*,#524,.T.);
#2684 = ORIENTED_EDGE('',*,*,#385,.F.);
#2685 = ORIENTED_EDGE('',*,*,#2686,.F.);
#2686 = EDGE_CURVE('',#2386,#386,#2687,.T.);
#2687 = SURFACE_CURVE('',#2688,(#2692,#2699),.PCURVE_S1.);
#2688 = LINE('',#2689,#2690);
#2689 = CARTESIAN_POINT('',(-12.5,-66.45214395105,40.));
#2690 = VECTOR('',#2691,1.);
#2691 = DIRECTION('',(1.,0.,1.224646799147E-16));
#2692 = PCURVE('',#154,#2693);
#2693 = DEFINITIONAL_REPRESENTATION('',(#2694),#2698);
#2694 = LINE('',#2695,#2696);
#2695 = CARTESIAN_POINT('',(12.5,66.452143951054));
#2696 = VECTOR('',#2697,1.);
#2697 = DIRECTION('',(-1.,0.));
#2698 = ( GEOMETRIC_REPRESENTATION_CONTEXT(2) 
PARAMETRIC_REPRESENTATION_CONTEXT() REPRESENTATION_CONTEXT('2D SPACE',''
  ) );
#2699 = PCURVE('',#508,#2700);
#2700 = DEFINITIONAL_REPRESENTATION('',(#2701),#2705);
#2701 = LINE('',#2702,#2703);
#2702 = CARTESIAN_POINT('',(-1.224646799147E-15,14.142135623731));
#2703 = VECTOR('',#2704,1.);
#2704 = DIRECTION('',(-1.,0.));
#2705 = ( GEOMETRIC_REPRESENTATION_CONTEXT(2) 
PARAMETRIC_REPRESENTATION_CONTEXT() REPRESENTATION_CONTEXT('2D SPACE',''
  ) );
#2706 = ORIENTED_EDGE('',*,*,#2385,.F.);
#2707 = ORIENTED_EDGE('',*,*,#2637,.F.);
#2708 = ORIENTED_EDGE('',*,*,#140,.F.);
#2709 = ORIENTED_EDGE('',*,*,#2710,.T.);
#2710 = EDGE_CURVE('',#113,#2588,#2711,.T.);
#2711 = SURFACE_CURVE('',#2712,(#2716,#2723),.PCURVE_S1.);
#2712 = LINE('',#2713,#2714);
#2713 = CARTESIAN_POINT('',(-25.,50.,40.));
#2714 = VECTOR('',#2715,1.);
#2715 = DIRECTION('',(1.,0.,1.224646799147E-16));
#2716 = PCURVE('',#154,#2717);
#2717 = DEFINITIONAL_REPRESENTATION('',(#2718),#2722);
#2718 = LINE('',#2719,#2720);
#2719 = CARTESIAN_POINT('',(25.,-50.));
#2720 = VECTOR('',#2721,1.);
#2721 = DIRECTION('',(-1.,0.));
#2722 = ( GEOMETRIC_REPRESENTATION_CONTEXT(2) 
PARAMETRIC_REPRESENTATION_CONTEXT() REPRESENTATION_CONTEXT('2D SPACE',''
  ) );
#2723 = PCURVE('',#128,#2724);
#2724 = DEFINITIONAL_REPRESENTATION('',(#2725),#2729);
#2725 = LINE('',#2726,#2727);
#2726 = CARTESIAN_POINT('',(150.,1.836970198721E-14));
#2727 = VECTOR('',#2728,1.);
#2728 = DIRECTION('',(-1.,0.));
#2729 = ( GEOMETRIC_REPRESENTATION_CONTEXT(2) 
PARAMETRIC_REPRESENTATION_CONTEXT() REPRESENTATION_CONTEXT('2D SPACE',''
  ) );
#2730 = ORIENTED_EDGE('',*,*,#2587,.F.);
#2731 = ORIENTED_EDGE('',*,*,#2537,.T.);
#2732 = FACE_BOUND('',#2733,.T.);
#2733 = EDGE_LOOP('',(#2734));
#2734 = ORIENTED_EDGE('',*,*,#2735,.T.);
#2735 = EDGE_CURVE('',#2736,#2736,#2738,.T.);
#2736 = VERTEX_POINT('',#2737);
#2737 = CARTESIAN_POINT('',(112.,40.,40.));
#2738 = SURFACE_CURVE('',#2739,(#2744,#2751),.PCURVE_S1.);
#2739 = CIRCLE('',#2740,3.);
#2740 = AXIS2_PLACEMENT_3D('',#2741,#2742,#2743);
#2741 = CARTESIAN_POINT('',(115.,40.,40.));
#2742 = DIRECTION('',(-1.224646799147E-16,0.,1.));
#2743 = DIRECTION('',(1.,0.,1.224646799147E-16));
#2744 = PCURVE('',#154,#2745);
#2745 = DEFINITIONAL_REPRESENTATION('',(#2746),#2750);
#2746 = CIRCLE('',#2747,3.);
#2747 = AXIS2_PLACEMENT_2D('',#2748,#2749);
#2748 = CARTESIAN_POINT('',(-115.,-40.));
#2749 = DIRECTION('',(-1.,0.));
#2750 = ( GEOMETRIC_REPRESENTATION_CONTEXT(2) 
PARAMETRIC_REPRESENTATION_CONTEXT() REPRESENTATION_CONTEXT('2D SPACE',''
  ) );
#2751 = PCURVE('',#2752,#2757);
#2752 = CYLINDRICAL_SURFACE('',#2753,3.);
#2753 = AXIS2_PLACEMENT_3D('',#2754,#2755,#2756);
#2754 = CARTESIAN_POINT('',(115.,40.,30.));
#2755 = DIRECTION('',(1.224646799147E-16,0.,-1.));
#2756 = DIRECTION('',(1.,0.,1.224646799147E-16));
#2757 = DEFINITIONAL_REPRESENTATION('',(#2758),#2762);
#2758 = LINE('',#2759,#2760);
#2759 = CARTESIAN_POINT('',(12.566370614359,-10.));
#2760 = VECTOR('',#2761,1.);
#2761 = DIRECTION('',(-1.,0.));
#2762 = ( GEOMETRIC_REPRESENTATION_CONTEXT(2) 
PARAMETRIC_REPRESENTATION_CONTEXT() REPRESENTATION_CONTEXT('2D SPACE',''
  ) );
#2763 = FACE_BOUND('',#2764,.T.);
#2764 = EDGE_LOOP('',(#2765));
#2765 = ORIENTED_EDGE('',*,*,#2766,.T.);
#2766 = EDGE_CURVE('',#2767,#2767,#2769,.T.);
#2767 = VERTEX_POINT('',#2768);
#2768 = CARTESIAN_POINT('',(-18.,-40.,40.));
#2769 = SURFACE_CURVE('',#2770,(#2775,#2782),.PCURVE_S1.);
#2770 = CIRCLE('',#2771,3.);
#2771 = AXIS2_PLACEMENT_3D('',#2772,#2773,#2774);
#2772 = CARTESIAN_POINT('',(-15.,-40.,40.));
#2773 = DIRECTION('',(-1.224646799147E-16,0.,1.));
#2774 = DIRECTION('',(1.,0.,1.224646799147E-16));
#2775 = PCURVE('',#154,#2776);
#2776 = DEFINITIONAL_REPRESENTATION('',(#2777),#2781);
#2777 = CIRCLE('',#2778,3.);
#2778 = AXIS2_PLACEMENT_2D('',#2779,#2780);
#2779 = CARTESIAN_POINT('',(15.,40.));
#2780 = DIRECTION('',(-1.,0.));
#2781 = ( GEOMETRIC_REPRESENTATION_CONTEXT(2) 
PARAMETRIC_REPRESENTATION_CONTEXT() REPRESENTATION_CONTEXT('2D SPACE',''
  ) );
#2782 = PCURVE('',#2783,#2788);
#2783 = CYLINDRICAL_SURFACE('',#2784,3.);
#2784 = AXIS2_PLACEMENT_3D('',#2785,#2786,#2787);
#2785 = CARTESIAN_POINT('',(-15.,-40.,30.));
#2786 = DIRECTION('',(1.224646799147E-16,0.,-1.));
#2787 = DIRECTION('',(1.,0.,1.224646799147E-16));
#2788 = DEFINITIONAL_REPRESENTATION('',(#2789),#2793);
#2789 = LINE('',#2790,#2791);
#2790 = CARTESIAN_POINT('',(12.566370614359,-10.));
#2791 = VECTOR('',#2792,1.);
#2792 = DIRECTION('',(-1.,0.));
#2793 = ( GEOMETRIC_REPRESENTATION_CONTEXT(2) 
PARAMETRIC_REPRESENTATION_CONTEXT() REPRESENTATION_CONTEXT('2D SPACE',''
  ) );
#2794 = FACE_BOUND('',#2795,.T.);
#2795 = EDGE_LOOP('',(#2796));
#2796 = ORIENTED_EDGE('',*,*,#2797,.T.);
#2797 = EDGE_CURVE('',#2798,#2798,#2800,.T.);
#2798 = VERTEX_POINT('',#2799);
#2799 = CARTESIAN_POINT('',(112.,-40.,40.));
#2800 = SURFACE_CURVE('',#2801,(#2806,#2813),.PCURVE_S1.);
#2801 = CIRCLE('',#2802,3.);
#2802 = AXIS2_PLACEMENT_3D('',#2803,#2804,#2805);
#2803 = CARTESIAN_POINT('',(115.,-40.,40.));
#2804 = DIRECTION('',(-1.224646799147E-16,0.,1.));
#2805 = DIRECTION('',(1.,0.,1.224646799147E-16));
#2806 = PCURVE('',#154,#2807);
#2807 = DEFINITIONAL_REPRESENTATION('',(#2808),#2812);
#2808 = CIRCLE('',#2809,3.);
#2809 = AXIS2_PLACEMENT_2D('',#2810,#2811);
#2810 = CARTESIAN_POINT('',(-115.,40.));
#2811 = DIRECTION('',(-1.,0.));
#2812 = ( GEOMETRIC_REPRESENTATION_CONTEXT(2) 
PARAMETRIC_REPRESENTATION_CONTEXT() REPRESENTATION_CONTEXT('2D SPACE',''
  ) );
#2813 = PCURVE('',#2814,#2819);
#2814 = CYLINDRICAL_SURFACE('',#2815,3.);
#2815 = AXIS2_PLACEMENT_3D('',#2816,#2817,#2818);
#2816 = CARTESIAN_POINT('',(115.,-40.,30.));
#2817 = DIRECTION('',(1.224646799147E-16,0.,-1.));
#2818 = DIRECTION('',(1.,0.,1.224646799147E-16));
#2819 = DEFINITIONAL_REPRESENTATION('',(#2820),#2824);
#2820 = LINE('',#2821,#2822);
#2821 = CARTESIAN_POINT('',(12.566370614359,-10.));
#2822 = VECTOR('',#2823,1.);
#2823 = DIRECTION('',(-1.,0.));
#2824 = ( GEOMETRIC_REPRESENTATION_CONTEXT(2) 
PARAMETRIC_REPRESENTATION_CONTEXT() REPRESENTATION_CONTEXT('2D SPACE',''
  ) );
#2825 = FACE_BOUND('',#2826,.T.);
#2826 = EDGE_LOOP('',(#2827));
#2827 = ORIENTED_EDGE('',*,*,#2828,.T.);
#2828 = EDGE_CURVE('',#2829,#2829,#2831,.T.);
#2829 = VERTEX_POINT('',#2830);
#2830 = CARTESIAN_POINT('',(-18.,40.,40.));
#2831 = SURFACE_CURVE('',#2832,(#2837,#2844),.PCURVE_S1.);
#2832 = CIRCLE('',#2833,3.);
#2833 = AXIS2_PLACEMENT_3D('',#2834,#2835,#2836);
#2834 = CARTESIAN_POINT('',(-15.,40.,40.));
#2835 = DIRECTION('',(-1.224646799147E-16,0.,1.));
#2836 = DIRECTION('',(1.,0.,1.224646799147E-16));
#2837 = PCURVE('',#154,#2838);
#2838 = DEFINITIONAL_REPRESENTATION('',(#2839),#2843);
#2839 = CIRCLE('',#2840,3.);
#2840 = AXIS2_PLACEMENT_2D('',#2841,#2842);
#2841 = CARTESIAN_POINT('',(15.,-40.));
#2842 = DIRECTION('',(-1.,0.));
#2843 = ( GEOMETRIC_REPRESENTATION_CONTEXT(2) 
PARAMETRIC_REPRESENTATION_CONTEXT() REPRESENTATION_CONTEXT('2D SPACE',''
  ) );
#2844 = PCURVE('',#2845,#2850);
#2845 = CYLINDRICAL_SURFACE('',#2846,3.);
#2846 = AXIS2_PLACEMENT_3D('',#2847,#2848,#2849);
#2847 = CARTESIAN_POINT('',(-15.,40.,30.));
#2848 = DIRECTION('',(1.224646799147E-16,0.,-1.));
#2849 = DIRECTION('',(1.,0.,1.224646799147E-16));
#2850 = DEFINITIONAL_REPRESENTATION('',(#2851),#2855);
#2851 = LINE('',#2852,#2853);
#2852 = CARTESIAN_POINT('',(12.566370614359,-10.));
#2853 = VECTOR('',#2854,1.);
#2854 = DIRECTION('',(-1.,0.));
#2855 = ( GEOMETRIC_REPRESENTATION_CONTEXT(2) 
PARAMETRIC_REPRESENTATION_CONTEXT() REPRESENTATION_CONTEXT('2D SPACE',''
  ) );
#2856 = FACE_BOUND('',#2857,.T.);
#2857 = EDGE_LOOP('',(#2858));
#2858 = ORIENTED_EDGE('',*,*,#2859,.T.);
#2859 = EDGE_CURVE('',#2860,#2860,#2862,.T.);
#2860 = VERTEX_POINT('',#2861);
#2861 = CARTESIAN_POINT('',(-118.,40.,40.));
#2862 = SURFACE_CURVE('',#2863,(#2868,#2875),.PCURVE_S1.);
#2863 = CIRCLE('',#2864,3.);
#2864 = AXIS2_PLACEMENT_3D('',#2865,#2866,#2867);
#2865 = CARTESIAN_POINT('',(-115.,40.,40.));
#2866 = DIRECTION('',(-1.224646799147E-16,0.,1.));
#2867 = DIRECTION('',(1.,0.,1.224646799147E-16));
#2868 = PCURVE('',#154,#2869);
#2869 = DEFINITIONAL_REPRESENTATION('',(#2870),#2874);
#2870 = CIRCLE('',#2871,3.);
#2871 = AXIS2_PLACEMENT_2D('',#2872,#2873);
#2872 = CARTESIAN_POINT('',(115.,-40.));
#2873 = DIRECTION('',(-1.,0.));
#2874 = ( GEOMETRIC_REPRESENTATION_CONTEXT(2) 
PARAMETRIC_REPRESENTATION_CONTEXT() REPRESENTATION_CONTEXT('2D SPACE',''
  ) );
#2875 = PCURVE('',#2876,#2881);
#2876 = CYLINDRICAL_SURFACE('',#2877,3.);
#2877 = AXIS2_PLACEMENT_3D('',#2878,#2879,#2880);
#2878 = CARTESIAN_POINT('',(-115.,40.,30.));
#2879 = DIRECTION('',(1.224646799147E-16,0.,-1.));
#2880 = DIRECTION('',(1.,0.,1.224646799147E-16));
#2881 = DEFINITIONAL_REPRESENTATION('',(#2882),#2886);
#2882 = LINE('',#2883,#2884);
#2883 = CARTESIAN_POINT('',(12.566370614359,-10.));
#2884 = VECTOR('',#2885,1.);
#2885 = DIRECTION('',(-1.,0.));
#2886 = ( GEOMETRIC_REPRESENTATION_CONTEXT(2) 
PARAMETRIC_REPRESENTATION_CONTEXT() REPRESENTATION_CONTEXT('2D SPACE',''
  ) );
#2887 = FACE_BOUND('',#2888,.T.);
#2888 = EDGE_LOOP('',(#2889));
#2889 = ORIENTED_EDGE('',*,*,#2890,.T.);
#2890 = EDGE_CURVE('',#2891,#2891,#2893,.T.);
#2891 = VERTEX_POINT('',#2892);
#2892 = CARTESIAN_POINT('',(-118.,-40.,40.));
#2893 = SURFACE_CURVE('',#2894,(#2899,#2906),.PCURVE_S1.);
#2894 = CIRCLE('',#2895,3.);
#2895 = AXIS2_PLACEMENT_3D('',#2896,#2897,#2898);
#2896 = CARTESIAN_POINT('',(-115.,-40.,40.));
#2897 = DIRECTION('',(-1.224646799147E-16,0.,1.));
#2898 = DIRECTION('',(1.,0.,1.224646799147E-16));
#2899 = PCURVE('',#154,#2900);
#2900 = DEFINITIONAL_REPRESENTATION('',(#2901),#2905);
#2901 = CIRCLE('',#2902,3.);
#2902 = AXIS2_PLACEMENT_2D('',#2903,#2904);
#2903 = CARTESIAN_POINT('',(115.,40.));
#2904 = DIRECTION('',(-1.,0.));
#2905 = ( GEOMETRIC_REPRESENTATION_CONTEXT(2) 
PARAMETRIC_REPRESENTATION_CONTEXT() REPRESENTATION_CONTEXT('2D SPACE',''
  ) );
#2906 = PCURVE('',#2907,#2912);
#2907 = CYLINDRICAL_SURFACE('',#2908,3.);
#2908 = AXIS2_PLACEMENT_3D('',#2909,#2910,#2911);
#2909 = CARTESIAN_POINT('',(-115.,-40.,30.));
#2910 = DIRECTION('',(1.224646799147E-16,0.,-1.));
#2911 = DIRECTION('',(1.,0.,1.224646799147E-16));
#2912 = DEFINITIONAL_REPRESENTATION('',(#2913),#2917);
#2913 = LINE('',#2914,#2915);
#2914 = CARTESIAN_POINT('',(12.566370614359,-10.));
#2915 = VECTOR('',#2916,1.);
#2916 = DIRECTION('',(-1.,0.));
#2917 = ( GEOMETRIC_REPRESENTATION_CONTEXT(2) 
PARAMETRIC_REPRESENTATION_CONTEXT() REPRESENTATION_CONTEXT('2D SPACE',''
  ) );
#2918 = FACE_BOUND('',#2919,.T.);
#2919 = EDGE_LOOP('',(#2920));
#2920 = ORIENTED_EDGE('',*,*,#2921,.T.);
#2921 = EDGE_CURVE('',#2922,#2922,#2924,.T.);
#2922 = VERTEX_POINT('',#2923);
#2923 = CARTESIAN_POINT('',(32.5,-35.,40.));
#2924 = SURFACE_CURVE('',#2925,(#2930,#2937),.PCURVE_S1.);
#2925 = CIRCLE('',#2926,2.5);
#2926 = AXIS2_PLACEMENT_3D('',#2927,#2928,#2929);
#2927 = CARTESIAN_POINT('',(35.,-35.,40.));
#2928 = DIRECTION('',(-1.224646799147E-16,0.,1.));
#2929 = DIRECTION('',(1.,0.,1.224646799147E-16));
#2930 = PCURVE('',#154,#2931);
#2931 = DEFINITIONAL_REPRESENTATION('',(#2932),#2936);
#2932 = CIRCLE('',#2933,2.5);
#2933 = AXIS2_PLACEMENT_2D('',#2934,#2935);
#2934 = CARTESIAN_POINT('',(-35.,35.));
#2935 = DIRECTION('',(-1.,0.));
#2936 = ( GEOMETRIC_REPRESENTATION_CONTEXT(2) 
PARAMETRIC_REPRESENTATION_CONTEXT() REPRESENTATION_CONTEXT('2D SPACE',''
  ) );
#2937 = PCURVE('',#1883,#2938);
#2938 = DEFINITIONAL_REPRESENTATION('',(#2939),#2943);
#2939 = LINE('',#2940,#2941);
#2940 = CARTESIAN_POINT('',(12.566370614359,-10.));
#2941 = VECTOR('',#2942,1.);
#2942 = DIRECTION('',(-1.,0.));
#2943 = ( GEOMETRIC_REPRESENTATION_CONTEXT(2) 
PARAMETRIC_REPRESENTATION_CONTEXT() REPRESENTATION_CONTEXT('2D SPACE',''
  ) );
#2944 = FACE_BOUND('',#2945,.T.);
#2945 = EDGE_LOOP('',(#2946));
#2946 = ORIENTED_EDGE('',*,*,#2947,.T.);
#2947 = EDGE_CURVE('',#2948,#2948,#2950,.T.);
#2948 = VERTEX_POINT('',#2949);
#2949 = CARTESIAN_POINT('',(-37.5,35.,40.));
#2950 = SURFACE_CURVE('',#2951,(#2956,#2963),.PCURVE_S1.);
#2951 = CIRCLE('',#2952,2.5);
#2952 = AXIS2_PLACEMENT_3D('',#2953,#2954,#2955);
#2953 = CARTESIAN_POINT('',(-35.,35.,40.));
#2954 = DIRECTION('',(-1.224646799147E-16,0.,1.));
#2955 = DIRECTION('',(1.,0.,1.224646799147E-16));
#2956 = PCURVE('',#154,#2957);
#2957 = DEFINITIONAL_REPRESENTATION('',(#2958),#2962);
#2958 = CIRCLE('',#2959,2.5);
#2959 = AXIS2_PLACEMENT_2D('',#2960,#2961);
#2960 = CARTESIAN_POINT('',(35.,-35.));
#2961 = DIRECTION('',(-1.,0.));
#2962 = ( GEOMETRIC_REPRESENTATION_CONTEXT(2) 
PARAMETRIC_REPRESENTATION_CONTEXT() REPRESENTATION_CONTEXT('2D SPACE',''
  ) );
#2963 = PCURVE('',#1918,#2964);
#2964 = DEFINITIONAL_REPRESENTATION('',(#2965),#2969);
#2965 = LINE('',#2966,#2967);
#2966 = CARTESIAN_POINT('',(12.566370614359,-10.));
#2967 = VECTOR('',#2968,1.);
#2968 = DIRECTION('',(-1.,0.));
#2969 = ( GEOMETRIC_REPRESENTATION_CONTEXT(2) 
PARAMETRIC_REPRESENTATION_CONTEXT() REPRESENTATION_CONTEXT('2D SPACE',''
  ) );
#2970 = FACE_BOUND('',#2971,.T.);
#2971 = EDGE_LOOP('',(#2972));
#2972 = ORIENTED_EDGE('',*,*,#2973,.T.);
#2973 = EDGE_CURVE('',#2974,#2974,#2976,.T.);
#2974 = VERTEX_POINT('',#2975);
#2975 = CARTESIAN_POINT('',(-37.5,-35.,40.));
#2976 = SURFACE_CURVE('',#2977,(#2982,#2989),.PCURVE_S1.);
#2977 = CIRCLE('',#2978,2.5);
#2978 = AXIS2_PLACEMENT_3D('',#2979,#2980,#2981);
#2979 = CARTESIAN_POINT('',(-35.,-35.,40.));
#2980 = DIRECTION('',(-1.224646799147E-16,0.,1.));
#2981 = DIRECTION('',(1.,0.,1.224646799147E-16));
#2982 = PCURVE('',#154,#2983);
#2983 = DEFINITIONAL_REPRESENTATION('',(#2984),#2988);
#2984 = CIRCLE('',#2985,2.5);
#2985 = AXIS2_PLACEMENT_2D('',#2986,#2987);
#2986 = CARTESIAN_POINT('',(35.,35.));
#2987 = DIRECTION('',(-1.,0.));
#2988 = ( GEOMETRIC_REPRESENTATION_CONTEXT(2) 
PARAMETRIC_REPRESENTATION_CONTEXT() REPRESENTATION_CONTEXT('2D SPACE',''
  ) );
#2989 = PCURVE('',#1813,#2990);
#2990 = DEFINITIONAL_REPRESENTATION('',(#2991),#2995);
#2991 = LINE('',#2992,#2993);
#2992 = CARTESIAN_POINT('',(12.566370614359,-10.));
#2993 = VECTOR('',#2994,1.);
#2994 = DIRECTION('',(-1.,0.));
#2995 = ( GEOMETRIC_REPRESENTATION_CONTEXT(2) 
PARAMETRIC_REPRESENTATION_CONTEXT() REPRESENTATION_CONTEXT('2D SPACE',''
  ) );
#2996 = FACE_BOUND('',#2997,.T.);
#2997 = EDGE_LOOP('',(#2998));
#2998 = ORIENTED_EDGE('',*,*,#2999,.T.);
#2999 = EDGE_CURVE('',#3000,#3000,#3002,.T.);
#3000 = VERTEX_POINT('',#3001);
#3001 = CARTESIAN_POINT('',(32.5,35.,40.));
#3002 = SURFACE_CURVE('',#3003,(#3008,#3015),.PCURVE_S1.);
#3003 = CIRCLE('',#3004,2.5);
#3004 = AXIS2_PLACEMENT_3D('',#3005,#3006,#3007);
#3005 = CARTESIAN_POINT('',(35.,35.,40.));
#3006 = DIRECTION('',(-1.224646799147E-16,0.,1.));
#3007 = DIRECTION('',(1.,0.,1.224646799147E-16));
#3008 = PCURVE('',#154,#3009);
#3009 = DEFINITIONAL_REPRESENTATION('',(#3010),#3014);
#3010 = CIRCLE('',#3011,2.5);
#3011 = AXIS2_PLACEMENT_2D('',#3012,#3013);
#3012 = CARTESIAN_POINT('',(-35.,-35.));
#3013 = DIRECTION('',(-1.,0.));
#3014 = ( GEOMETRIC_REPRESENTATION_CONTEXT(2) 
PARAMETRIC_REPRESENTATION_CONTEXT() REPRESENTATION_CONTEXT('2D SPACE',''
  ) );
#3015 = PCURVE('',#1848,#3016);
#3016 = DEFINITIONAL_REPRESENTATION('',(#3017),#3021);
#3017 = LINE('',#3018,#3019);
#3018 = CARTESIAN_POINT('',(12.566370614359,-10.));
#3019 = VECTOR('',#3020,1.);
#3020 = DIRECTION('',(-1.,0.));
#3021 = ( GEOMETRIC_REPRESENTATION_CONTEXT(2) 
PARAMETRIC_REPRESENTATION_CONTEXT() REPRESENTATION_CONTEXT('2D SPACE',''
  ) );
#3022 = ADVANCED_FACE('',(#3023),#508,.T.);
#3023 = FACE_BOUND('',#3024,.T.);
#3024 = EDGE_LOOP('',(#3025,#3026,#3027,#3028,#3051));
#3025 = ORIENTED_EDGE('',*,*,#2408,.T.);
#3026 = ORIENTED_EDGE('',*,*,#2686,.T.);
#3027 = ORIENTED_EDGE('',*,*,#494,.F.);
#3028 = ORIENTED_EDGE('',*,*,#3029,.T.);
#3029 = EDGE_CURVE('',#467,#3030,#3032,.T.);
#3030 = VERTEX_POINT('',#3031);
#3031 = CARTESIAN_POINT('',(-25.,-86.45214395105,20.));
#3032 = SURFACE_CURVE('',#3033,(#3037,#3044),.PCURVE_S1.);
#3033 = LINE('',#3034,#3035);
#3034 = CARTESIAN_POINT('',(-25.,-92.72714395105,13.725));
#3035 = VECTOR('',#3036,1.);
#3036 = DIRECTION('',(8.659560562355E-17,-0.707106781187,-0.707106781187
    ));
#3037 = PCURVE('',#508,#3038);
#3038 = DEFINITIONAL_REPRESENTATION('',(#3039),#3043);
#3039 = LINE('',#3040,#3041);
#3040 = CARTESIAN_POINT('',(12.5,-23.01632572762));
#3041 = VECTOR('',#3042,1.);
#3042 = DIRECTION('',(0.,-1.));
#3043 = ( GEOMETRIC_REPRESENTATION_CONTEXT(2) 
PARAMETRIC_REPRESENTATION_CONTEXT() REPRESENTATION_CONTEXT('2D SPACE',''
  ) );
#3044 = PCURVE('',#482,#3045);
#3045 = DEFINITIONAL_REPRESENTATION('',(#3046),#3050);
#3046 = LINE('',#3047,#3048);
#3047 = CARTESIAN_POINT('',(18.825,13.725));
#3048 = VECTOR('',#3049,1.);
#3049 = DIRECTION('',(-0.707106781187,-0.707106781187));
#3050 = ( GEOMETRIC_REPRESENTATION_CONTEXT(2) 
PARAMETRIC_REPRESENTATION_CONTEXT() REPRESENTATION_CONTEXT('2D SPACE',''
  ) );
#3051 = ORIENTED_EDGE('',*,*,#3052,.T.);
#3052 = EDGE_CURVE('',#3030,#2409,#3053,.T.);
#3053 = SURFACE_CURVE('',#3054,(#3058,#3065),.PCURVE_S1.);
#3054 = LINE('',#3055,#3056);
#3055 = CARTESIAN_POINT('',(-12.5,-86.45214395105,20.));
#3056 = VECTOR('',#3057,1.);
#3057 = DIRECTION('',(-1.,0.,-1.224646799147E-16));
#3058 = PCURVE('',#508,#3059);
#3059 = DEFINITIONAL_REPRESENTATION('',(#3060),#3064);
#3060 = LINE('',#3061,#3062);
#3061 = CARTESIAN_POINT('',(-2.719706263126E-14,-14.14213562373));
#3062 = VECTOR('',#3063,1.);
#3063 = DIRECTION('',(1.,0.));
#3064 = ( GEOMETRIC_REPRESENTATION_CONTEXT(2) 
PARAMETRIC_REPRESENTATION_CONTEXT() REPRESENTATION_CONTEXT('2D SPACE',''
  ) );
#3065 = PCURVE('',#2447,#3066);
#3066 = DEFINITIONAL_REPRESENTATION('',(#3067),#3071);
#3067 = LINE('',#3068,#3069);
#3068 = CARTESIAN_POINT('',(-20.,-12.5));
#3069 = VECTOR('',#3070,1.);
#3070 = DIRECTION('',(0.,1.));
#3071 = ( GEOMETRIC_REPRESENTATION_CONTEXT(2) 
PARAMETRIC_REPRESENTATION_CONTEXT() REPRESENTATION_CONTEXT('2D SPACE',''
  ) );
#3072 = ADVANCED_FACE('',(#3073),#1848,.F.);
#3073 = FACE_BOUND('',#3074,.F.);
#3074 = EDGE_LOOP('',(#3075,#3096,#3097,#3098));
#3075 = ORIENTED_EDGE('',*,*,#3076,.T.);
#3076 = EDGE_CURVE('',#1828,#3000,#3077,.T.);
#3077 = SEAM_CURVE('',#3078,(#3082,#3089),.PCURVE_S1.);
#3078 = LINE('',#3079,#3080);
#3079 = CARTESIAN_POINT('',(32.5,35.,30.));
#3080 = VECTOR('',#3081,1.);
#3081 = DIRECTION('',(1.224646799147E-16,0.,-1.));
#3082 = PCURVE('',#1848,#3083);
#3083 = DEFINITIONAL_REPRESENTATION('',(#3084),#3088);
#3084 = LINE('',#3085,#3086);
#3085 = CARTESIAN_POINT('',(9.424777960769,0.));
#3086 = VECTOR('',#3087,1.);
#3087 = DIRECTION('',(0.,1.));
#3088 = ( GEOMETRIC_REPRESENTATION_CONTEXT(2) 
PARAMETRIC_REPRESENTATION_CONTEXT() REPRESENTATION_CONTEXT('2D SPACE',''
  ) );
#3089 = PCURVE('',#1848,#3090);
#3090 = DEFINITIONAL_REPRESENTATION('',(#3091),#3095);
#3091 = LINE('',#3092,#3093);
#3092 = CARTESIAN_POINT('',(3.14159265359,0.));
#3093 = VECTOR('',#3094,1.);
#3094 = DIRECTION('',(0.,1.));
#3095 = ( GEOMETRIC_REPRESENTATION_CONTEXT(2) 
PARAMETRIC_REPRESENTATION_CONTEXT() REPRESENTATION_CONTEXT('2D SPACE',''
  ) );
#3096 = ORIENTED_EDGE('',*,*,#2999,.T.);
#3097 = ORIENTED_EDGE('',*,*,#3076,.F.);
#3098 = ORIENTED_EDGE('',*,*,#1827,.T.);
#3099 = ADVANCED_FACE('',(#3100),#1813,.F.);
#3100 = FACE_BOUND('',#3101,.F.);
#3101 = EDGE_LOOP('',(#3102,#3123,#3124,#3125));
#3102 = ORIENTED_EDGE('',*,*,#3103,.T.);
#3103 = EDGE_CURVE('',#1793,#2974,#3104,.T.);
#3104 = SEAM_CURVE('',#3105,(#3109,#3116),.PCURVE_S1.);
#3105 = LINE('',#3106,#3107);
#3106 = CARTESIAN_POINT('',(-37.5,-35.,30.));
#3107 = VECTOR('',#3108,1.);
#3108 = DIRECTION('',(1.224646799147E-16,0.,-1.));
#3109 = PCURVE('',#1813,#3110);
#3110 = DEFINITIONAL_REPRESENTATION('',(#3111),#3115);
#3111 = LINE('',#3112,#3113);
#3112 = CARTESIAN_POINT('',(9.424777960769,0.));
#3113 = VECTOR('',#3114,1.);
#3114 = DIRECTION('',(0.,1.));
#3115 = ( GEOMETRIC_REPRESENTATION_CONTEXT(2) 
PARAMETRIC_REPRESENTATION_CONTEXT() REPRESENTATION_CONTEXT('2D SPACE',''
  ) );
#3116 = PCURVE('',#1813,#3117);
#3117 = DEFINITIONAL_REPRESENTATION('',(#3118),#3122);
#3118 = LINE('',#3119,#3120);
#3119 = CARTESIAN_POINT('',(3.14159265359,0.));
#3120 = VECTOR('',#3121,1.);
#3121 = DIRECTION('',(0.,1.));
#3122 = ( GEOMETRIC_REPRESENTATION_CONTEXT(2) 
PARAMETRIC_REPRESENTATION_CONTEXT() REPRESENTATION_CONTEXT('2D SPACE',''
  ) );
#3123 = ORIENTED_EDGE('',*,*,#2973,.T.);
#3124 = ORIENTED_EDGE('',*,*,#3103,.F.);
#3125 = ORIENTED_EDGE('',*,*,#1792,.T.);
#3126 = ADVANCED_FACE('',(#3127),#1918,.F.);
#3127 = FACE_BOUND('',#3128,.F.);
#3128 = EDGE_LOOP('',(#3129,#3150,#3151,#3152));
#3129 = ORIENTED_EDGE('',*,*,#3130,.T.);
#3130 = EDGE_CURVE('',#1898,#2948,#3131,.T.);
#3131 = SEAM_CURVE('',#3132,(#3136,#3143),.PCURVE_S1.);
#3132 = LINE('',#3133,#3134);
#3133 = CARTESIAN_POINT('',(-37.5,35.,30.));
#3134 = VECTOR('',#3135,1.);
#3135 = DIRECTION('',(1.224646799147E-16,0.,-1.));
#3136 = PCURVE('',#1918,#3137);
#3137 = DEFINITIONAL_REPRESENTATION('',(#3138),#3142);
#3138 = LINE('',#3139,#3140);
#3139 = CARTESIAN_POINT('',(9.424777960769,0.));
#3140 = VECTOR('',#3141,1.);
#3141 = DIRECTION('',(0.,1.));
#3142 = ( GEOMETRIC_REPRESENTATION_CONTEXT(2) 
PARAMETRIC_REPRESENTATION_CONTEXT() REPRESENTATION_CONTEXT('2D SPACE',''
  ) );
#3143 = PCURVE('',#1918,#3144);
#3144 = DEFINITIONAL_REPRESENTATION('',(#3145),#3149);
#3145 = LINE('',#3146,#3147);
#3146 = CARTESIAN_POINT('',(3.14159265359,0.));
#3147 = VECTOR('',#3148,1.);
#3148 = DIRECTION('',(0.,1.));
#3149 = ( GEOMETRIC_REPRESENTATION_CONTEXT(2) 
PARAMETRIC_REPRESENTATION_CONTEXT() REPRESENTATION_CONTEXT('2D SPACE',''
  ) );
#3150 = ORIENTED_EDGE('',*,*,#2947,.T.);
#3151 = ORIENTED_EDGE('',*,*,#3130,.F.);
#3152 = ORIENTED_EDGE('',*,*,#1897,.T.);
#3153 = ADVANCED_FACE('',(#3154),#1883,.F.);
#3154 = FACE_BOUND('',#3155,.F.);
#3155 = EDGE_LOOP('',(#3156,#3177,#3178,#3179));
#3156 = ORIENTED_EDGE('',*,*,#3157,.T.);
#3157 = EDGE_CURVE('',#1863,#2922,#3158,.T.);
#3158 = SEAM_CURVE('',#3159,(#3163,#3170),.PCURVE_S1.);
#3159 = LINE('',#3160,#3161);
#3160 = CARTESIAN_POINT('',(32.5,-35.,30.));
#3161 = VECTOR('',#3162,1.);
#3162 = DIRECTION('',(1.224646799147E-16,0.,-1.));
#3163 = PCURVE('',#1883,#3164);
#3164 = DEFINITIONAL_REPRESENTATION('',(#3165),#3169);
#3165 = LINE('',#3166,#3167);
#3166 = CARTESIAN_POINT('',(9.424777960769,0.));
#3167 = VECTOR('',#3168,1.);
#3168 = DIRECTION('',(0.,1.));
#3169 = ( GEOMETRIC_REPRESENTATION_CONTEXT(2) 
PARAMETRIC_REPRESENTATION_CONTEXT() REPRESENTATION_CONTEXT('2D SPACE',''
  ) );
#3170 = PCURVE('',#1883,#3171);
#3171 = DEFINITIONAL_REPRESENTATION('',(#3172),#3176);
#3172 = LINE('',#3173,#3174);
#3173 = CARTESIAN_POINT('',(3.14159265359,0.));
#3174 = VECTOR('',#3175,1.);
#3175 = DIRECTION('',(0.,1.));
#3176 = ( GEOMETRIC_REPRESENTATION_CONTEXT(2) 
PARAMETRIC_REPRESENTATION_CONTEXT() REPRESENTATION_CONTEXT('2D SPACE',''
  ) );
#3177 = ORIENTED_EDGE('',*,*,#2921,.T.);
#3178 = ORIENTED_EDGE('',*,*,#3157,.F.);
#3179 = ORIENTED_EDGE('',*,*,#1862,.T.);
#3180 = ADVANCED_FACE('',(#3181,#3212),#3194,.F.);
#3181 = FACE_BOUND('',#3182,.T.);
#3182 = EDGE_LOOP('',(#3183));
#3183 = ORIENTED_EDGE('',*,*,#3184,.F.);
#3184 = EDGE_CURVE('',#3185,#3185,#3187,.T.);
#3185 = VERTEX_POINT('',#3186);
#3186 = CARTESIAN_POINT('',(-121.,-40.,45.));
#3187 = SURFACE_CURVE('',#3188,(#3193,#3205),.PCURVE_S1.);
#3188 = CIRCLE('',#3189,6.);
#3189 = AXIS2_PLACEMENT_3D('',#3190,#3191,#3192);
#3190 = CARTESIAN_POINT('',(-115.,-40.,45.));
#3191 = DIRECTION('',(1.224646799147E-16,0.,-1.));
#3192 = DIRECTION('',(1.,0.,1.224646799147E-16));
#3193 = PCURVE('',#3194,#3199);
#3194 = PLANE('',#3195);
#3195 = AXIS2_PLACEMENT_3D('',#3196,#3197,#3198);
#3196 = CARTESIAN_POINT('',(-115.,-40.,45.));
#3197 = DIRECTION('',(1.224646799147E-16,0.,-1.));
#3198 = DIRECTION('',(1.,0.,1.224646799147E-16));
#3199 = DEFINITIONAL_REPRESENTATION('',(#3200),#3204);
#3200 = CIRCLE('',#3201,6.);
#3201 = AXIS2_PLACEMENT_2D('',#3202,#3203);
#3202 = CARTESIAN_POINT('',(0.,0.));
#3203 = DIRECTION('',(1.,0.));
#3204 = ( GEOMETRIC_REPRESENTATION_CONTEXT(2) 
PARAMETRIC_REPRESENTATION_CONTEXT() REPRESENTATION_CONTEXT('2D SPACE',''
  ) );
#3205 = PCURVE('',#1603,#3206);
#3206 = DEFINITIONAL_REPRESENTATION('',(#3207),#3211);
#3207 = LINE('',#3208,#3209);
#3208 = CARTESIAN_POINT('',(0.,2.5));
#3209 = VECTOR('',#3210,1.);
#3210 = DIRECTION('',(1.,0.));
#3211 = ( GEOMETRIC_REPRESENTATION_CONTEXT(2) 
PARAMETRIC_REPRESENTATION_CONTEXT() REPRESENTATION_CONTEXT('2D SPACE',''
  ) );
#3212 = FACE_BOUND('',#3213,.T.);
#3213 = EDGE_LOOP('',(#3214));
#3214 = ORIENTED_EDGE('',*,*,#3215,.T.);
#3215 = EDGE_CURVE('',#3216,#3216,#3218,.T.);
#3216 = VERTEX_POINT('',#3217);
#3217 = CARTESIAN_POINT('',(-118.,-40.,45.));
#3218 = SURFACE_CURVE('',#3219,(#3224,#3231),.PCURVE_S1.);
#3219 = CIRCLE('',#3220,3.);
#3220 = AXIS2_PLACEMENT_3D('',#3221,#3222,#3223);
#3221 = CARTESIAN_POINT('',(-115.,-40.,45.));
#3222 = DIRECTION('',(1.224646799147E-16,0.,-1.));
#3223 = DIRECTION('',(1.,0.,1.224646799147E-16));
#3224 = PCURVE('',#3194,#3225);
#3225 = DEFINITIONAL_REPRESENTATION('',(#3226),#3230);
#3226 = CIRCLE('',#3227,3.);
#3227 = AXIS2_PLACEMENT_2D('',#3228,#3229);
#3228 = CARTESIAN_POINT('',(0.,0.));
#3229 = DIRECTION('',(1.,0.));
#3230 = ( GEOMETRIC_REPRESENTATION_CONTEXT(2) 
PARAMETRIC_REPRESENTATION_CONTEXT() REPRESENTATION_CONTEXT('2D SPACE',''
  ) );
#3231 = PCURVE('',#2907,#3232);
#3232 = DEFINITIONAL_REPRESENTATION('',(#3233),#3237);
#3233 = LINE('',#3234,#3235);
#3234 = CARTESIAN_POINT('',(0.,-15.));
#3235 = VECTOR('',#3236,1.);
#3236 = DIRECTION('',(1.,0.));
#3237 = ( GEOMETRIC_REPRESENTATION_CONTEXT(2) 
PARAMETRIC_REPRESENTATION_CONTEXT() REPRESENTATION_CONTEXT('2D SPACE',''
  ) );
#3238 = ADVANCED_FACE('',(#3239),#1603,.F.);
#3239 = FACE_BOUND('',#3240,.F.);
#3240 = EDGE_LOOP('',(#3241,#3262,#3263,#3264));
#3241 = ORIENTED_EDGE('',*,*,#3242,.T.);
#3242 = EDGE_CURVE('',#1583,#3185,#3243,.T.);
#3243 = SEAM_CURVE('',#3244,(#3248,#3255),.PCURVE_S1.);
#3244 = LINE('',#3245,#3246);
#3245 = CARTESIAN_POINT('',(-121.,-40.,47.5));
#3246 = VECTOR('',#3247,1.);
#3247 = DIRECTION('',(1.224646799147E-16,0.,-1.));
#3248 = PCURVE('',#1603,#3249);
#3249 = DEFINITIONAL_REPRESENTATION('',(#3250),#3254);
#3250 = LINE('',#3251,#3252);
#3251 = CARTESIAN_POINT('',(9.424777960769,0.));
#3252 = VECTOR('',#3253,1.);
#3253 = DIRECTION('',(0.,1.));
#3254 = ( GEOMETRIC_REPRESENTATION_CONTEXT(2) 
PARAMETRIC_REPRESENTATION_CONTEXT() REPRESENTATION_CONTEXT('2D SPACE',''
  ) );
#3255 = PCURVE('',#1603,#3256);
#3256 = DEFINITIONAL_REPRESENTATION('',(#3257),#3261);
#3257 = LINE('',#3258,#3259);
#3258 = CARTESIAN_POINT('',(3.14159265359,0.));
#3259 = VECTOR('',#3260,1.);
#3260 = DIRECTION('',(0.,1.));
#3261 = ( GEOMETRIC_REPRESENTATION_CONTEXT(2) 
PARAMETRIC_REPRESENTATION_CONTEXT() REPRESENTATION_CONTEXT('2D SPACE',''
  ) );
#3262 = ORIENTED_EDGE('',*,*,#3184,.F.);
#3263 = ORIENTED_EDGE('',*,*,#3242,.F.);
#3264 = ORIENTED_EDGE('',*,*,#1582,.T.);
#3265 = ADVANCED_FACE('',(#3266),#2907,.F.);
#3266 = FACE_BOUND('',#3267,.F.);
#3267 = EDGE_LOOP('',(#3268,#3289,#3290,#3291));
#3268 = ORIENTED_EDGE('',*,*,#3269,.T.);
#3269 = EDGE_CURVE('',#3216,#2891,#3270,.T.);
#3270 = SEAM_CURVE('',#3271,(#3275,#3282),.PCURVE_S1.);
#3271 = LINE('',#3272,#3273);
#3272 = CARTESIAN_POINT('',(-118.,-40.,30.));
#3273 = VECTOR('',#3274,1.);
#3274 = DIRECTION('',(1.224646799147E-16,0.,-1.));
#3275 = PCURVE('',#2907,#3276);
#3276 = DEFINITIONAL_REPRESENTATION('',(#3277),#3281);
#3277 = LINE('',#3278,#3279);
#3278 = CARTESIAN_POINT('',(9.424777960769,0.));
#3279 = VECTOR('',#3280,1.);
#3280 = DIRECTION('',(0.,1.));
#3281 = ( GEOMETRIC_REPRESENTATION_CONTEXT(2) 
PARAMETRIC_REPRESENTATION_CONTEXT() REPRESENTATION_CONTEXT('2D SPACE',''
  ) );
#3282 = PCURVE('',#2907,#3283);
#3283 = DEFINITIONAL_REPRESENTATION('',(#3284),#3288);
#3284 = LINE('',#3285,#3286);
#3285 = CARTESIAN_POINT('',(3.14159265359,0.));
#3286 = VECTOR('',#3287,1.);
#3287 = DIRECTION('',(0.,1.));
#3288 = ( GEOMETRIC_REPRESENTATION_CONTEXT(2) 
PARAMETRIC_REPRESENTATION_CONTEXT() REPRESENTATION_CONTEXT('2D SPACE',''
  ) );
#3289 = ORIENTED_EDGE('',*,*,#2890,.T.);
#3290 = ORIENTED_EDGE('',*,*,#3269,.F.);
#3291 = ORIENTED_EDGE('',*,*,#3215,.T.);
#3292 = ADVANCED_FACE('',(#3293,#3324),#3306,.F.);
#3293 = FACE_BOUND('',#3294,.T.);
#3294 = EDGE_LOOP('',(#3295));
#3295 = ORIENTED_EDGE('',*,*,#3296,.F.);
#3296 = EDGE_CURVE('',#3297,#3297,#3299,.T.);
#3297 = VERTEX_POINT('',#3298);
#3298 = CARTESIAN_POINT('',(-121.,40.,45.));
#3299 = SURFACE_CURVE('',#3300,(#3305,#3317),.PCURVE_S1.);
#3300 = CIRCLE('',#3301,6.);
#3301 = AXIS2_PLACEMENT_3D('',#3302,#3303,#3304);
#3302 = CARTESIAN_POINT('',(-115.,40.,45.));
#3303 = DIRECTION('',(1.224646799147E-16,0.,-1.));
#3304 = DIRECTION('',(1.,0.,1.224646799147E-16));
#3305 = PCURVE('',#3306,#3311);
#3306 = PLANE('',#3307);
#3307 = AXIS2_PLACEMENT_3D('',#3308,#3309,#3310);
#3308 = CARTESIAN_POINT('',(-115.,40.,45.));
#3309 = DIRECTION('',(1.224646799147E-16,0.,-1.));
#3310 = DIRECTION('',(1.,0.,1.224646799147E-16));
#3311 = DEFINITIONAL_REPRESENTATION('',(#3312),#3316);
#3312 = CIRCLE('',#3313,6.);
#3313 = AXIS2_PLACEMENT_2D('',#3314,#3315);
#3314 = CARTESIAN_POINT('',(0.,0.));
#3315 = DIRECTION('',(1.,0.));
#3316 = ( GEOMETRIC_REPRESENTATION_CONTEXT(2) 
PARAMETRIC_REPRESENTATION_CONTEXT() REPRESENTATION_CONTEXT('2D SPACE',''
  ) );
#3317 = PCURVE('',#1638,#3318);
#3318 = DEFINITIONAL_REPRESENTATION('',(#3319),#3323);
#3319 = LINE('',#3320,#3321);
#3320 = CARTESIAN_POINT('',(0.,2.5));
#3321 = VECTOR('',#3322,1.);
#3322 = DIRECTION('',(1.,0.));
#3323 = ( GEOMETRIC_REPRESENTATION_CONTEXT(2) 
PARAMETRIC_REPRESENTATION_CONTEXT() REPRESENTATION_CONTEXT('2D SPACE',''
  ) );
#3324 = FACE_BOUND('',#3325,.T.);
#3325 = EDGE_LOOP('',(#3326));
#3326 = ORIENTED_EDGE('',*,*,#3327,.T.);
#3327 = EDGE_CURVE('',#3328,#3328,#3330,.T.);
#3328 = VERTEX_POINT('',#3329);
#3329 = CARTESIAN_POINT('',(-118.,40.,45.));
#3330 = SURFACE_CURVE('',#3331,(#3336,#3343),.PCURVE_S1.);
#3331 = CIRCLE('',#3332,3.);
#3332 = AXIS2_PLACEMENT_3D('',#3333,#3334,#3335);
#3333 = CARTESIAN_POINT('',(-115.,40.,45.));
#3334 = DIRECTION('',(1.224646799147E-16,0.,-1.));
#3335 = DIRECTION('',(1.,0.,1.224646799147E-16));
#3336 = PCURVE('',#3306,#3337);
#3337 = DEFINITIONAL_REPRESENTATION('',(#3338),#3342);
#3338 = CIRCLE('',#3339,3.);
#3339 = AXIS2_PLACEMENT_2D('',#3340,#3341);
#3340 = CARTESIAN_POINT('',(0.,0.));
#3341 = DIRECTION('',(1.,0.));
#3342 = ( GEOMETRIC_REPRESENTATION_CONTEXT(2) 
PARAMETRIC_REPRESENTATION_CONTEXT() REPRESENTATION_CONTEXT('2D SPACE',''
  ) );
#3343 = PCURVE('',#2876,#3344);
#3344 = DEFINITIONAL_REPRESENTATION('',(#3345),#3349);
#3345 = LINE('',#3346,#3347);
#3346 = CARTESIAN_POINT('',(0.,-15.));
#3347 = VECTOR('',#3348,1.);
#3348 = DIRECTION('',(1.,0.));
#3349 = ( GEOMETRIC_REPRESENTATION_CONTEXT(2) 
PARAMETRIC_REPRESENTATION_CONTEXT() REPRESENTATION_CONTEXT('2D SPACE',''
  ) );
#3350 = ADVANCED_FACE('',(#3351),#1638,.F.);
#3351 = FACE_BOUND('',#3352,.F.);
#3352 = EDGE_LOOP('',(#3353,#3374,#3375,#3376));
#3353 = ORIENTED_EDGE('',*,*,#3354,.T.);
#3354 = EDGE_CURVE('',#1618,#3297,#3355,.T.);
#3355 = SEAM_CURVE('',#3356,(#3360,#3367),.PCURVE_S1.);
#3356 = LINE('',#3357,#3358);
#3357 = CARTESIAN_POINT('',(-121.,40.,47.5));
#3358 = VECTOR('',#3359,1.);
#3359 = DIRECTION('',(1.224646799147E-16,0.,-1.));
#3360 = PCURVE('',#1638,#3361);
#3361 = DEFINITIONAL_REPRESENTATION('',(#3362),#3366);
#3362 = LINE('',#3363,#3364);
#3363 = CARTESIAN_POINT('',(9.424777960769,0.));
#3364 = VECTOR('',#3365,1.);
#3365 = DIRECTION('',(0.,1.));
#3366 = ( GEOMETRIC_REPRESENTATION_CONTEXT(2) 
PARAMETRIC_REPRESENTATION_CONTEXT() REPRESENTATION_CONTEXT('2D SPACE',''
  ) );
#3367 = PCURVE('',#1638,#3368);
#3368 = DEFINITIONAL_REPRESENTATION('',(#3369),#3373);
#3369 = LINE('',#3370,#3371);
#3370 = CARTESIAN_POINT('',(3.14159265359,0.));
#3371 = VECTOR('',#3372,1.);
#3372 = DIRECTION('',(0.,1.));
#3373 = ( GEOMETRIC_REPRESENTATION_CONTEXT(2) 
PARAMETRIC_REPRESENTATION_CONTEXT() REPRESENTATION_CONTEXT('2D SPACE',''
  ) );
#3374 = ORIENTED_EDGE('',*,*,#3296,.F.);
#3375 = ORIENTED_EDGE('',*,*,#3354,.F.);
#3376 = ORIENTED_EDGE('',*,*,#1617,.T.);
#3377 = ADVANCED_FACE('',(#3378),#2876,.F.);
#3378 = FACE_BOUND('',#3379,.F.);
#3379 = EDGE_LOOP('',(#3380,#3401,#3402,#3403));
#3380 = ORIENTED_EDGE('',*,*,#3381,.T.);
#3381 = EDGE_CURVE('',#3328,#2860,#3382,.T.);
#3382 = SEAM_CURVE('',#3383,(#3387,#3394),.PCURVE_S1.);
#3383 = LINE('',#3384,#3385);
#3384 = CARTESIAN_POINT('',(-118.,40.,30.));
#3385 = VECTOR('',#3386,1.);
#3386 = DIRECTION('',(1.224646799147E-16,0.,-1.));
#3387 = PCURVE('',#2876,#3388);
#3388 = DEFINITIONAL_REPRESENTATION('',(#3389),#3393);
#3389 = LINE('',#3390,#3391);
#3390 = CARTESIAN_POINT('',(9.424777960769,0.));
#3391 = VECTOR('',#3392,1.);
#3392 = DIRECTION('',(0.,1.));
#3393 = ( GEOMETRIC_REPRESENTATION_CONTEXT(2) 
PARAMETRIC_REPRESENTATION_CONTEXT() REPRESENTATION_CONTEXT('2D SPACE',''
  ) );
#3394 = PCURVE('',#2876,#3395);
#3395 = DEFINITIONAL_REPRESENTATION('',(#3396),#3400);
#3396 = LINE('',#3397,#3398);
#3397 = CARTESIAN_POINT('',(3.14159265359,0.));
#3398 = VECTOR('',#3399,1.);
#3399 = DIRECTION('',(0.,1.));
#3400 = ( GEOMETRIC_REPRESENTATION_CONTEXT(2) 
PARAMETRIC_REPRESENTATION_CONTEXT() REPRESENTATION_CONTEXT('2D SPACE',''
  ) );
#3401 = ORIENTED_EDGE('',*,*,#2859,.T.);
#3402 = ORIENTED_EDGE('',*,*,#3381,.F.);
#3403 = ORIENTED_EDGE('',*,*,#3327,.T.);
#3404 = ADVANCED_FACE('',(#3405,#3436),#3418,.F.);
#3405 = FACE_BOUND('',#3406,.T.);
#3406 = EDGE_LOOP('',(#3407));
#3407 = ORIENTED_EDGE('',*,*,#3408,.F.);
#3408 = EDGE_CURVE('',#3409,#3409,#3411,.T.);
#3409 = VERTEX_POINT('',#3410);
#3410 = CARTESIAN_POINT('',(-21.,40.,45.));
#3411 = SURFACE_CURVE('',#3412,(#3417,#3429),.PCURVE_S1.);
#3412 = CIRCLE('',#3413,6.);
#3413 = AXIS2_PLACEMENT_3D('',#3414,#3415,#3416);
#3414 = CARTESIAN_POINT('',(-15.,40.,45.));
#3415 = DIRECTION('',(1.224646799147E-16,0.,-1.));
#3416 = DIRECTION('',(1.,0.,1.224646799147E-16));
#3417 = PCURVE('',#3418,#3423);
#3418 = PLANE('',#3419);
#3419 = AXIS2_PLACEMENT_3D('',#3420,#3421,#3422);
#3420 = CARTESIAN_POINT('',(-15.,40.,45.));
#3421 = DIRECTION('',(1.224646799147E-16,0.,-1.));
#3422 = DIRECTION('',(1.,0.,1.224646799147E-16));
#3423 = DEFINITIONAL_REPRESENTATION('',(#3424),#3428);
#3424 = CIRCLE('',#3425,6.);
#3425 = AXIS2_PLACEMENT_2D('',#3426,#3427);
#3426 = CARTESIAN_POINT('',(0.,0.));
#3427 = DIRECTION('',(1.,0.));
#3428 = ( GEOMETRIC_REPRESENTATION_CONTEXT(2) 
PARAMETRIC_REPRESENTATION_CONTEXT() REPRESENTATION_CONTEXT('2D SPACE',''
  ) );
#3429 = PCURVE('',#1673,#3430);
#3430 = DEFINITIONAL_REPRESENTATION('',(#3431),#3435);
#3431 = LINE('',#3432,#3433);
#3432 = CARTESIAN_POINT('',(0.,2.5));
#3433 = VECTOR('',#3434,1.);
#3434 = DIRECTION('',(1.,0.));
#3435 = ( GEOMETRIC_REPRESENTATION_CONTEXT(2) 
PARAMETRIC_REPRESENTATION_CONTEXT() REPRESENTATION_CONTEXT('2D SPACE',''
  ) );
#3436 = FACE_BOUND('',#3437,.T.);
#3437 = EDGE_LOOP('',(#3438));
#3438 = ORIENTED_EDGE('',*,*,#3439,.T.);
#3439 = EDGE_CURVE('',#3440,#3440,#3442,.T.);
#3440 = VERTEX_POINT('',#3441);
#3441 = CARTESIAN_POINT('',(-18.,40.,45.));
#3442 = SURFACE_CURVE('',#3443,(#3448,#3455),.PCURVE_S1.);
#3443 = CIRCLE('',#3444,3.);
#3444 = AXIS2_PLACEMENT_3D('',#3445,#3446,#3447);
#3445 = CARTESIAN_POINT('',(-15.,40.,45.));
#3446 = DIRECTION('',(1.224646799147E-16,0.,-1.));
#3447 = DIRECTION('',(1.,0.,1.224646799147E-16));
#3448 = PCURVE('',#3418,#3449);
#3449 = DEFINITIONAL_REPRESENTATION('',(#3450),#3454);
#3450 = CIRCLE('',#3451,3.);
#3451 = AXIS2_PLACEMENT_2D('',#3452,#3453);
#3452 = CARTESIAN_POINT('',(0.,0.));
#3453 = DIRECTION('',(1.,0.));
#3454 = ( GEOMETRIC_REPRESENTATION_CONTEXT(2) 
PARAMETRIC_REPRESENTATION_CONTEXT() REPRESENTATION_CONTEXT('2D SPACE',''
  ) );
#3455 = PCURVE('',#2845,#3456);
#3456 = DEFINITIONAL_REPRESENTATION('',(#3457),#3461);
#3457 = LINE('',#3458,#3459);
#3458 = CARTESIAN_POINT('',(0.,-15.));
#3459 = VECTOR('',#3460,1.);
#3460 = DIRECTION('',(1.,0.));
#3461 = ( GEOMETRIC_REPRESENTATION_CONTEXT(2) 
PARAMETRIC_REPRESENTATION_CONTEXT() REPRESENTATION_CONTEXT('2D SPACE',''
  ) );
#3462 = ADVANCED_FACE('',(#3463),#1673,.F.);
#3463 = FACE_BOUND('',#3464,.F.);
#3464 = EDGE_LOOP('',(#3465,#3486,#3487,#3488));
#3465 = ORIENTED_EDGE('',*,*,#3466,.T.);
#3466 = EDGE_CURVE('',#1653,#3409,#3467,.T.);
#3467 = SEAM_CURVE('',#3468,(#3472,#3479),.PCURVE_S1.);
#3468 = LINE('',#3469,#3470);
#3469 = CARTESIAN_POINT('',(-21.,40.,47.5));
#3470 = VECTOR('',#3471,1.);
#3471 = DIRECTION('',(1.224646799147E-16,0.,-1.));
#3472 = PCURVE('',#1673,#3473);
#3473 = DEFINITIONAL_REPRESENTATION('',(#3474),#3478);
#3474 = LINE('',#3475,#3476);
#3475 = CARTESIAN_POINT('',(9.424777960769,0.));
#3476 = VECTOR('',#3477,1.);
#3477 = DIRECTION('',(0.,1.));
#3478 = ( GEOMETRIC_REPRESENTATION_CONTEXT(2) 
PARAMETRIC_REPRESENTATION_CONTEXT() REPRESENTATION_CONTEXT('2D SPACE',''
  ) );
#3479 = PCURVE('',#1673,#3480);
#3480 = DEFINITIONAL_REPRESENTATION('',(#3481),#3485);
#3481 = LINE('',#3482,#3483);
#3482 = CARTESIAN_POINT('',(3.14159265359,0.));
#3483 = VECTOR('',#3484,1.);
#3484 = DIRECTION('',(0.,1.));
#3485 = ( GEOMETRIC_REPRESENTATION_CONTEXT(2) 
PARAMETRIC_REPRESENTATION_CONTEXT() REPRESENTATION_CONTEXT('2D SPACE',''
  ) );
#3486 = ORIENTED_EDGE('',*,*,#3408,.F.);
#3487 = ORIENTED_EDGE('',*,*,#3466,.F.);
#3488 = ORIENTED_EDGE('',*,*,#1652,.T.);
#3489 = ADVANCED_FACE('',(#3490),#2845,.F.);
#3490 = FACE_BOUND('',#3491,.F.);
#3491 = EDGE_LOOP('',(#3492,#3513,#3514,#3515));
#3492 = ORIENTED_EDGE('',*,*,#3493,.T.);
#3493 = EDGE_CURVE('',#3440,#2829,#3494,.T.);
#3494 = SEAM_CURVE('',#3495,(#3499,#3506),.PCURVE_S1.);
#3495 = LINE('',#3496,#3497);
#3496 = CARTESIAN_POINT('',(-18.,40.,30.));
#3497 = VECTOR('',#3498,1.);
#3498 = DIRECTION('',(1.224646799147E-16,0.,-1.));
#3499 = PCURVE('',#2845,#3500);
#3500 = DEFINITIONAL_REPRESENTATION('',(#3501),#3505);
#3501 = LINE('',#3502,#3503);
#3502 = CARTESIAN_POINT('',(9.424777960769,0.));
#3503 = VECTOR('',#3504,1.);
#3504 = DIRECTION('',(0.,1.));
#3505 = ( GEOMETRIC_REPRESENTATION_CONTEXT(2) 
PARAMETRIC_REPRESENTATION_CONTEXT() REPRESENTATION_CONTEXT('2D SPACE',''
  ) );
#3506 = PCURVE('',#2845,#3507);
#3507 = DEFINITIONAL_REPRESENTATION('',(#3508),#3512);
#3508 = LINE('',#3509,#3510);
#3509 = CARTESIAN_POINT('',(3.14159265359,0.));
#3510 = VECTOR('',#3511,1.);
#3511 = DIRECTION('',(0.,1.));
#3512 = ( GEOMETRIC_REPRESENTATION_CONTEXT(2) 
PARAMETRIC_REPRESENTATION_CONTEXT() REPRESENTATION_CONTEXT('2D SPACE',''
  ) );
#3513 = ORIENTED_EDGE('',*,*,#2828,.T.);
#3514 = ORIENTED_EDGE('',*,*,#3493,.F.);
#3515 = ORIENTED_EDGE('',*,*,#3439,.T.);
#3516 = ADVANCED_FACE('',(#3517,#3548),#3530,.F.);
#3517 = FACE_BOUND('',#3518,.T.);
#3518 = EDGE_LOOP('',(#3519));
#3519 = ORIENTED_EDGE('',*,*,#3520,.F.);
#3520 = EDGE_CURVE('',#3521,#3521,#3523,.T.);
#3521 = VERTEX_POINT('',#3522);
#3522 = CARTESIAN_POINT('',(109.,-40.,45.));
#3523 = SURFACE_CURVE('',#3524,(#3529,#3541),.PCURVE_S1.);
#3524 = CIRCLE('',#3525,6.);
#3525 = AXIS2_PLACEMENT_3D('',#3526,#3527,#3528);
#3526 = CARTESIAN_POINT('',(115.,-40.,45.));
#3527 = DIRECTION('',(1.224646799147E-16,0.,-1.));
#3528 = DIRECTION('',(1.,0.,1.224646799147E-16));
#3529 = PCURVE('',#3530,#3535);
#3530 = PLANE('',#3531);
#3531 = AXIS2_PLACEMENT_3D('',#3532,#3533,#3534);
#3532 = CARTESIAN_POINT('',(115.,-40.,45.));
#3533 = DIRECTION('',(1.224646799147E-16,0.,-1.));
#3534 = DIRECTION('',(1.,0.,1.224646799147E-16));
#3535 = DEFINITIONAL_REPRESENTATION('',(#3536),#3540);
#3536 = CIRCLE('',#3537,6.);
#3537 = AXIS2_PLACEMENT_2D('',#3538,#3539);
#3538 = CARTESIAN_POINT('',(0.,0.));
#3539 = DIRECTION('',(1.,0.));
#3540 = ( GEOMETRIC_REPRESENTATION_CONTEXT(2) 
PARAMETRIC_REPRESENTATION_CONTEXT() REPRESENTATION_CONTEXT('2D SPACE',''
  ) );
#3541 = PCURVE('',#1708,#3542);
#3542 = DEFINITIONAL_REPRESENTATION('',(#3543),#3547);
#3543 = LINE('',#3544,#3545);
#3544 = CARTESIAN_POINT('',(0.,2.5));
#3545 = VECTOR('',#3546,1.);
#3546 = DIRECTION('',(1.,0.));
#3547 = ( GEOMETRIC_REPRESENTATION_CONTEXT(2) 
PARAMETRIC_REPRESENTATION_CONTEXT() REPRESENTATION_CONTEXT('2D SPACE',''
  ) );
#3548 = FACE_BOUND('',#3549,.T.);
#3549 = EDGE_LOOP('',(#3550));
#3550 = ORIENTED_EDGE('',*,*,#3551,.T.);
#3551 = EDGE_CURVE('',#3552,#3552,#3554,.T.);
#3552 = VERTEX_POINT('',#3553);
#3553 = CARTESIAN_POINT('',(112.,-40.,45.));
#3554 = SURFACE_CURVE('',#3555,(#3560,#3567),.PCURVE_S1.);
#3555 = CIRCLE('',#3556,3.);
#3556 = AXIS2_PLACEMENT_3D('',#3557,#3558,#3559);
#3557 = CARTESIAN_POINT('',(115.,-40.,45.));
#3558 = DIRECTION('',(1.224646799147E-16,0.,-1.));
#3559 = DIRECTION('',(1.,0.,1.224646799147E-16));
#3560 = PCURVE('',#3530,#3561);
#3561 = DEFINITIONAL_REPRESENTATION('',(#3562),#3566);
#3562 = CIRCLE('',#3563,3.);
#3563 = AXIS2_PLACEMENT_2D('',#3564,#3565);
#3564 = CARTESIAN_POINT('',(0.,0.));
#3565 = DIRECTION('',(1.,0.));
#3566 = ( GEOMETRIC_REPRESENTATION_CONTEXT(2) 
PARAMETRIC_REPRESENTATION_CONTEXT() REPRESENTATION_CONTEXT('2D SPACE',''
  ) );
#3567 = PCURVE('',#2814,#3568);
#3568 = DEFINITIONAL_REPRESENTATION('',(#3569),#3573);
#3569 = LINE('',#3570,#3571);
#3570 = CARTESIAN_POINT('',(0.,-15.));
#3571 = VECTOR('',#3572,1.);
#3572 = DIRECTION('',(1.,0.));
#3573 = ( GEOMETRIC_REPRESENTATION_CONTEXT(2) 
PARAMETRIC_REPRESENTATION_CONTEXT() REPRESENTATION_CONTEXT('2D SPACE',''
  ) );
#3574 = ADVANCED_FACE('',(#3575),#1708,.F.);
#3575 = FACE_BOUND('',#3576,.F.);
#3576 = EDGE_LOOP('',(#3577,#3598,#3599,#3600));
#3577 = ORIENTED_EDGE('',*,*,#3578,.T.);
#3578 = EDGE_CURVE('',#1688,#3521,#3579,.T.);
#3579 = SEAM_CURVE('',#3580,(#3584,#3591),.PCURVE_S1.);
#3580 = LINE('',#3581,#3582);
#3581 = CARTESIAN_POINT('',(109.,-40.,47.5));
#3582 = VECTOR('',#3583,1.);
#3583 = DIRECTION('',(1.224646799147E-16,0.,-1.));
#3584 = PCURVE('',#1708,#3585);
#3585 = DEFINITIONAL_REPRESENTATION('',(#3586),#3590);
#3586 = LINE('',#3587,#3588);
#3587 = CARTESIAN_POINT('',(9.424777960769,0.));
#3588 = VECTOR('',#3589,1.);
#3589 = DIRECTION('',(0.,1.));
#3590 = ( GEOMETRIC_REPRESENTATION_CONTEXT(2) 
PARAMETRIC_REPRESENTATION_CONTEXT() REPRESENTATION_CONTEXT('2D SPACE',''
  ) );
#3591 = PCURVE('',#1708,#3592);
#3592 = DEFINITIONAL_REPRESENTATION('',(#3593),#3597);
#3593 = LINE('',#3594,#3595);
#3594 = CARTESIAN_POINT('',(3.14159265359,0.));
#3595 = VECTOR('',#3596,1.);
#3596 = DIRECTION('',(0.,1.));
#3597 = ( GEOMETRIC_REPRESENTATION_CONTEXT(2) 
PARAMETRIC_REPRESENTATION_CONTEXT() REPRESENTATION_CONTEXT('2D SPACE',''
  ) );
#3598 = ORIENTED_EDGE('',*,*,#3520,.F.);
#3599 = ORIENTED_EDGE('',*,*,#3578,.F.);
#3600 = ORIENTED_EDGE('',*,*,#1687,.T.);
#3601 = ADVANCED_FACE('',(#3602),#2814,.F.);
#3602 = FACE_BOUND('',#3603,.F.);
#3603 = EDGE_LOOP('',(#3604,#3625,#3626,#3627));
#3604 = ORIENTED_EDGE('',*,*,#3605,.T.);
#3605 = EDGE_CURVE('',#3552,#2798,#3606,.T.);
#3606 = SEAM_CURVE('',#3607,(#3611,#3618),.PCURVE_S1.);
#3607 = LINE('',#3608,#3609);
#3608 = CARTESIAN_POINT('',(112.,-40.,30.));
#3609 = VECTOR('',#3610,1.);
#3610 = DIRECTION('',(1.224646799147E-16,0.,-1.));
#3611 = PCURVE('',#2814,#3612);
#3612 = DEFINITIONAL_REPRESENTATION('',(#3613),#3617);
#3613 = LINE('',#3614,#3615);
#3614 = CARTESIAN_POINT('',(9.424777960769,0.));
#3615 = VECTOR('',#3616,1.);
#3616 = DIRECTION('',(0.,1.));
#3617 = ( GEOMETRIC_REPRESENTATION_CONTEXT(2) 
PARAMETRIC_REPRESENTATION_CONTEXT() REPRESENTATION_CONTEXT('2D SPACE',''
  ) );
#3618 = PCURVE('',#2814,#3619);
#3619 = DEFINITIONAL_REPRESENTATION('',(#3620),#3624);
#3620 = LINE('',#3621,#3622);
#3621 = CARTESIAN_POINT('',(3.14159265359,0.));
#3622 = VECTOR('',#3623,1.);
#3623 = DIRECTION('',(0.,1.));
#3624 = ( GEOMETRIC_REPRESENTATION_CONTEXT(2) 
PARAMETRIC_REPRESENTATION_CONTEXT() REPRESENTATION_CONTEXT('2D SPACE',''
  ) );
#3625 = ORIENTED_EDGE('',*,*,#2797,.T.);
#3626 = ORIENTED_EDGE('',*,*,#3605,.F.);
#3627 = ORIENTED_EDGE('',*,*,#3551,.T.);
#3628 = ADVANCED_FACE('',(#3629,#3660),#3642,.F.);
#3629 = FACE_BOUND('',#3630,.T.);
#3630 = EDGE_LOOP('',(#3631));
#3631 = ORIENTED_EDGE('',*,*,#3632,.F.);
#3632 = EDGE_CURVE('',#3633,#3633,#3635,.T.);
#3633 = VERTEX_POINT('',#3634);
#3634 = CARTESIAN_POINT('',(-21.,-40.,45.));
#3635 = SURFACE_CURVE('',#3636,(#3641,#3653),.PCURVE_S1.);
#3636 = CIRCLE('',#3637,6.);
#3637 = AXIS2_PLACEMENT_3D('',#3638,#3639,#3640);
#3638 = CARTESIAN_POINT('',(-15.,-40.,45.));
#3639 = DIRECTION('',(1.224646799147E-16,0.,-1.));
#3640 = DIRECTION('',(1.,0.,1.224646799147E-16));
#3641 = PCURVE('',#3642,#3647);
#3642 = PLANE('',#3643);
#3643 = AXIS2_PLACEMENT_3D('',#3644,#3645,#3646);
#3644 = CARTESIAN_POINT('',(-15.,-40.,45.));
#3645 = DIRECTION('',(1.224646799147E-16,0.,-1.));
#3646 = DIRECTION('',(1.,0.,1.224646799147E-16));
#3647 = DEFINITIONAL_REPRESENTATION('',(#3648),#3652);
#3648 = CIRCLE('',#3649,6.);
#3649 = AXIS2_PLACEMENT_2D('',#3650,#3651);
#3650 = CARTESIAN_POINT('',(0.,0.));
#3651 = DIRECTION('',(1.,0.));
#3652 = ( GEOMETRIC_REPRESENTATION_CONTEXT(2) 
PARAMETRIC_REPRESENTATION_CONTEXT() REPRESENTATION_CONTEXT('2D SPACE',''
  ) );
#3653 = PCURVE('',#1743,#3654);
#3654 = DEFINITIONAL_REPRESENTATION('',(#3655),#3659);
#3655 = LINE('',#3656,#3657);
#3656 = CARTESIAN_POINT('',(0.,2.5));
#3657 = VECTOR('',#3658,1.);
#3658 = DIRECTION('',(1.,0.));
#3659 = ( GEOMETRIC_REPRESENTATION_CONTEXT(2) 
PARAMETRIC_REPRESENTATION_CONTEXT() REPRESENTATION_CONTEXT('2D SPACE',''
  ) );
#3660 = FACE_BOUND('',#3661,.T.);
#3661 = EDGE_LOOP('',(#3662));
#3662 = ORIENTED_EDGE('',*,*,#3663,.T.);
#3663 = EDGE_CURVE('',#3664,#3664,#3666,.T.);
#3664 = VERTEX_POINT('',#3665);
#3665 = CARTESIAN_POINT('',(-18.,-40.,45.));
#3666 = SURFACE_CURVE('',#3667,(#3672,#3679),.PCURVE_S1.);
#3667 = CIRCLE('',#3668,3.);
#3668 = AXIS2_PLACEMENT_3D('',#3669,#3670,#3671);
#3669 = CARTESIAN_POINT('',(-15.,-40.,45.));
#3670 = DIRECTION('',(1.224646799147E-16,0.,-1.));
#3671 = DIRECTION('',(1.,0.,1.224646799147E-16));
#3672 = PCURVE('',#3642,#3673);
#3673 = DEFINITIONAL_REPRESENTATION('',(#3674),#3678);
#3674 = CIRCLE('',#3675,3.);
#3675 = AXIS2_PLACEMENT_2D('',#3676,#3677);
#3676 = CARTESIAN_POINT('',(0.,0.));
#3677 = DIRECTION('',(1.,0.));
#3678 = ( GEOMETRIC_REPRESENTATION_CONTEXT(2) 
PARAMETRIC_REPRESENTATION_CONTEXT() REPRESENTATION_CONTEXT('2D SPACE',''
  ) );
#3679 = PCURVE('',#2783,#3680);
#3680 = DEFINITIONAL_REPRESENTATION('',(#3681),#3685);
#3681 = LINE('',#3682,#3683);
#3682 = CARTESIAN_POINT('',(0.,-15.));
#3683 = VECTOR('',#3684,1.);
#3684 = DIRECTION('',(1.,0.));
#3685 = ( GEOMETRIC_REPRESENTATION_CONTEXT(2) 
PARAMETRIC_REPRESENTATION_CONTEXT() REPRESENTATION_CONTEXT('2D SPACE',''
  ) );
#3686 = ADVANCED_FACE('',(#3687),#1743,.F.);
#3687 = FACE_BOUND('',#3688,.F.);
#3688 = EDGE_LOOP('',(#3689,#3710,#3711,#3712));
#3689 = ORIENTED_EDGE('',*,*,#3690,.T.);
#3690 = EDGE_CURVE('',#1723,#3633,#3691,.T.);
#3691 = SEAM_CURVE('',#3692,(#3696,#3703),.PCURVE_S1.);
#3692 = LINE('',#3693,#3694);
#3693 = CARTESIAN_POINT('',(-21.,-40.,47.5));
#3694 = VECTOR('',#3695,1.);
#3695 = DIRECTION('',(1.224646799147E-16,0.,-1.));
#3696 = PCURVE('',#1743,#3697);
#3697 = DEFINITIONAL_REPRESENTATION('',(#3698),#3702);
#3698 = LINE('',#3699,#3700);
#3699 = CARTESIAN_POINT('',(9.424777960769,0.));
#3700 = VECTOR('',#3701,1.);
#3701 = DIRECTION('',(0.,1.));
#3702 = ( GEOMETRIC_REPRESENTATION_CONTEXT(2) 
PARAMETRIC_REPRESENTATION_CONTEXT() REPRESENTATION_CONTEXT('2D SPACE',''
  ) );
#3703 = PCURVE('',#1743,#3704);
#3704 = DEFINITIONAL_REPRESENTATION('',(#3705),#3709);
#3705 = LINE('',#3706,#3707);
#3706 = CARTESIAN_POINT('',(3.14159265359,0.));
#3707 = VECTOR('',#3708,1.);
#3708 = DIRECTION('',(0.,1.));
#3709 = ( GEOMETRIC_REPRESENTATION_CONTEXT(2) 
PARAMETRIC_REPRESENTATION_CONTEXT() REPRESENTATION_CONTEXT('2D SPACE',''
  ) );
#3710 = ORIENTED_EDGE('',*,*,#3632,.F.);
#3711 = ORIENTED_EDGE('',*,*,#3690,.F.);
#3712 = ORIENTED_EDGE('',*,*,#1722,.T.);
#3713 = ADVANCED_FACE('',(#3714),#2783,.F.);
#3714 = FACE_BOUND('',#3715,.F.);
#3715 = EDGE_LOOP('',(#3716,#3737,#3738,#3739));
#3716 = ORIENTED_EDGE('',*,*,#3717,.T.);
#3717 = EDGE_CURVE('',#3664,#2767,#3718,.T.);
#3718 = SEAM_CURVE('',#3719,(#3723,#3730),.PCURVE_S1.);
#3719 = LINE('',#3720,#3721);
#3720 = CARTESIAN_POINT('',(-18.,-40.,30.));
#3721 = VECTOR('',#3722,1.);
#3722 = DIRECTION('',(1.224646799147E-16,0.,-1.));
#3723 = PCURVE('',#2783,#3724);
#3724 = DEFINITIONAL_REPRESENTATION('',(#3725),#3729);
#3725 = LINE('',#3726,#3727);
#3726 = CARTESIAN_POINT('',(9.424777960769,0.));
#3727 = VECTOR('',#3728,1.);
#3728 = DIRECTION('',(0.,1.));
#3729 = ( GEOMETRIC_REPRESENTATION_CONTEXT(2) 
PARAMETRIC_REPRESENTATION_CONTEXT() REPRESENTATION_CONTEXT('2D SPACE',''
  ) );
#3730 = PCURVE('',#2783,#3731);
#3731 = DEFINITIONAL_REPRESENTATION('',(#3732),#3736);
#3732 = LINE('',#3733,#3734);
#3733 = CARTESIAN_POINT('',(3.14159265359,0.));
#3734 = VECTOR('',#3735,1.);
#3735 = DIRECTION('',(0.,1.));
#3736 = ( GEOMETRIC_REPRESENTATION_CONTEXT(2) 
PARAMETRIC_REPRESENTATION_CONTEXT() REPRESENTATION_CONTEXT('2D SPACE',''
  ) );
#3737 = ORIENTED_EDGE('',*,*,#2766,.T.);
#3738 = ORIENTED_EDGE('',*,*,#3717,.F.);
#3739 = ORIENTED_EDGE('',*,*,#3663,.T.);
#3740 = ADVANCED_FACE('',(#3741,#3772),#3754,.F.);
#3741 = FACE_BOUND('',#3742,.T.);
#3742 = EDGE_LOOP('',(#3743));
#3743 = ORIENTED_EDGE('',*,*,#3744,.F.);
#3744 = EDGE_CURVE('',#3745,#3745,#3747,.T.);
#3745 = VERTEX_POINT('',#3746);
#3746 = CARTESIAN_POINT('',(109.,40.,45.));
#3747 = SURFACE_CURVE('',#3748,(#3753,#3765),.PCURVE_S1.);
#3748 = CIRCLE('',#3749,6.);
#3749 = AXIS2_PLACEMENT_3D('',#3750,#3751,#3752);
#3750 = CARTESIAN_POINT('',(115.,40.,45.));
#3751 = DIRECTION('',(1.224646799147E-16,0.,-1.));
#3752 = DIRECTION('',(1.,0.,1.224646799147E-16));
#3753 = PCURVE('',#3754,#3759);
#3754 = PLANE('',#3755);
#3755 = AXIS2_PLACEMENT_3D('',#3756,#3757,#3758);
#3756 = CARTESIAN_POINT('',(115.,40.,45.));
#3757 = DIRECTION('',(1.224646799147E-16,0.,-1.));
#3758 = DIRECTION('',(1.,0.,1.224646799147E-16));
#3759 = DEFINITIONAL_REPRESENTATION('',(#3760),#3764);
#3760 = CIRCLE('',#3761,6.);
#3761 = AXIS2_PLACEMENT_2D('',#3762,#3763);
#3762 = CARTESIAN_POINT('',(0.,0.));
#3763 = DIRECTION('',(1.,0.));
#3764 = ( GEOMETRIC_REPRESENTATION_CONTEXT(2) 
PARAMETRIC_REPRESENTATION_CONTEXT() REPRESENTATION_CONTEXT('2D SPACE',''
  ) );
#3765 = PCURVE('',#1778,#3766);
#3766 = DEFINITIONAL_REPRESENTATION('',(#3767),#3771);
#3767 = LINE('',#3768,#3769);
#3768 = CARTESIAN_POINT('',(0.,2.5));
#3769 = VECTOR('',#3770,1.);
#3770 = DIRECTION('',(1.,0.));
#3771 = ( GEOMETRIC_REPRESENTATION_CONTEXT(2) 
PARAMETRIC_REPRESENTATION_CONTEXT() REPRESENTATION_CONTEXT('2D SPACE',''
  ) );
#3772 = FACE_BOUND('',#3773,.T.);
#3773 = EDGE_LOOP('',(#3774));
#3774 = ORIENTED_EDGE('',*,*,#3775,.T.);
#3775 = EDGE_CURVE('',#3776,#3776,#3778,.T.);
#3776 = VERTEX_POINT('',#3777);
#3777 = CARTESIAN_POINT('',(112.,40.,45.));
#3778 = SURFACE_CURVE('',#3779,(#3784,#3791),.PCURVE_S1.);
#3779 = CIRCLE('',#3780,3.);
#3780 = AXIS2_PLACEMENT_3D('',#3781,#3782,#3783);
#3781 = CARTESIAN_POINT('',(115.,40.,45.));
#3782 = DIRECTION('',(1.224646799147E-16,0.,-1.));
#3783 = DIRECTION('',(1.,0.,1.224646799147E-16));
#3784 = PCURVE('',#3754,#3785);
#3785 = DEFINITIONAL_REPRESENTATION('',(#3786),#3790);
#3786 = CIRCLE('',#3787,3.);
#3787 = AXIS2_PLACEMENT_2D('',#3788,#3789);
#3788 = CARTESIAN_POINT('',(0.,0.));
#3789 = DIRECTION('',(1.,0.));
#3790 = ( GEOMETRIC_REPRESENTATION_CONTEXT(2) 
PARAMETRIC_REPRESENTATION_CONTEXT() REPRESENTATION_CONTEXT('2D SPACE',''
  ) );
#3791 = PCURVE('',#2752,#3792);
#3792 = DEFINITIONAL_REPRESENTATION('',(#3793),#3797);
#3793 = LINE('',#3794,#3795);
#3794 = CARTESIAN_POINT('',(0.,-15.));
#3795 = VECTOR('',#3796,1.);
#3796 = DIRECTION('',(1.,0.));
#3797 = ( GEOMETRIC_REPRESENTATION_CONTEXT(2) 
PARAMETRIC_REPRESENTATION_CONTEXT() REPRESENTATION_CONTEXT('2D SPACE',''
  ) );
#3798 = ADVANCED_FACE('',(#3799),#1778,.F.);
#3799 = FACE_BOUND('',#3800,.F.);
#3800 = EDGE_LOOP('',(#3801,#3822,#3823,#3824));
#3801 = ORIENTED_EDGE('',*,*,#3802,.T.);
#3802 = EDGE_CURVE('',#1758,#3745,#3803,.T.);
#3803 = SEAM_CURVE('',#3804,(#3808,#3815),.PCURVE_S1.);
#3804 = LINE('',#3805,#3806);
#3805 = CARTESIAN_POINT('',(109.,40.,47.5));
#3806 = VECTOR('',#3807,1.);
#3807 = DIRECTION('',(1.224646799147E-16,0.,-1.));
#3808 = PCURVE('',#1778,#3809);
#3809 = DEFINITIONAL_REPRESENTATION('',(#3810),#3814);
#3810 = LINE('',#3811,#3812);
#3811 = CARTESIAN_POINT('',(9.424777960769,0.));
#3812 = VECTOR('',#3813,1.);
#3813 = DIRECTION('',(0.,1.));
#3814 = ( GEOMETRIC_REPRESENTATION_CONTEXT(2) 
PARAMETRIC_REPRESENTATION_CONTEXT() REPRESENTATION_CONTEXT('2D SPACE',''
  ) );
#3815 = PCURVE('',#1778,#3816);
#3816 = DEFINITIONAL_REPRESENTATION('',(#3817),#3821);
#3817 = LINE('',#3818,#3819);
#3818 = CARTESIAN_POINT('',(3.14159265359,0.));
#3819 = VECTOR('',#3820,1.);
#3820 = DIRECTION('',(0.,1.));
#3821 = ( GEOMETRIC_REPRESENTATION_CONTEXT(2) 
PARAMETRIC_REPRESENTATION_CONTEXT() REPRESENTATION_CONTEXT('2D SPACE',''
  ) );
#3822 = ORIENTED_EDGE('',*,*,#3744,.F.);
#3823 = ORIENTED_EDGE('',*,*,#3802,.F.);
#3824 = ORIENTED_EDGE('',*,*,#1757,.T.);
#3825 = ADVANCED_FACE('',(#3826),#2752,.F.);
#3826 = FACE_BOUND('',#3827,.F.);
#3827 = EDGE_LOOP('',(#3828,#3849,#3850,#3851));
#3828 = ORIENTED_EDGE('',*,*,#3829,.T.);
#3829 = EDGE_CURVE('',#3776,#2736,#3830,.T.);
#3830 = SEAM_CURVE('',#3831,(#3835,#3842),.PCURVE_S1.);
#3831 = LINE('',#3832,#3833);
#3832 = CARTESIAN_POINT('',(112.,40.,30.));
#3833 = VECTOR('',#3834,1.);
#3834 = DIRECTION('',(1.224646799147E-16,0.,-1.));
#3835 = PCURVE('',#2752,#3836);
#3836 = DEFINITIONAL_REPRESENTATION('',(#3837),#3841);
#3837 = LINE('',#3838,#3839);
#3838 = CARTESIAN_POINT('',(9.424777960769,0.));
#3839 = VECTOR('',#3840,1.);
#3840 = DIRECTION('',(0.,1.));
#3841 = ( GEOMETRIC_REPRESENTATION_CONTEXT(2) 
PARAMETRIC_REPRESENTATION_CONTEXT() REPRESENTATION_CONTEXT('2D SPACE',''
  ) );
#3842 = PCURVE('',#2752,#3843);
#3843 = DEFINITIONAL_REPRESENTATION('',(#3844),#3848);
#3844 = LINE('',#3845,#3846);
#3845 = CARTESIAN_POINT('',(3.14159265359,0.));
#3846 = VECTOR('',#3847,1.);
#3847 = DIRECTION('',(0.,1.));
#3848 = ( GEOMETRIC_REPRESENTATION_CONTEXT(2) 
PARAMETRIC_REPRESENTATION_CONTEXT() REPRESENTATION_CONTEXT('2D SPACE',''
  ) );
#3849 = ORIENTED_EDGE('',*,*,#2735,.T.);
#3850 = ORIENTED_EDGE('',*,*,#3829,.F.);
#3851 = ORIENTED_EDGE('',*,*,#3775,.T.);
#3852 = ADVANCED_FACE('',(#3853),#482,.T.);
#3853 = FACE_BOUND('',#3854,.T.);
#3854 = EDGE_LOOP('',(#3855,#3856,#3857,#3858,#3859,#3860,#3861,#3884,
    #3905));
#3855 = ORIENTED_EDGE('',*,*,#466,.F.);
#3856 = ORIENTED_EDGE('',*,*,#1423,.F.);
#3857 = ORIENTED_EDGE('',*,*,#599,.F.);
#3858 = ORIENTED_EDGE('',*,*,#873,.F.);
#3859 = ORIENTED_EDGE('',*,*,#1935,.T.);
#3860 = ORIENTED_EDGE('',*,*,#1049,.F.);
#3861 = ORIENTED_EDGE('',*,*,#3862,.F.);
#3862 = EDGE_CURVE('',#3863,#1022,#3865,.T.);
#3863 = VERTEX_POINT('',#3864);
#3864 = CARTESIAN_POINT('',(-25.,-86.45214395105,1.42108547152E-14));
#3865 = SURFACE_CURVE('',#3866,(#3870,#3877),.PCURVE_S1.);
#3866 = LINE('',#3867,#3868);
#3867 = CARTESIAN_POINT('',(-25.,111.55214395105,1.42108547152E-14));
#3868 = VECTOR('',#3869,1.);
#3869 = DIRECTION('',(0.,-1.,-0.));
#3870 = PCURVE('',#482,#3871);
#3871 = DEFINITIONAL_REPRESENTATION('',(#3872),#3876);
#3872 = LINE('',#3873,#3874);
#3873 = CARTESIAN_POINT('',(223.1042879021,0.));
#3874 = VECTOR('',#3875,1.);
#3875 = DIRECTION('',(-1.,-0.));
#3876 = ( GEOMETRIC_REPRESENTATION_CONTEXT(2) 
PARAMETRIC_REPRESENTATION_CONTEXT() REPRESENTATION_CONTEXT('2D SPACE',''
  ) );
#3877 = PCURVE('',#1037,#3878);
#3878 = DEFINITIONAL_REPRESENTATION('',(#3879),#3883);
#3879 = LINE('',#3880,#3881);
#3880 = CARTESIAN_POINT('',(-50.,-213.1042879021));
#3881 = VECTOR('',#3882,1.);
#3882 = DIRECTION('',(-0.,1.));
#3883 = ( GEOMETRIC_REPRESENTATION_CONTEXT(2) 
PARAMETRIC_REPRESENTATION_CONTEXT() REPRESENTATION_CONTEXT('2D SPACE',''
  ) );
#3884 = ORIENTED_EDGE('',*,*,#3885,.T.);
#3885 = EDGE_CURVE('',#3863,#3030,#3886,.T.);
#3886 = SURFACE_CURVE('',#3887,(#3891,#3898),.PCURVE_S1.);
#3887 = LINE('',#3888,#3889);
#3888 = CARTESIAN_POINT('',(-25.,-86.45214395105,15.));
#3889 = VECTOR('',#3890,1.);
#3890 = DIRECTION('',(-1.224646799147E-16,0.,1.));
#3891 = PCURVE('',#482,#3892);
#3892 = DEFINITIONAL_REPRESENTATION('',(#3893),#3897);
#3893 = LINE('',#3894,#3895);
#3894 = CARTESIAN_POINT('',(25.1,15.));
#3895 = VECTOR('',#3896,1.);
#3896 = DIRECTION('',(0.,1.));
#3897 = ( GEOMETRIC_REPRESENTATION_CONTEXT(2) 
PARAMETRIC_REPRESENTATION_CONTEXT() REPRESENTATION_CONTEXT('2D SPACE',''
  ) );
#3898 = PCURVE('',#2447,#3899);
#3899 = DEFINITIONAL_REPRESENTATION('',(#3900),#3904);
#3900 = LINE('',#3901,#3902);
#3901 = CARTESIAN_POINT('',(-15.,-1.836970198721E-15));
#3902 = VECTOR('',#3903,1.);
#3903 = DIRECTION('',(-1.,0.));
#3904 = ( GEOMETRIC_REPRESENTATION_CONTEXT(2) 
PARAMETRIC_REPRESENTATION_CONTEXT() REPRESENTATION_CONTEXT('2D SPACE',''
  ) );
#3905 = ORIENTED_EDGE('',*,*,#3029,.F.);
#3906 = ADVANCED_FACE('',(#3907),#128,.T.);
#3907 = FACE_BOUND('',#3908,.T.);
#3908 = EDGE_LOOP('',(#3909,#3910,#3911,#3912));
#3909 = ORIENTED_EDGE('',*,*,#112,.F.);
#3910 = ORIENTED_EDGE('',*,*,#1535,.F.);
#3911 = ORIENTED_EDGE('',*,*,#2611,.F.);
#3912 = ORIENTED_EDGE('',*,*,#2710,.F.);
#3913 = ADVANCED_FACE('',(#3914),#209,.T.);
#3914 = FACE_BOUND('',#3915,.T.);
#3915 = EDGE_LOOP('',(#3916,#3917,#3918,#3939));
#3916 = ORIENTED_EDGE('',*,*,#2659,.F.);
#3917 = ORIENTED_EDGE('',*,*,#2339,.F.);
#3918 = ORIENTED_EDGE('',*,*,#3919,.T.);
#3919 = EDGE_CURVE('',#2317,#194,#3920,.T.);
#3920 = SURFACE_CURVE('',#3921,(#3925,#3932),.PCURVE_S1.);
#3921 = LINE('',#3922,#3923);
#3922 = CARTESIAN_POINT('',(-100.,86.452143951054,0.));
#3923 = VECTOR('',#3924,1.);
#3924 = DIRECTION('',(1.,0.,1.224646799147E-16));
#3925 = PCURVE('',#209,#3926);
#3926 = DEFINITIONAL_REPRESENTATION('',(#3927),#3931);
#3927 = LINE('',#3928,#3929);
#3928 = CARTESIAN_POINT('',(-3.061616997868E-15,-25.));
#3929 = VECTOR('',#3930,1.);
#3930 = DIRECTION('',(0.,-1.));
#3931 = ( GEOMETRIC_REPRESENTATION_CONTEXT(2) 
PARAMETRIC_REPRESENTATION_CONTEXT() REPRESENTATION_CONTEXT('2D SPACE',''
  ) );
#3932 = PCURVE('',#237,#3933);
#3933 = DEFINITIONAL_REPRESENTATION('',(#3934),#3938);
#3934 = LINE('',#3935,#3936);
#3935 = CARTESIAN_POINT('',(25.,15.1));
#3936 = VECTOR('',#3937,1.);
#3937 = DIRECTION('',(-1.,0.));
#3938 = ( GEOMETRIC_REPRESENTATION_CONTEXT(2) 
PARAMETRIC_REPRESENTATION_CONTEXT() REPRESENTATION_CONTEXT('2D SPACE',''
  ) );
#3939 = ORIENTED_EDGE('',*,*,#193,.T.);
#3940 = ADVANCED_FACE('',(#3941),#1309,.T.);
#3941 = FACE_BOUND('',#3942,.T.);
#3942 = EDGE_LOOP('',(#3943,#3944,#3945,#3966));
#3943 = ORIENTED_EDGE('',*,*,#1295,.F.);
#3944 = ORIENTED_EDGE('',*,*,#2158,.T.);
#3945 = ORIENTED_EDGE('',*,*,#3946,.F.);
#3946 = EDGE_CURVE('',#2248,#2131,#3947,.T.);
#3947 = SURFACE_CURVE('',#3948,(#3952,#3959),.PCURVE_S1.);
#3948 = LINE('',#3949,#3950);
#3949 = CARTESIAN_POINT('',(-50.,96.452143951054,10.));
#3950 = VECTOR('',#3951,1.);
#3951 = DIRECTION('',(1.,0.,1.224646799147E-16));
#3952 = PCURVE('',#1309,#3953);
#3953 = DEFINITIONAL_REPRESENTATION('',(#3954),#3958);
#3954 = LINE('',#3955,#3956);
#3955 = CARTESIAN_POINT('',(25.,3.061616997868E-15));
#3956 = VECTOR('',#3957,1.);
#3957 = DIRECTION('',(-1.,0.));
#3958 = ( GEOMETRIC_REPRESENTATION_CONTEXT(2) 
PARAMETRIC_REPRESENTATION_CONTEXT() REPRESENTATION_CONTEXT('2D SPACE',''
  ) );
#3959 = PCURVE('',#2146,#3960);
#3960 = DEFINITIONAL_REPRESENTATION('',(#3961),#3965);
#3961 = LINE('',#3962,#3963);
#3962 = CARTESIAN_POINT('',(25.,-5.1));
#3963 = VECTOR('',#3964,1.);
#3964 = DIRECTION('',(1.,0.));
#3965 = ( GEOMETRIC_REPRESENTATION_CONTEXT(2) 
PARAMETRIC_REPRESENTATION_CONTEXT() REPRESENTATION_CONTEXT('2D SPACE',''
  ) );
#3966 = ORIENTED_EDGE('',*,*,#2247,.T.);
#3967 = ADVANCED_FACE('',(#3968,#3994),#2146,.T.);
#3968 = FACE_BOUND('',#3969,.T.);
#3969 = EDGE_LOOP('',(#3970,#3971,#3992,#3993));
#3970 = ORIENTED_EDGE('',*,*,#2130,.T.);
#3971 = ORIENTED_EDGE('',*,*,#3972,.F.);
#3972 = EDGE_CURVE('',#2271,#2108,#3973,.T.);
#3973 = SURFACE_CURVE('',#3974,(#3978,#3985),.PCURVE_S1.);
#3974 = LINE('',#3975,#3976);
#3975 = CARTESIAN_POINT('',(-125.,116.55214395105,10.));
#3976 = VECTOR('',#3977,1.);
#3977 = DIRECTION('',(1.,0.,1.224646799147E-16));
#3978 = PCURVE('',#2146,#3979);
#3979 = DEFINITIONAL_REPRESENTATION('',(#3980),#3984);
#3980 = LINE('',#3981,#3982);
#3981 = CARTESIAN_POINT('',(-50.,15.));
#3982 = VECTOR('',#3983,1.);
#3983 = DIRECTION('',(1.,0.));
#3984 = ( GEOMETRIC_REPRESENTATION_CONTEXT(2) 
PARAMETRIC_REPRESENTATION_CONTEXT() REPRESENTATION_CONTEXT('2D SPACE',''
  ) );
#3985 = PCURVE('',#265,#3986);
#3986 = DEFINITIONAL_REPRESENTATION('',(#3987),#3991);
#3987 = LINE('',#3988,#3989);
#3988 = CARTESIAN_POINT('',(-10.,100.));
#3989 = VECTOR('',#3990,1.);
#3990 = DIRECTION('',(0.,-1.));
#3991 = ( GEOMETRIC_REPRESENTATION_CONTEXT(2) 
PARAMETRIC_REPRESENTATION_CONTEXT() REPRESENTATION_CONTEXT('2D SPACE',''
  ) );
#3992 = ORIENTED_EDGE('',*,*,#2270,.F.);
#3993 = ORIENTED_EDGE('',*,*,#3946,.T.);
#3994 = FACE_BOUND('',#3995,.T.);
#3995 = EDGE_LOOP('',(#3996));
#3996 = ORIENTED_EDGE('',*,*,#3997,.T.);
#3997 = EDGE_CURVE('',#3998,#3998,#4000,.T.);
#3998 = VERTEX_POINT('',#3999);
#3999 = CARTESIAN_POINT('',(-116.,106.50214395105,10.));
#4000 = SURFACE_CURVE('',#4001,(#4006,#4017),.PCURVE_S1.);
#4001 = CIRCLE('',#4002,6.);
#4002 = AXIS2_PLACEMENT_3D('',#4003,#4004,#4005);
#4003 = CARTESIAN_POINT('',(-110.,106.50214395105,10.));
#4004 = DIRECTION('',(1.224646799147E-16,0.,-1.));
#4005 = DIRECTION('',(1.,0.,1.224646799147E-16));
#4006 = PCURVE('',#2146,#4007);
#4007 = DEFINITIONAL_REPRESENTATION('',(#4008),#4016);
#4008 = ( BOUNDED_CURVE() B_SPLINE_CURVE(2,(#4009,#4010,#4011,#4012,
#4013,#4014,#4015),.UNSPECIFIED.,.T.,.F.) B_SPLINE_CURVE_WITH_KNOTS((1,2
    ,2,2,2,1),(-2.094395102393,0.,2.094395102393,4.188790204786,
6.28318530718,8.377580409573),.UNSPECIFIED.) CURVE() 
GEOMETRIC_REPRESENTATION_ITEM() RATIONAL_B_SPLINE_CURVE((1.,0.5,1.,0.5,
1.,0.5,1.)) REPRESENTATION_ITEM('') );
#4009 = CARTESIAN_POINT('',(-29.,4.95));
#4010 = CARTESIAN_POINT('',(-29.,-5.442304845413));
#4011 = CARTESIAN_POINT('',(-38.,-0.246152422707));
#4012 = CARTESIAN_POINT('',(-47.,4.95));
#4013 = CARTESIAN_POINT('',(-38.,10.146152422707));
#4014 = CARTESIAN_POINT('',(-29.,15.342304845413));
#4015 = CARTESIAN_POINT('',(-29.,4.95));
#4016 = ( GEOMETRIC_REPRESENTATION_CONTEXT(2) 
PARAMETRIC_REPRESENTATION_CONTEXT() REPRESENTATION_CONTEXT('2D SPACE',''
  ) );
#4017 = PCURVE('',#4018,#4023);
#4018 = CYLINDRICAL_SURFACE('',#4019,6.);
#4019 = AXIS2_PLACEMENT_3D('',#4020,#4021,#4022);
#4020 = CARTESIAN_POINT('',(-110.,106.50214395105,7.5));
#4021 = DIRECTION('',(1.224646799147E-16,0.,-1.));
#4022 = DIRECTION('',(1.,0.,1.224646799147E-16));
#4023 = DEFINITIONAL_REPRESENTATION('',(#4024),#4028);
#4024 = LINE('',#4025,#4026);
#4025 = CARTESIAN_POINT('',(0.,-2.5));
#4026 = VECTOR('',#4027,1.);
#4027 = DIRECTION('',(1.,0.));
#4028 = ( GEOMETRIC_REPRESENTATION_CONTEXT(2) 
PARAMETRIC_REPRESENTATION_CONTEXT() REPRESENTATION_CONTEXT('2D SPACE',''
  ) );
#4029 = ADVANCED_FACE('',(#4030,#4061),#4043,.F.);
#4030 = FACE_BOUND('',#4031,.T.);
#4031 = EDGE_LOOP('',(#4032));
#4032 = ORIENTED_EDGE('',*,*,#4033,.F.);
#4033 = EDGE_CURVE('',#4034,#4034,#4036,.T.);
#4034 = VERTEX_POINT('',#4035);
#4035 = CARTESIAN_POINT('',(-116.,106.50214395105,5.));
#4036 = SURFACE_CURVE('',#4037,(#4042,#4054),.PCURVE_S1.);
#4037 = CIRCLE('',#4038,6.);
#4038 = AXIS2_PLACEMENT_3D('',#4039,#4040,#4041);
#4039 = CARTESIAN_POINT('',(-110.,106.50214395105,5.));
#4040 = DIRECTION('',(1.224646799147E-16,0.,-1.));
#4041 = DIRECTION('',(1.,0.,1.224646799147E-16));
#4042 = PCURVE('',#4043,#4048);
#4043 = PLANE('',#4044);
#4044 = AXIS2_PLACEMENT_3D('',#4045,#4046,#4047);
#4045 = CARTESIAN_POINT('',(-110.,106.50214395105,5.));
#4046 = DIRECTION('',(1.224646799147E-16,0.,-1.));
#4047 = DIRECTION('',(1.,0.,1.224646799147E-16));
#4048 = DEFINITIONAL_REPRESENTATION('',(#4049),#4053);
#4049 = CIRCLE('',#4050,6.);
#4050 = AXIS2_PLACEMENT_2D('',#4051,#4052);
#4051 = CARTESIAN_POINT('',(0.,0.));
#4052 = DIRECTION('',(1.,0.));
#4053 = ( GEOMETRIC_REPRESENTATION_CONTEXT(2) 
PARAMETRIC_REPRESENTATION_CONTEXT() REPRESENTATION_CONTEXT('2D SPACE',''
  ) );
#4054 = PCURVE('',#4018,#4055);
#4055 = DEFINITIONAL_REPRESENTATION('',(#4056),#4060);
#4056 = LINE('',#4057,#4058);
#4057 = CARTESIAN_POINT('',(0.,2.5));
#4058 = VECTOR('',#4059,1.);
#4059 = DIRECTION('',(1.,0.));
#4060 = ( GEOMETRIC_REPRESENTATION_CONTEXT(2) 
PARAMETRIC_REPRESENTATION_CONTEXT() REPRESENTATION_CONTEXT('2D SPACE',''
  ) );
#4061 = FACE_BOUND('',#4062,.T.);
#4062 = EDGE_LOOP('',(#4063));
#4063 = ORIENTED_EDGE('',*,*,#4064,.T.);
#4064 = EDGE_CURVE('',#4065,#4065,#4067,.T.);
#4065 = VERTEX_POINT('',#4066);
#4066 = CARTESIAN_POINT('',(-113.,106.50214395105,5.));
#4067 = SURFACE_CURVE('',#4068,(#4073,#4080),.PCURVE_S1.);
#4068 = CIRCLE('',#4069,3.);
#4069 = AXIS2_PLACEMENT_3D('',#4070,#4071,#4072);
#4070 = CARTESIAN_POINT('',(-110.,106.50214395105,5.));
#4071 = DIRECTION('',(1.224646799147E-16,0.,-1.));
#4072 = DIRECTION('',(1.,0.,1.224646799147E-16));
#4073 = PCURVE('',#4043,#4074);
#4074 = DEFINITIONAL_REPRESENTATION('',(#4075),#4079);
#4075 = CIRCLE('',#4076,3.);
#4076 = AXIS2_PLACEMENT_2D('',#4077,#4078);
#4077 = CARTESIAN_POINT('',(0.,0.));
#4078 = DIRECTION('',(1.,0.));
#4079 = ( GEOMETRIC_REPRESENTATION_CONTEXT(2) 
PARAMETRIC_REPRESENTATION_CONTEXT() REPRESENTATION_CONTEXT('2D SPACE',''
  ) );
#4080 = PCURVE('',#4081,#4086);
#4081 = CYLINDRICAL_SURFACE('',#4082,3.);
#4082 = AXIS2_PLACEMENT_3D('',#4083,#4084,#4085);
#4083 = CARTESIAN_POINT('',(-110.,106.50214395105,2.5));
#4084 = DIRECTION('',(1.224646799147E-16,0.,-1.));
#4085 = DIRECTION('',(1.,0.,1.224646799147E-16));
#4086 = DEFINITIONAL_REPRESENTATION('',(#4087),#4091);
#4087 = LINE('',#4088,#4089);
#4088 = CARTESIAN_POINT('',(0.,-2.5));
#4089 = VECTOR('',#4090,1.);
#4090 = DIRECTION('',(1.,0.));
#4091 = ( GEOMETRIC_REPRESENTATION_CONTEXT(2) 
PARAMETRIC_REPRESENTATION_CONTEXT() REPRESENTATION_CONTEXT('2D SPACE',''
  ) );
#4092 = ADVANCED_FACE('',(#4093),#4018,.F.);
#4093 = FACE_BOUND('',#4094,.F.);
#4094 = EDGE_LOOP('',(#4095,#4116,#4117,#4118));
#4095 = ORIENTED_EDGE('',*,*,#4096,.T.);
#4096 = EDGE_CURVE('',#3998,#4034,#4097,.T.);
#4097 = SEAM_CURVE('',#4098,(#4102,#4109),.PCURVE_S1.);
#4098 = LINE('',#4099,#4100);
#4099 = CARTESIAN_POINT('',(-116.,106.50214395105,7.5));
#4100 = VECTOR('',#4101,1.);
#4101 = DIRECTION('',(1.224646799147E-16,0.,-1.));
#4102 = PCURVE('',#4018,#4103);
#4103 = DEFINITIONAL_REPRESENTATION('',(#4104),#4108);
#4104 = LINE('',#4105,#4106);
#4105 = CARTESIAN_POINT('',(9.424777960769,0.));
#4106 = VECTOR('',#4107,1.);
#4107 = DIRECTION('',(0.,1.));
#4108 = ( GEOMETRIC_REPRESENTATION_CONTEXT(2) 
PARAMETRIC_REPRESENTATION_CONTEXT() REPRESENTATION_CONTEXT('2D SPACE',''
  ) );
#4109 = PCURVE('',#4018,#4110);
#4110 = DEFINITIONAL_REPRESENTATION('',(#4111),#4115);
#4111 = LINE('',#4112,#4113);
#4112 = CARTESIAN_POINT('',(3.14159265359,0.));
#4113 = VECTOR('',#4114,1.);
#4114 = DIRECTION('',(0.,1.));
#4115 = ( GEOMETRIC_REPRESENTATION_CONTEXT(2) 
PARAMETRIC_REPRESENTATION_CONTEXT() REPRESENTATION_CONTEXT('2D SPACE',''
  ) );
#4116 = ORIENTED_EDGE('',*,*,#4033,.F.);
#4117 = ORIENTED_EDGE('',*,*,#4096,.F.);
#4118 = ORIENTED_EDGE('',*,*,#3997,.T.);
#4119 = ADVANCED_FACE('',(#4120),#4081,.F.);
#4120 = FACE_BOUND('',#4121,.F.);
#4121 = EDGE_LOOP('',(#4122,#4145,#4167,#4168));
#4122 = ORIENTED_EDGE('',*,*,#4123,.T.);
#4123 = EDGE_CURVE('',#4065,#4124,#4126,.T.);
#4124 = VERTEX_POINT('',#4125);
#4125 = CARTESIAN_POINT('',(-113.,106.50214395105,0.));
#4126 = SEAM_CURVE('',#4127,(#4131,#4138),.PCURVE_S1.);
#4127 = LINE('',#4128,#4129);
#4128 = CARTESIAN_POINT('',(-113.,106.50214395105,2.5));
#4129 = VECTOR('',#4130,1.);
#4130 = DIRECTION('',(1.224646799147E-16,0.,-1.));
#4131 = PCURVE('',#4081,#4132);
#4132 = DEFINITIONAL_REPRESENTATION('',(#4133),#4137);
#4133 = LINE('',#4134,#4135);
#4134 = CARTESIAN_POINT('',(9.424777960769,0.));
#4135 = VECTOR('',#4136,1.);
#4136 = DIRECTION('',(0.,1.));
#4137 = ( GEOMETRIC_REPRESENTATION_CONTEXT(2) 
PARAMETRIC_REPRESENTATION_CONTEXT() REPRESENTATION_CONTEXT('2D SPACE',''
  ) );
#4138 = PCURVE('',#4081,#4139);
#4139 = DEFINITIONAL_REPRESENTATION('',(#4140),#4144);
#4140 = LINE('',#4141,#4142);
#4141 = CARTESIAN_POINT('',(3.14159265359,0.));
#4142 = VECTOR('',#4143,1.);
#4143 = DIRECTION('',(0.,1.));
#4144 = ( GEOMETRIC_REPRESENTATION_CONTEXT(2) 
PARAMETRIC_REPRESENTATION_CONTEXT() REPRESENTATION_CONTEXT('2D SPACE',''
  ) );
#4145 = ORIENTED_EDGE('',*,*,#4146,.T.);
#4146 = EDGE_CURVE('',#4124,#4124,#4147,.T.);
#4147 = SURFACE_CURVE('',#4148,(#4153,#4160),.PCURVE_S1.);
#4148 = CIRCLE('',#4149,3.);
#4149 = AXIS2_PLACEMENT_3D('',#4150,#4151,#4152);
#4150 = CARTESIAN_POINT('',(-110.,106.50214395105,0.));
#4151 = DIRECTION('',(-1.224646799147E-16,0.,1.));
#4152 = DIRECTION('',(1.,0.,1.224646799147E-16));
#4153 = PCURVE('',#4081,#4154);
#4154 = DEFINITIONAL_REPRESENTATION('',(#4155),#4159);
#4155 = LINE('',#4156,#4157);
#4156 = CARTESIAN_POINT('',(12.566370614359,2.5));
#4157 = VECTOR('',#4158,1.);
#4158 = DIRECTION('',(-1.,0.));
#4159 = ( GEOMETRIC_REPRESENTATION_CONTEXT(2) 
PARAMETRIC_REPRESENTATION_CONTEXT() REPRESENTATION_CONTEXT('2D SPACE',''
  ) );
#4160 = PCURVE('',#237,#4161);
#4161 = DEFINITIONAL_REPRESENTATION('',(#4162),#4166);
#4162 = CIRCLE('',#4163,3.);
#4163 = AXIS2_PLACEMENT_2D('',#4164,#4165);
#4164 = CARTESIAN_POINT('',(35.,-4.95));
#4165 = DIRECTION('',(-1.,0.));
#4166 = ( GEOMETRIC_REPRESENTATION_CONTEXT(2) 
PARAMETRIC_REPRESENTATION_CONTEXT() REPRESENTATION_CONTEXT('2D SPACE',''
  ) );
#4167 = ORIENTED_EDGE('',*,*,#4123,.F.);
#4168 = ORIENTED_EDGE('',*,*,#4064,.T.);
#4169 = ADVANCED_FACE('',(#4170,#4201),#4183,.F.);
#4170 = FACE_BOUND('',#4171,.T.);
#4171 = EDGE_LOOP('',(#4172));
#4172 = ORIENTED_EDGE('',*,*,#4173,.F.);
#4173 = EDGE_CURVE('',#4174,#4174,#4176,.T.);
#4174 = VERTEX_POINT('',#4175);
#4175 = CARTESIAN_POINT('',(-46.,106.50214395105,5.));
#4176 = SURFACE_CURVE('',#4177,(#4182,#4194),.PCURVE_S1.);
#4177 = CIRCLE('',#4178,6.);
#4178 = AXIS2_PLACEMENT_3D('',#4179,#4180,#4181);
#4179 = CARTESIAN_POINT('',(-40.,106.50214395105,5.));
#4180 = DIRECTION('',(1.224646799147E-16,0.,-1.));
#4181 = DIRECTION('',(1.,0.,1.224646799147E-16));
#4182 = PCURVE('',#4183,#4188);
#4183 = PLANE('',#4184);
#4184 = AXIS2_PLACEMENT_3D('',#4185,#4186,#4187);
#4185 = CARTESIAN_POINT('',(-40.,106.50214395105,5.));
#4186 = DIRECTION('',(1.224646799147E-16,0.,-1.));
#4187 = DIRECTION('',(1.,0.,1.224646799147E-16));
#4188 = DEFINITIONAL_REPRESENTATION('',(#4189),#4193);
#4189 = CIRCLE('',#4190,6.);
#4190 = AXIS2_PLACEMENT_2D('',#4191,#4192);
#4191 = CARTESIAN_POINT('',(0.,0.));
#4192 = DIRECTION('',(1.,0.));
#4193 = ( GEOMETRIC_REPRESENTATION_CONTEXT(2) 
PARAMETRIC_REPRESENTATION_CONTEXT() REPRESENTATION_CONTEXT('2D SPACE',''
  ) );
#4194 = PCURVE('',#2229,#4195);
#4195 = DEFINITIONAL_REPRESENTATION('',(#4196),#4200);
#4196 = LINE('',#4197,#4198);
#4197 = CARTESIAN_POINT('',(0.,2.5));
#4198 = VECTOR('',#4199,1.);
#4199 = DIRECTION('',(1.,0.));
#4200 = ( GEOMETRIC_REPRESENTATION_CONTEXT(2) 
PARAMETRIC_REPRESENTATION_CONTEXT() REPRESENTATION_CONTEXT('2D SPACE',''
  ) );
#4201 = FACE_BOUND('',#4202,.T.);
#4202 = EDGE_LOOP('',(#4203));
#4203 = ORIENTED_EDGE('',*,*,#4204,.T.);
#4204 = EDGE_CURVE('',#4205,#4205,#4207,.T.);
#4205 = VERTEX_POINT('',#4206);
#4206 = CARTESIAN_POINT('',(-43.,106.50214395105,5.));
#4207 = SURFACE_CURVE('',#4208,(#4213,#4220),.PCURVE_S1.);
#4208 = CIRCLE('',#4209,3.);
#4209 = AXIS2_PLACEMENT_3D('',#4210,#4211,#4212);
#4210 = CARTESIAN_POINT('',(-40.,106.50214395105,5.));
#4211 = DIRECTION('',(1.224646799147E-16,0.,-1.));
#4212 = DIRECTION('',(1.,0.,1.224646799147E-16));
#4213 = PCURVE('',#4183,#4214);
#4214 = DEFINITIONAL_REPRESENTATION('',(#4215),#4219);
#4215 = CIRCLE('',#4216,3.);
#4216 = AXIS2_PLACEMENT_2D('',#4217,#4218);
#4217 = CARTESIAN_POINT('',(0.,0.));
#4218 = DIRECTION('',(1.,0.));
#4219 = ( GEOMETRIC_REPRESENTATION_CONTEXT(2) 
PARAMETRIC_REPRESENTATION_CONTEXT() REPRESENTATION_CONTEXT('2D SPACE',''
  ) );
#4220 = PCURVE('',#4221,#4226);
#4221 = CYLINDRICAL_SURFACE('',#4222,3.);
#4222 = AXIS2_PLACEMENT_3D('',#4223,#4224,#4225);
#4223 = CARTESIAN_POINT('',(-40.,106.50214395105,2.5));
#4224 = DIRECTION('',(1.224646799147E-16,0.,-1.));
#4225 = DIRECTION('',(1.,0.,1.224646799147E-16));
#4226 = DEFINITIONAL_REPRESENTATION('',(#4227),#4231);
#4227 = LINE('',#4228,#4229);
#4228 = CARTESIAN_POINT('',(0.,-2.5));
#4229 = VECTOR('',#4230,1.);
#4230 = DIRECTION('',(1.,0.));
#4231 = ( GEOMETRIC_REPRESENTATION_CONTEXT(2) 
PARAMETRIC_REPRESENTATION_CONTEXT() REPRESENTATION_CONTEXT('2D SPACE',''
  ) );
#4232 = ADVANCED_FACE('',(#4233),#2229,.F.);
#4233 = FACE_BOUND('',#4234,.F.);
#4234 = EDGE_LOOP('',(#4235,#4256,#4257,#4258));
#4235 = ORIENTED_EDGE('',*,*,#4236,.T.);
#4236 = EDGE_CURVE('',#2209,#4174,#4237,.T.);
#4237 = SEAM_CURVE('',#4238,(#4242,#4249),.PCURVE_S1.);
#4238 = LINE('',#4239,#4240);
#4239 = CARTESIAN_POINT('',(-46.,106.50214395105,7.5));
#4240 = VECTOR('',#4241,1.);
#4241 = DIRECTION('',(1.224646799147E-16,0.,-1.));
#4242 = PCURVE('',#2229,#4243);
#4243 = DEFINITIONAL_REPRESENTATION('',(#4244),#4248);
#4244 = LINE('',#4245,#4246);
#4245 = CARTESIAN_POINT('',(9.424777960769,0.));
#4246 = VECTOR('',#4247,1.);
#4247 = DIRECTION('',(0.,1.));
#4248 = ( GEOMETRIC_REPRESENTATION_CONTEXT(2) 
PARAMETRIC_REPRESENTATION_CONTEXT() REPRESENTATION_CONTEXT('2D SPACE',''
  ) );
#4249 = PCURVE('',#2229,#4250);
#4250 = DEFINITIONAL_REPRESENTATION('',(#4251),#4255);
#4251 = LINE('',#4252,#4253);
#4252 = CARTESIAN_POINT('',(3.14159265359,0.));
#4253 = VECTOR('',#4254,1.);
#4254 = DIRECTION('',(0.,1.));
#4255 = ( GEOMETRIC_REPRESENTATION_CONTEXT(2) 
PARAMETRIC_REPRESENTATION_CONTEXT() REPRESENTATION_CONTEXT('2D SPACE',''
  ) );
#4256 = ORIENTED_EDGE('',*,*,#4173,.F.);
#4257 = ORIENTED_EDGE('',*,*,#4236,.F.);
#4258 = ORIENTED_EDGE('',*,*,#2208,.T.);
#4259 = ADVANCED_FACE('',(#4260),#4221,.F.);
#4260 = FACE_BOUND('',#4261,.F.);
#4261 = EDGE_LOOP('',(#4262,#4285,#4307,#4308));
#4262 = ORIENTED_EDGE('',*,*,#4263,.T.);
#4263 = EDGE_CURVE('',#4205,#4264,#4266,.T.);
#4264 = VERTEX_POINT('',#4265);
#4265 = CARTESIAN_POINT('',(-43.,106.50214395105,1.42108547152E-14));
#4266 = SEAM_CURVE('',#4267,(#4271,#4278),.PCURVE_S1.);
#4267 = LINE('',#4268,#4269);
#4268 = CARTESIAN_POINT('',(-43.,106.50214395105,2.5));
#4269 = VECTOR('',#4270,1.);
#4270 = DIRECTION('',(1.224646799147E-16,0.,-1.));
#4271 = PCURVE('',#4221,#4272);
#4272 = DEFINITIONAL_REPRESENTATION('',(#4273),#4277);
#4273 = LINE('',#4274,#4275);
#4274 = CARTESIAN_POINT('',(9.424777960769,0.));
#4275 = VECTOR('',#4276,1.);
#4276 = DIRECTION('',(0.,1.));
#4277 = ( GEOMETRIC_REPRESENTATION_CONTEXT(2) 
PARAMETRIC_REPRESENTATION_CONTEXT() REPRESENTATION_CONTEXT('2D SPACE',''
  ) );
#4278 = PCURVE('',#4221,#4279);
#4279 = DEFINITIONAL_REPRESENTATION('',(#4280),#4284);
#4280 = LINE('',#4281,#4282);
#4281 = CARTESIAN_POINT('',(3.14159265359,0.));
#4282 = VECTOR('',#4283,1.);
#4283 = DIRECTION('',(0.,1.));
#4284 = ( GEOMETRIC_REPRESENTATION_CONTEXT(2) 
PARAMETRIC_REPRESENTATION_CONTEXT() REPRESENTATION_CONTEXT('2D SPACE',''
  ) );
#4285 = ORIENTED_EDGE('',*,*,#4286,.T.);
#4286 = EDGE_CURVE('',#4264,#4264,#4287,.T.);
#4287 = SURFACE_CURVE('',#4288,(#4293,#4300),.PCURVE_S1.);
#4288 = CIRCLE('',#4289,3.);
#4289 = AXIS2_PLACEMENT_3D('',#4290,#4291,#4292);
#4290 = CARTESIAN_POINT('',(-40.,106.50214395105,1.42108547152E-14));
#4291 = DIRECTION('',(-1.224646799147E-16,0.,1.));
#4292 = DIRECTION('',(1.,0.,1.224646799147E-16));
#4293 = PCURVE('',#4221,#4294);
#4294 = DEFINITIONAL_REPRESENTATION('',(#4295),#4299);
#4295 = LINE('',#4296,#4297);
#4296 = CARTESIAN_POINT('',(12.566370614359,2.5));
#4297 = VECTOR('',#4298,1.);
#4298 = DIRECTION('',(-1.,0.));
#4299 = ( GEOMETRIC_REPRESENTATION_CONTEXT(2) 
PARAMETRIC_REPRESENTATION_CONTEXT() REPRESENTATION_CONTEXT('2D SPACE',''
  ) );
#4300 = PCURVE('',#237,#4301);
#4301 = DEFINITIONAL_REPRESENTATION('',(#4302),#4306);
#4302 = CIRCLE('',#4303,3.);
#4303 = AXIS2_PLACEMENT_2D('',#4304,#4305);
#4304 = CARTESIAN_POINT('',(-35.,-4.95));
#4305 = DIRECTION('',(-1.,0.));
#4306 = ( GEOMETRIC_REPRESENTATION_CONTEXT(2) 
PARAMETRIC_REPRESENTATION_CONTEXT() REPRESENTATION_CONTEXT('2D SPACE',''
  ) );
#4307 = ORIENTED_EDGE('',*,*,#4263,.F.);
#4308 = ORIENTED_EDGE('',*,*,#4204,.T.);
#4309 = ADVANCED_FACE('',(#4310),#265,.T.);
#4310 = FACE_BOUND('',#4311,.T.);
#4311 = EDGE_LOOP('',(#4312,#4313,#4314,#4315,#4316,#4337,#4338,#4339));
#4312 = ORIENTED_EDGE('',*,*,#1244,.F.);
#4313 = ORIENTED_EDGE('',*,*,#1371,.T.);
#4314 = ORIENTED_EDGE('',*,*,#2185,.T.);
#4315 = ORIENTED_EDGE('',*,*,#249,.T.);
#4316 = ORIENTED_EDGE('',*,*,#4317,.T.);
#4317 = EDGE_CURVE('',#222,#2294,#4318,.T.);
#4318 = SURFACE_CURVE('',#4319,(#4323,#4330),.PCURVE_S1.);
#4319 = LINE('',#4320,#4321);
#4320 = CARTESIAN_POINT('',(-125.,116.55214395105,0.));
#4321 = VECTOR('',#4322,1.);
#4322 = DIRECTION('',(-1.,0.,-1.224646799147E-16));
#4323 = PCURVE('',#265,#4324);
#4324 = DEFINITIONAL_REPRESENTATION('',(#4325),#4329);
#4325 = LINE('',#4326,#4327);
#4326 = CARTESIAN_POINT('',(1.964386723729E-15,100.));
#4327 = VECTOR('',#4328,1.);
#4328 = DIRECTION('',(0.,1.));
#4329 = ( GEOMETRIC_REPRESENTATION_CONTEXT(2) 
PARAMETRIC_REPRESENTATION_CONTEXT() REPRESENTATION_CONTEXT('2D SPACE',''
  ) );
#4330 = PCURVE('',#237,#4331);
#4331 = DEFINITIONAL_REPRESENTATION('',(#4332),#4336);
#4332 = LINE('',#4333,#4334);
#4333 = CARTESIAN_POINT('',(50.,-15.));
#4334 = VECTOR('',#4335,1.);
#4335 = DIRECTION('',(1.,0.));
#4336 = ( GEOMETRIC_REPRESENTATION_CONTEXT(2) 
PARAMETRIC_REPRESENTATION_CONTEXT() REPRESENTATION_CONTEXT('2D SPACE',''
  ) );
#4337 = ORIENTED_EDGE('',*,*,#2293,.T.);
#4338 = ORIENTED_EDGE('',*,*,#3972,.T.);
#4339 = ORIENTED_EDGE('',*,*,#2107,.F.);
#4340 = ADVANCED_FACE('',(#4341,#4347,#4350),#237,.F.);
#4341 = FACE_BOUND('',#4342,.T.);
#4342 = EDGE_LOOP('',(#4343,#4344,#4345,#4346));
#4343 = ORIENTED_EDGE('',*,*,#2316,.T.);
#4344 = ORIENTED_EDGE('',*,*,#4317,.F.);
#4345 = ORIENTED_EDGE('',*,*,#221,.T.);
#4346 = ORIENTED_EDGE('',*,*,#3919,.F.);
#4347 = FACE_BOUND('',#4348,.T.);
#4348 = EDGE_LOOP('',(#4349));
#4349 = ORIENTED_EDGE('',*,*,#4146,.T.);
#4350 = FACE_BOUND('',#4351,.T.);
#4351 = EDGE_LOOP('',(#4352));
#4352 = ORIENTED_EDGE('',*,*,#4286,.T.);
#4353 = ADVANCED_FACE('',(#4354),#2447,.T.);
#4354 = FACE_BOUND('',#4355,.T.);
#4355 = EDGE_LOOP('',(#4356,#4357,#4358,#4379));
#4356 = ORIENTED_EDGE('',*,*,#3052,.F.);
#4357 = ORIENTED_EDGE('',*,*,#3885,.F.);
#4358 = ORIENTED_EDGE('',*,*,#4359,.T.);
#4359 = EDGE_CURVE('',#3863,#2432,#4360,.T.);
#4360 = SURFACE_CURVE('',#4361,(#4365,#4372),.PCURVE_S1.);
#4361 = LINE('',#4362,#4363);
#4362 = CARTESIAN_POINT('',(-50.,-86.45214395105,1.42108547152E-14));
#4363 = VECTOR('',#4364,1.);
#4364 = DIRECTION('',(-1.,0.,-1.224646799147E-16));
#4365 = PCURVE('',#2447,#4366);
#4366 = DEFINITIONAL_REPRESENTATION('',(#4367),#4371);
#4367 = LINE('',#4368,#4369);
#4368 = CARTESIAN_POINT('',(-3.061616997868E-15,25.));
#4369 = VECTOR('',#4370,1.);
#4370 = DIRECTION('',(0.,1.));
#4371 = ( GEOMETRIC_REPRESENTATION_CONTEXT(2) 
PARAMETRIC_REPRESENTATION_CONTEXT() REPRESENTATION_CONTEXT('2D SPACE',''
  ) );
#4372 = PCURVE('',#1037,#4373);
#4373 = DEFINITIONAL_REPRESENTATION('',(#4374),#4378);
#4374 = LINE('',#4375,#4376);
#4375 = CARTESIAN_POINT('',(-25.,-15.1));
#4376 = VECTOR('',#4377,1.);
#4377 = DIRECTION('',(1.,0.));
#4378 = ( GEOMETRIC_REPRESENTATION_CONTEXT(2) 
PARAMETRIC_REPRESENTATION_CONTEXT() REPRESENTATION_CONTEXT('2D SPACE',''
  ) );
#4379 = ORIENTED_EDGE('',*,*,#2431,.T.);
#4380 = ADVANCED_FACE('',(#4381,#4412),#4394,.F.);
#4381 = FACE_BOUND('',#4382,.T.);
#4382 = EDGE_LOOP('',(#4383));
#4383 = ORIENTED_EDGE('',*,*,#4384,.F.);
#4384 = EDGE_CURVE('',#4385,#4385,#4387,.T.);
#4385 = VERTEX_POINT('',#4386);
#4386 = CARTESIAN_POINT('',(-46.,-106.502143951,5.));
#4387 = SURFACE_CURVE('',#4388,(#4393,#4405),.PCURVE_S1.);
#4388 = CIRCLE('',#4389,6.);
#4389 = AXIS2_PLACEMENT_3D('',#4390,#4391,#4392);
#4390 = CARTESIAN_POINT('',(-40.,-106.502143951,5.));
#4391 = DIRECTION('',(1.224646799147E-16,0.,-1.));
#4392 = DIRECTION('',(1.,0.,1.224646799147E-16));
#4393 = PCURVE('',#4394,#4399);
#4394 = PLANE('',#4395);
#4395 = AXIS2_PLACEMENT_3D('',#4396,#4397,#4398);
#4396 = CARTESIAN_POINT('',(-40.,-106.502143951,5.));
#4397 = DIRECTION('',(1.224646799147E-16,0.,-1.));
#4398 = DIRECTION('',(1.,0.,1.224646799147E-16));
#4399 = DEFINITIONAL_REPRESENTATION('',(#4400),#4404);
#4400 = CIRCLE('',#4401,6.);
#4401 = AXIS2_PLACEMENT_2D('',#4402,#4403);
#4402 = CARTESIAN_POINT('',(0.,0.));
#4403 = DIRECTION('',(1.,0.));
#4404 = ( GEOMETRIC_REPRESENTATION_CONTEXT(2) 
PARAMETRIC_REPRESENTATION_CONTEXT() REPRESENTATION_CONTEXT('2D SPACE',''
  ) );
#4405 = PCURVE('',#1980,#4406);
#4406 = DEFINITIONAL_REPRESENTATION('',(#4407),#4411);
#4407 = LINE('',#4408,#4409);
#4408 = CARTESIAN_POINT('',(0.,2.5));
#4409 = VECTOR('',#4410,1.);
#4410 = DIRECTION('',(1.,0.));
#4411 = ( GEOMETRIC_REPRESENTATION_CONTEXT(2) 
PARAMETRIC_REPRESENTATION_CONTEXT() REPRESENTATION_CONTEXT('2D SPACE',''
  ) );
#4412 = FACE_BOUND('',#4413,.T.);
#4413 = EDGE_LOOP('',(#4414));
#4414 = ORIENTED_EDGE('',*,*,#4415,.T.);
#4415 = EDGE_CURVE('',#4416,#4416,#4418,.T.);
#4416 = VERTEX_POINT('',#4417);
#4417 = CARTESIAN_POINT('',(-43.,-106.502143951,5.));
#4418 = SURFACE_CURVE('',#4419,(#4424,#4431),.PCURVE_S1.);
#4419 = CIRCLE('',#4420,3.);
#4420 = AXIS2_PLACEMENT_3D('',#4421,#4422,#4423);
#4421 = CARTESIAN_POINT('',(-40.,-106.502143951,5.));
#4422 = DIRECTION('',(1.224646799147E-16,0.,-1.));
#4423 = DIRECTION('',(1.,0.,1.224646799147E-16));
#4424 = PCURVE('',#4394,#4425);
#4425 = DEFINITIONAL_REPRESENTATION('',(#4426),#4430);
#4426 = CIRCLE('',#4427,3.);
#4427 = AXIS2_PLACEMENT_2D('',#4428,#4429);
#4428 = CARTESIAN_POINT('',(0.,0.));
#4429 = DIRECTION('',(1.,0.));
#4430 = ( GEOMETRIC_REPRESENTATION_CONTEXT(2) 
PARAMETRIC_REPRESENTATION_CONTEXT() REPRESENTATION_CONTEXT('2D SPACE',''
  ) );
#4431 = PCURVE('',#4432,#4437);
#4432 = CYLINDRICAL_SURFACE('',#4433,3.);
#4433 = AXIS2_PLACEMENT_3D('',#4434,#4435,#4436);
#4434 = CARTESIAN_POINT('',(-40.,-106.502143951,2.5));
#4435 = DIRECTION('',(1.224646799147E-16,0.,-1.));
#4436 = DIRECTION('',(1.,0.,1.224646799147E-16));
#4437 = DEFINITIONAL_REPRESENTATION('',(#4438),#4442);
#4438 = LINE('',#4439,#4440);
#4439 = CARTESIAN_POINT('',(0.,-2.5));
#4440 = VECTOR('',#4441,1.);
#4441 = DIRECTION('',(1.,0.));
#4442 = ( GEOMETRIC_REPRESENTATION_CONTEXT(2) 
PARAMETRIC_REPRESENTATION_CONTEXT() REPRESENTATION_CONTEXT('2D SPACE',''
  ) );
#4443 = ADVANCED_FACE('',(#4444),#1980,.F.);
#4444 = FACE_BOUND('',#4445,.F.);
#4445 = EDGE_LOOP('',(#4446,#4467,#4468,#4469));
#4446 = ORIENTED_EDGE('',*,*,#4447,.T.);
#4447 = EDGE_CURVE('',#1960,#4385,#4448,.T.);
#4448 = SEAM_CURVE('',#4449,(#4453,#4460),.PCURVE_S1.);
#4449 = LINE('',#4450,#4451);
#4450 = CARTESIAN_POINT('',(-46.,-106.502143951,7.5));
#4451 = VECTOR('',#4452,1.);
#4452 = DIRECTION('',(1.224646799147E-16,0.,-1.));
#4453 = PCURVE('',#1980,#4454);
#4454 = DEFINITIONAL_REPRESENTATION('',(#4455),#4459);
#4455 = LINE('',#4456,#4457);
#4456 = CARTESIAN_POINT('',(9.424777960769,0.));
#4457 = VECTOR('',#4458,1.);
#4458 = DIRECTION('',(0.,1.));
#4459 = ( GEOMETRIC_REPRESENTATION_CONTEXT(2) 
PARAMETRIC_REPRESENTATION_CONTEXT() REPRESENTATION_CONTEXT('2D SPACE',''
  ) );
#4460 = PCURVE('',#1980,#4461);
#4461 = DEFINITIONAL_REPRESENTATION('',(#4462),#4466);
#4462 = LINE('',#4463,#4464);
#4463 = CARTESIAN_POINT('',(3.14159265359,0.));
#4464 = VECTOR('',#4465,1.);
#4465 = DIRECTION('',(0.,1.));
#4466 = ( GEOMETRIC_REPRESENTATION_CONTEXT(2) 
PARAMETRIC_REPRESENTATION_CONTEXT() REPRESENTATION_CONTEXT('2D SPACE',''
  ) );
#4467 = ORIENTED_EDGE('',*,*,#4384,.F.);
#4468 = ORIENTED_EDGE('',*,*,#4447,.F.);
#4469 = ORIENTED_EDGE('',*,*,#1959,.T.);
#4470 = ADVANCED_FACE('',(#4471),#4432,.F.);
#4471 = FACE_BOUND('',#4472,.F.);
#4472 = EDGE_LOOP('',(#4473,#4496,#4518,#4519));
#4473 = ORIENTED_EDGE('',*,*,#4474,.T.);
#4474 = EDGE_CURVE('',#4416,#4475,#4477,.T.);
#4475 = VERTEX_POINT('',#4476);
#4476 = CARTESIAN_POINT('',(-43.,-106.502143951,1.42108547152E-14));
#4477 = SEAM_CURVE('',#4478,(#4482,#4489),.PCURVE_S1.);
#4478 = LINE('',#4479,#4480);
#4479 = CARTESIAN_POINT('',(-43.,-106.502143951,2.5));
#4480 = VECTOR('',#4481,1.);
#4481 = DIRECTION('',(1.224646799147E-16,0.,-1.));
#4482 = PCURVE('',#4432,#4483);
#4483 = DEFINITIONAL_REPRESENTATION('',(#4484),#4488);
#4484 = LINE('',#4485,#4486);
#4485 = CARTESIAN_POINT('',(9.424777960769,0.));
#4486 = VECTOR('',#4487,1.);
#4487 = DIRECTION('',(0.,1.));
#4488 = ( GEOMETRIC_REPRESENTATION_CONTEXT(2) 
PARAMETRIC_REPRESENTATION_CONTEXT() REPRESENTATION_CONTEXT('2D SPACE',''
  ) );
#4489 = PCURVE('',#4432,#4490);
#4490 = DEFINITIONAL_REPRESENTATION('',(#4491),#4495);
#4491 = LINE('',#4492,#4493);
#4492 = CARTESIAN_POINT('',(3.14159265359,0.));
#4493 = VECTOR('',#4494,1.);
#4494 = DIRECTION('',(0.,1.));
#4495 = ( GEOMETRIC_REPRESENTATION_CONTEXT(2) 
PARAMETRIC_REPRESENTATION_CONTEXT() REPRESENTATION_CONTEXT('2D SPACE',''
  ) );
#4496 = ORIENTED_EDGE('',*,*,#4497,.T.);
#4497 = EDGE_CURVE('',#4475,#4475,#4498,.T.);
#4498 = SURFACE_CURVE('',#4499,(#4504,#4511),.PCURVE_S1.);
#4499 = CIRCLE('',#4500,3.);
#4500 = AXIS2_PLACEMENT_3D('',#4501,#4502,#4503);
#4501 = CARTESIAN_POINT('',(-40.,-106.502143951,1.42108547152E-14));
#4502 = DIRECTION('',(-1.224646799147E-16,0.,1.));
#4503 = DIRECTION('',(1.,0.,1.224646799147E-16));
#4504 = PCURVE('',#4432,#4505);
#4505 = DEFINITIONAL_REPRESENTATION('',(#4506),#4510);
#4506 = LINE('',#4507,#4508);
#4507 = CARTESIAN_POINT('',(12.566370614359,2.5));
#4508 = VECTOR('',#4509,1.);
#4509 = DIRECTION('',(-1.,0.));
#4510 = ( GEOMETRIC_REPRESENTATION_CONTEXT(2) 
PARAMETRIC_REPRESENTATION_CONTEXT() REPRESENTATION_CONTEXT('2D SPACE',''
  ) );
#4511 = PCURVE('',#1037,#4512);
#4512 = DEFINITIONAL_REPRESENTATION('',(#4513),#4517);
#4513 = CIRCLE('',#4514,3.);
#4514 = AXIS2_PLACEMENT_2D('',#4515,#4516);
#4515 = CARTESIAN_POINT('',(-35.,4.95));
#4516 = DIRECTION('',(-1.,0.));
#4517 = ( GEOMETRIC_REPRESENTATION_CONTEXT(2) 
PARAMETRIC_REPRESENTATION_CONTEXT() REPRESENTATION_CONTEXT('2D SPACE',''
  ) );
#4518 = ORIENTED_EDGE('',*,*,#4474,.F.);
#4519 = ORIENTED_EDGE('',*,*,#4415,.T.);
#4520 = ADVANCED_FACE('',(#4521,#4552),#4534,.F.);
#4521 = FACE_BOUND('',#4522,.T.);
#4522 = EDGE_LOOP('',(#4523));
#4523 = ORIENTED_EDGE('',*,*,#4524,.F.);
#4524 = EDGE_CURVE('',#4525,#4525,#4527,.T.);
#4525 = VERTEX_POINT('',#4526);
#4526 = CARTESIAN_POINT('',(-116.,-106.502143951,5.));
#4527 = SURFACE_CURVE('',#4528,(#4533,#4545),.PCURVE_S1.);
#4528 = CIRCLE('',#4529,6.);
#4529 = AXIS2_PLACEMENT_3D('',#4530,#4531,#4532);
#4530 = CARTESIAN_POINT('',(-110.,-106.502143951,5.));
#4531 = DIRECTION('',(1.224646799147E-16,0.,-1.));
#4532 = DIRECTION('',(1.,0.,1.224646799147E-16));
#4533 = PCURVE('',#4534,#4539);
#4534 = PLANE('',#4535);
#4535 = AXIS2_PLACEMENT_3D('',#4536,#4537,#4538);
#4536 = CARTESIAN_POINT('',(-110.,-106.502143951,5.));
#4537 = DIRECTION('',(1.224646799147E-16,0.,-1.));
#4538 = DIRECTION('',(1.,0.,1.224646799147E-16));
#4539 = DEFINITIONAL_REPRESENTATION('',(#4540),#4544);
#4540 = CIRCLE('',#4541,6.);
#4541 = AXIS2_PLACEMENT_2D('',#4542,#4543);
#4542 = CARTESIAN_POINT('',(0.,0.));
#4543 = DIRECTION('',(1.,0.));
#4544 = ( GEOMETRIC_REPRESENTATION_CONTEXT(2) 
PARAMETRIC_REPRESENTATION_CONTEXT() REPRESENTATION_CONTEXT('2D SPACE',''
  ) );
#4545 = PCURVE('',#2064,#4546);
#4546 = DEFINITIONAL_REPRESENTATION('',(#4547),#4551);
#4547 = LINE('',#4548,#4549);
#4548 = CARTESIAN_POINT('',(0.,2.5));
#4549 = VECTOR('',#4550,1.);
#4550 = DIRECTION('',(1.,0.));
#4551 = ( GEOMETRIC_REPRESENTATION_CONTEXT(2) 
PARAMETRIC_REPRESENTATION_CONTEXT() REPRESENTATION_CONTEXT('2D SPACE',''
  ) );
#4552 = FACE_BOUND('',#4553,.T.);
#4553 = EDGE_LOOP('',(#4554));
#4554 = ORIENTED_EDGE('',*,*,#4555,.T.);
#4555 = EDGE_CURVE('',#4556,#4556,#4558,.T.);
#4556 = VERTEX_POINT('',#4557);
#4557 = CARTESIAN_POINT('',(-113.,-106.502143951,5.));
#4558 = SURFACE_CURVE('',#4559,(#4564,#4571),.PCURVE_S1.);
#4559 = CIRCLE('',#4560,3.);
#4560 = AXIS2_PLACEMENT_3D('',#4561,#4562,#4563);
#4561 = CARTESIAN_POINT('',(-110.,-106.502143951,5.));
#4562 = DIRECTION('',(1.224646799147E-16,0.,-1.));
#4563 = DIRECTION('',(1.,0.,1.224646799147E-16));
#4564 = PCURVE('',#4534,#4565);
#4565 = DEFINITIONAL_REPRESENTATION('',(#4566),#4570);
#4566 = CIRCLE('',#4567,3.);
#4567 = AXIS2_PLACEMENT_2D('',#4568,#4569);
#4568 = CARTESIAN_POINT('',(0.,0.));
#4569 = DIRECTION('',(1.,0.));
#4570 = ( GEOMETRIC_REPRESENTATION_CONTEXT(2) 
PARAMETRIC_REPRESENTATION_CONTEXT() REPRESENTATION_CONTEXT('2D SPACE',''
  ) );
#4571 = PCURVE('',#4572,#4577);
#4572 = CYLINDRICAL_SURFACE('',#4573,3.);
#4573 = AXIS2_PLACEMENT_3D('',#4574,#4575,#4576);
#4574 = CARTESIAN_POINT('',(-110.,-106.502143951,2.5));
#4575 = DIRECTION('',(1.224646799147E-16,0.,-1.));
#4576 = DIRECTION('',(1.,0.,1.224646799147E-16));
#4577 = DEFINITIONAL_REPRESENTATION('',(#4578),#4582);
#4578 = LINE('',#4579,#4580);
#4579 = CARTESIAN_POINT('',(0.,-2.5));
#4580 = VECTOR('',#4581,1.);
#4581 = DIRECTION('',(1.,0.));
#4582 = ( GEOMETRIC_REPRESENTATION_CONTEXT(2) 
PARAMETRIC_REPRESENTATION_CONTEXT() REPRESENTATION_CONTEXT('2D SPACE',''
  ) );
#4583 = ADVANCED_FACE('',(#4584),#2064,.F.);
#4584 = FACE_BOUND('',#4585,.F.);
#4585 = EDGE_LOOP('',(#4586,#4607,#4608,#4609));
#4586 = ORIENTED_EDGE('',*,*,#4587,.T.);
#4587 = EDGE_CURVE('',#2044,#4525,#4588,.T.);
#4588 = SEAM_CURVE('',#4589,(#4593,#4600),.PCURVE_S1.);
#4589 = LINE('',#4590,#4591);
#4590 = CARTESIAN_POINT('',(-116.,-106.502143951,7.5));
#4591 = VECTOR('',#4592,1.);
#4592 = DIRECTION('',(1.224646799147E-16,0.,-1.));
#4593 = PCURVE('',#2064,#4594);
#4594 = DEFINITIONAL_REPRESENTATION('',(#4595),#4599);
#4595 = LINE('',#4596,#4597);
#4596 = CARTESIAN_POINT('',(9.424777960769,0.));
#4597 = VECTOR('',#4598,1.);
#4598 = DIRECTION('',(0.,1.));
#4599 = ( GEOMETRIC_REPRESENTATION_CONTEXT(2) 
PARAMETRIC_REPRESENTATION_CONTEXT() REPRESENTATION_CONTEXT('2D SPACE',''
  ) );
#4600 = PCURVE('',#2064,#4601);
#4601 = DEFINITIONAL_REPRESENTATION('',(#4602),#4606);
#4602 = LINE('',#4603,#4604);
#4603 = CARTESIAN_POINT('',(3.14159265359,0.));
#4604 = VECTOR('',#4605,1.);
#4605 = DIRECTION('',(0.,1.));
#4606 = ( GEOMETRIC_REPRESENTATION_CONTEXT(2) 
PARAMETRIC_REPRESENTATION_CONTEXT() REPRESENTATION_CONTEXT('2D SPACE',''
  ) );
#4607 = ORIENTED_EDGE('',*,*,#4524,.F.);
#4608 = ORIENTED_EDGE('',*,*,#4587,.F.);
#4609 = ORIENTED_EDGE('',*,*,#2043,.T.);
#4610 = ADVANCED_FACE('',(#4611),#4572,.F.);
#4611 = FACE_BOUND('',#4612,.F.);
#4612 = EDGE_LOOP('',(#4613,#4636,#4658,#4659));
#4613 = ORIENTED_EDGE('',*,*,#4614,.T.);
#4614 = EDGE_CURVE('',#4556,#4615,#4617,.T.);
#4615 = VERTEX_POINT('',#4616);
#4616 = CARTESIAN_POINT('',(-113.,-106.502143951,0.));
#4617 = SEAM_CURVE('',#4618,(#4622,#4629),.PCURVE_S1.);
#4618 = LINE('',#4619,#4620);
#4619 = CARTESIAN_POINT('',(-113.,-106.502143951,2.5));
#4620 = VECTOR('',#4621,1.);
#4621 = DIRECTION('',(1.224646799147E-16,0.,-1.));
#4622 = PCURVE('',#4572,#4623);
#4623 = DEFINITIONAL_REPRESENTATION('',(#4624),#4628);
#4624 = LINE('',#4625,#4626);
#4625 = CARTESIAN_POINT('',(9.424777960769,0.));
#4626 = VECTOR('',#4627,1.);
#4627 = DIRECTION('',(0.,1.));
#4628 = ( GEOMETRIC_REPRESENTATION_CONTEXT(2) 
PARAMETRIC_REPRESENTATION_CONTEXT() REPRESENTATION_CONTEXT('2D SPACE',''
  ) );
#4629 = PCURVE('',#4572,#4630);
#4630 = DEFINITIONAL_REPRESENTATION('',(#4631),#4635);
#4631 = LINE('',#4632,#4633);
#4632 = CARTESIAN_POINT('',(3.14159265359,0.));
#4633 = VECTOR('',#4634,1.);
#4634 = DIRECTION('',(0.,1.));
#4635 = ( GEOMETRIC_REPRESENTATION_CONTEXT(2) 
PARAMETRIC_REPRESENTATION_CONTEXT() REPRESENTATION_CONTEXT('2D SPACE',''
  ) );
#4636 = ORIENTED_EDGE('',*,*,#4637,.T.);
#4637 = EDGE_CURVE('',#4615,#4615,#4638,.T.);
#4638 = SURFACE_CURVE('',#4639,(#4644,#4651),.PCURVE_S1.);
#4639 = CIRCLE('',#4640,3.);
#4640 = AXIS2_PLACEMENT_3D('',#4641,#4642,#4643);
#4641 = CARTESIAN_POINT('',(-110.,-106.502143951,0.));
#4642 = DIRECTION('',(-1.224646799147E-16,0.,1.));
#4643 = DIRECTION('',(1.,0.,1.224646799147E-16));
#4644 = PCURVE('',#4572,#4645);
#4645 = DEFINITIONAL_REPRESENTATION('',(#4646),#4650);
#4646 = LINE('',#4647,#4648);
#4647 = CARTESIAN_POINT('',(12.566370614359,2.5));
#4648 = VECTOR('',#4649,1.);
#4649 = DIRECTION('',(-1.,0.));
#4650 = ( GEOMETRIC_REPRESENTATION_CONTEXT(2) 
PARAMETRIC_REPRESENTATION_CONTEXT() REPRESENTATION_CONTEXT('2D SPACE',''
  ) );
#4651 = PCURVE('',#1037,#4652);
#4652 = DEFINITIONAL_REPRESENTATION('',(#4653),#4657);
#4653 = CIRCLE('',#4654,3.);
#4654 = AXIS2_PLACEMENT_2D('',#4655,#4656);
#4655 = CARTESIAN_POINT('',(35.,4.95));
#4656 = DIRECTION('',(-1.,0.));
#4657 = ( GEOMETRIC_REPRESENTATION_CONTEXT(2) 
PARAMETRIC_REPRESENTATION_CONTEXT() REPRESENTATION_CONTEXT('2D SPACE',''
  ) );
#4658 = ORIENTED_EDGE('',*,*,#4614,.F.);
#4659 = ORIENTED_EDGE('',*,*,#4555,.T.);
#4660 = ADVANCED_FACE('',(#4661,#4667,#4670),#1037,.F.);
#4661 = FACE_BOUND('',#4662,.T.);
#4662 = EDGE_LOOP('',(#4663,#4664,#4665,#4666));
#4663 = ORIENTED_EDGE('',*,*,#3862,.T.);
#4664 = ORIENTED_EDGE('',*,*,#1021,.F.);
#4665 = ORIENTED_EDGE('',*,*,#2459,.T.);
#4666 = ORIENTED_EDGE('',*,*,#4359,.F.);
#4667 = FACE_BOUND('',#4668,.T.);
#4668 = EDGE_LOOP('',(#4669));
#4669 = ORIENTED_EDGE('',*,*,#4497,.T.);
#4670 = FACE_BOUND('',#4671,.T.);
#4671 = EDGE_LOOP('',(#4672));
#4672 = ORIENTED_EDGE('',*,*,#4637,.T.);
#4673 = ( GEOMETRIC_REPRESENTATION_CONTEXT(3) 
GLOBAL_UNCERTAINTY_ASSIGNED_CONTEXT((#4677)) 
GLOBAL_UNIT_ASSIGNED_CONTEXT((#4674,#4675,#4676)) REPRESENTATION_CONTEXT
('Context #1','3D Context with UNIT and UNCERTAINTY') );
#4674 = ( LENGTH_UNIT() NAMED_UNIT(*) SI_UNIT(.MILLI.,.METRE.) );
#4675 = ( NAMED_UNIT(*) PLANE_ANGLE_UNIT() SI_UNIT($,.RADIAN.) );
#4676 = ( NAMED_UNIT(*) SI_UNIT($,.STERADIAN.) SOLID_ANGLE_UNIT() );
#4677 = UNCERTAINTY_MEASURE_WITH_UNIT(LENGTH_MEASURE(2.E-07),#4674,
  'distance_accuracy_value','confusion accuracy');
#4678 = PRODUCT_RELATED_PRODUCT_CATEGORY('part',$,(#7));
ENDSEC;
END-ISO-10303-21;
