2026-03-26 19:13:11.773 | INFO     | __main__:main:287 - Saving wandb logs to logs_rl/wsdpt_teacher_BTFv8q8_zi_debug/loco_manip/walk_stand_place_grasp_turn_homie_walk_stand_place_grasp_turn_homie-20260326_191306/.wandb
2026-03-26 19:13:11.775 | DEBUG    | asyncio.selector_events:__init__:54 - Using selector: EpollSelector
2026-03-26 19:13:11.790 | DEBUG    | git.cmd:execute:1253 - Popen(['git', 'version'], cwd=/home/ziwang/projects/gr00t-wsg-teleop, stdin=None, shell=False, universal_newlines=False)
2026-03-26 19:13:11.794 | DEBUG    | git.cmd:execute:1253 - Popen(['git', 'version'], cwd=/home/ziwang/projects/gr00t-wsg-teleop, stdin=None, shell=False, universal_newlines=False)
2026-03-26 19:13:11.798 | DEBUG    | git.cmd:execute:1253 - Popen(['git', 'rev-parse', '--show-toplevel'], cwd=/home/ziwang/projects/gr00t-wsg-teleop, stdin=None, shell=False, universal_newlines=False)
2026-03-26 19:13:11.808 | DEBUG    | urllib3.connectionpool:_new_conn:1049 - Starting new HTTPS connection (1): api.wandb.ai:443
2026-03-26 19:13:11.920 | DEBUG    | urllib3.connectionpool:_make_request:544 - https://api.wandb.ai:443 "POST /graphql HTTP/1.1" 200 None
2026-03-26 19:13:12.030 | DEBUG    | urllib3.connectionpool:_make_request:544 - https://api.wandb.ai:443 "POST /graphql HTTP/1.1" 200 None
2026-03-26 19:13:12.075 | DEBUG    | sentry_sdk.scope:set_new_propagation_context:240 - [Tracing] Create new propagation context: {'trace_id': 'e6ca4750ca434e74890e13870af7cee3', 'span_id': '8dec358785253ee2', 'parent_span_id': None, 'dynamic_sampling_context': None}
2026-03-26 19:13:12.289 | DEBUG    | git.cmd:execute:1253 - Popen(['git', 'cat-file', '--batch-check'], cwd=/home/ziwang/projects/gr00t-wsg-teleop, stdin=<valid stream>, shell=False, universal_newlines=False)
2026-03-26 19:13:13.297 | INFO     | groot.rl.utils.helpers:pre_process_config:49 - obs_dims: {'base_lin_vel': 3, 'base_ang_vel': 3, 'projected_gravity': 3, 'actions': 31, 'stage': 5, 'delta_actions': 11, 'dof_pos': 43, 'dof_vel': 43, 'placement_pos': 2, 'table_pelvis_transform': 9, 'hold_fingers_tips_force': 12, 'hold_obj_transform': 9, 'hold_hand_object_transform': 9, 'target_place_pos': 3, 'grasp_fingers_tips_force': 12, 'grasp_obj_transform': 9, 'grasp_hand_object_transform': 9, 'target_lift_pos': 3, 'b_homie_commands': 7, 'e_homie_dof_pos': 29, 'f_homie_dof_vel': 29, 'c_homie_base_ang_vel': 3, 'd_homie_projected_gravity': 3, 'homie_torso_ang_vel': 3, 'homie_torso_projected_gravity': 3, 'g_homie_body_actions': 15}
2026-03-26 19:13:13.311 | INFO     | groot.rl.utils.helpers:pre_process_config:68 - auxiliary_obs_dims: {'history_long': 3285, 'history_short': 219, 'a_history_homie': 430}
2026-03-26 19:13:13.312 | INFO     | groot.rl.utils.helpers:pre_process_config:78 - actor_obs: base_lin_vel has dim: 3
2026-03-26 19:13:13.313 | INFO     | groot.rl.utils.helpers:pre_process_config:78 - actor_obs: base_ang_vel has dim: 3
2026-03-26 19:13:13.314 | INFO     | groot.rl.utils.helpers:pre_process_config:78 - actor_obs: projected_gravity has dim: 3
2026-03-26 19:13:13.314 | INFO     | groot.rl.utils.helpers:pre_process_config:78 - actor_obs: actions has dim: 31
2026-03-26 19:13:13.315 | INFO     | groot.rl.utils.helpers:pre_process_config:78 - actor_obs: stage has dim: 5
2026-03-26 19:13:13.316 | INFO     | groot.rl.utils.helpers:pre_process_config:78 - actor_obs: delta_actions has dim: 11
2026-03-26 19:13:13.317 | INFO     | groot.rl.utils.helpers:pre_process_config:78 - actor_obs: dof_pos has dim: 43
2026-03-26 19:13:13.318 | INFO     | groot.rl.utils.helpers:pre_process_config:78 - actor_obs: dof_vel has dim: 43
2026-03-26 19:13:13.318 | INFO     | groot.rl.utils.helpers:pre_process_config:78 - actor_obs: placement_pos has dim: 2
2026-03-26 19:13:13.319 | INFO     | groot.rl.utils.helpers:pre_process_config:78 - actor_obs: table_pelvis_transform has dim: 9
2026-03-26 19:13:13.320 | INFO     | groot.rl.utils.helpers:pre_process_config:78 - actor_obs: hold_fingers_tips_force has dim: 12
2026-03-26 19:13:13.321 | INFO     | groot.rl.utils.helpers:pre_process_config:78 - actor_obs: hold_obj_transform has dim: 9
2026-03-26 19:13:13.321 | INFO     | groot.rl.utils.helpers:pre_process_config:78 - actor_obs: hold_hand_object_transform has dim: 9
2026-03-26 19:13:13.322 | INFO     | groot.rl.utils.helpers:pre_process_config:78 - actor_obs: target_place_pos has dim: 3
2026-03-26 19:13:13.323 | INFO     | groot.rl.utils.helpers:pre_process_config:78 - actor_obs: grasp_fingers_tips_force has dim: 12
2026-03-26 19:13:13.324 | INFO     | groot.rl.utils.helpers:pre_process_config:78 - actor_obs: grasp_obj_transform has dim: 9
2026-03-26 19:13:13.325 | INFO     | groot.rl.utils.helpers:pre_process_config:78 - actor_obs: grasp_hand_object_transform has dim: 9
2026-03-26 19:13:13.326 | INFO     | groot.rl.utils.helpers:pre_process_config:78 - actor_obs: target_lift_pos has dim: 3
2026-03-26 19:13:13.327 | INFO     | groot.rl.utils.helpers:pre_process_config:78 - actor_obs: b_homie_commands has dim: 7
2026-03-26 19:13:13.329 | INFO     | groot.rl.utils.helpers:pre_process_config:78 - critic_obs: base_lin_vel has dim: 3
2026-03-26 19:13:13.330 | INFO     | groot.rl.utils.helpers:pre_process_config:78 - critic_obs: base_ang_vel has dim: 3
2026-03-26 19:13:13.332 | INFO     | groot.rl.utils.helpers:pre_process_config:78 - critic_obs: projected_gravity has dim: 3
2026-03-26 19:13:13.333 | INFO     | groot.rl.utils.helpers:pre_process_config:78 - critic_obs: actions has dim: 31
2026-03-26 19:13:13.334 | INFO     | groot.rl.utils.helpers:pre_process_config:78 - critic_obs: stage has dim: 5
2026-03-26 19:13:13.335 | INFO     | groot.rl.utils.helpers:pre_process_config:78 - critic_obs: delta_actions has dim: 11
2026-03-26 19:13:13.336 | INFO     | groot.rl.utils.helpers:pre_process_config:78 - critic_obs: dof_pos has dim: 43
2026-03-26 19:13:13.337 | INFO     | groot.rl.utils.helpers:pre_process_config:78 - critic_obs: dof_vel has dim: 43
2026-03-26 19:13:13.338 | INFO     | groot.rl.utils.helpers:pre_process_config:78 - critic_obs: placement_pos has dim: 2
2026-03-26 19:13:13.338 | INFO     | groot.rl.utils.helpers:pre_process_config:78 - critic_obs: table_pelvis_transform has dim: 9
2026-03-26 19:13:13.339 | INFO     | groot.rl.utils.helpers:pre_process_config:78 - critic_obs: hold_fingers_tips_force has dim: 12
2026-03-26 19:13:13.340 | INFO     | groot.rl.utils.helpers:pre_process_config:78 - critic_obs: hold_obj_transform has dim: 9
2026-03-26 19:13:13.341 | INFO     | groot.rl.utils.helpers:pre_process_config:78 - critic_obs: hold_hand_object_transform has dim: 9
2026-03-26 19:13:13.341 | INFO     | groot.rl.utils.helpers:pre_process_config:78 - critic_obs: target_place_pos has dim: 3
2026-03-26 19:13:13.342 | INFO     | groot.rl.utils.helpers:pre_process_config:78 - critic_obs: grasp_fingers_tips_force has dim: 12
2026-03-26 19:13:13.343 | INFO     | groot.rl.utils.helpers:pre_process_config:78 - critic_obs: grasp_obj_transform has dim: 9
2026-03-26 19:13:13.344 | INFO     | groot.rl.utils.helpers:pre_process_config:78 - critic_obs: grasp_hand_object_transform has dim: 9
2026-03-26 19:13:13.344 | INFO     | groot.rl.utils.helpers:pre_process_config:78 - critic_obs: target_lift_pos has dim: 3
2026-03-26 19:13:13.345 | INFO     | groot.rl.utils.helpers:pre_process_config:78 - critic_obs: b_homie_commands has dim: 7
2026-03-26 19:13:13.346 | INFO     | groot.rl.utils.helpers:pre_process_config:81 - homie_obs: a_history_homie has dim: 430
2026-03-26 19:13:13.346 | INFO     | groot.rl.utils.helpers:pre_process_config:78 - homie_obs: b_homie_commands has dim: 7
2026-03-26 19:13:13.347 | INFO     | groot.rl.utils.helpers:pre_process_config:78 - homie_obs: c_homie_base_ang_vel has dim: 3
2026-03-26 19:13:13.348 | INFO     | groot.rl.utils.helpers:pre_process_config:78 - homie_obs: d_homie_projected_gravity has dim: 3
2026-03-26 19:13:13.349 | INFO     | groot.rl.utils.helpers:pre_process_config:78 - homie_obs: e_homie_dof_pos has dim: 29
2026-03-26 19:13:13.350 | INFO     | groot.rl.utils.helpers:pre_process_config:78 - homie_obs: f_homie_dof_vel has dim: 29
2026-03-26 19:13:13.350 | INFO     | groot.rl.utils.helpers:pre_process_config:78 - homie_obs: g_homie_body_actions has dim: 15
2026-03-26 19:13:13.351 | INFO     | groot.rl.utils.helpers:pre_process_config:89 - algo_obs_dim_dict: {'actor_obs': 226, 'critic_obs': 226, 'homie_obs': 516}
2026-03-26 19:13:13.351 | DEBUG    | groot.rl.utils.helpers:pre_process_config:100 - PPO CONFIG
2026-03-26 19:13:13.351 | DEBUG    | groot.rl.utils.helpers:pre_process_config:102 - {'actor': {'input_dim': ['actor_obs'], 'output_dim': ['robot_action_dim'], 'layer_config': {'type': 'MLP', 'hidden_dims': [512, 256, 128], 'activation': 'ELU'}}, 'critic': {'type': 'MLP', 'input_dim': ['critic_obs'], 'output_dim': [1], 'layer_config': {'type': 'MLP', 'hidden_dims': [512, 256, 128], 'activation': 'ELU'}}}
2026-03-26 19:13:13.531 | INFO     | groot.rl.simulator.isaacsim.isaacsim:__init__:173 - [TELEMETRY] Rank 0: Entering IsaacSim.__init__ on device cuda:0
2026-03-26 19:13:13.532 | INFO     | groot.rl.simulator.isaacsim.isaacsim:__init__:176 - [TELEMETRY] Rank 0: CUDA device idx=1, name=NVIDIA RTX 5880 Ada Generation, memory reserved=0.0MB, memory allocated=0.0MB
2026-03-26 19:13:13.549 | INFO     | groot.rl.simulator.isaacsim.isaacsim:__init__:221 - IsaacSim initialized.
2026-03-26 19:13:13.549 | INFO     | groot.rl.simulator.isaacsim.isaacsim:__init__:223 - [INFO]: Base environment:
2026-03-26 19:13:13.550 | INFO     | groot.rl.simulator.isaacsim.isaacsim:__init__:224 - 	Environment device    : cuda:0
2026-03-26 19:13:13.550 | INFO     | groot.rl.simulator.isaacsim.isaacsim:__init__:225 - 	Physics step-size     : 0.005
2026-03-26 19:13:13.550 | INFO     | groot.rl.simulator.isaacsim.isaacsim:__init__:226 - 	Rendering step-size   : 0.005
2026-03-26 19:13:13.550 | WARNING  | groot.rl.simulator.isaacsim.isaacsim:__init__:235 - The render interval (1) is smaller than the decimation (4). Multiple render calls will happen for each environment step.If this is not intended, set the render interval to be equal to the decimation.
2026-03-26 19:13:13.560 | INFO     | groot.rl.simulator.isaacsim.isaacsim:_setup_scene:576 - [TELEMETRY] Rank 0: _setup_scene started
2026-03-26 19:13:13.561 | WARNING  | groot.rl.simulator.isaacsim.isaacsim:_setup_scene:590 - num_position_iterations: 8
2026-03-26 19:13:13.562 | WARNING  | groot.rl.simulator.isaacsim.isaacsim:_setup_scene:591 - num_velocity_iterations: 4
2026-03-26 19:13:13.580 | WARNING  | groot.rl.simulator.isaacsim.isaacsim:_setup_scene:731 - dof_armature_list [0.01017752004, 0.025101925, 0.01017752004, 0.025101925, 0.00721945, 0.00721945, 0.01017752004, 0.025101925, 0.01017752004, 0.025101925, 0.00721945, 0.00721945, 0.01017752004, 0.00721945, 0.00721945, 0.003609725, 0.003609725, 0.003609725, 0.003609725, 0.003609725, 0.00425, 0.00425, 0.01, 0.01, 0.01, 0.01, 0.01, 0.01, 0.01, 0.003609725, 0.003609725, 0.003609725, 0.003609725, 0.003609725, 0.00425, 0.00425, 0.01, 0.01, 0.01, 0.01, 0.01, 0.01, 0.01]
2026-03-26 19:13:13.580 | WARNING  | groot.rl.simulator.isaacsim.isaacsim:_setup_scene:732 - dof_joint_friction_list [0.0, 0.0, 0.0, 0.0, 0.0, 0.0, 0.0, 0.0, 0.0, 0.0, 0.0, 0.0, 0.0, 0.0, 0.0, 0.0, 0.0, 0.0, 0.0, 0.0, 0.0, 0.0, 0.0, 0.0, 0.0, 0.0, 0.0, 0.0, 0.0, 0.0, 0.0, 0.0, 0.0, 0.0, 0.0, 0.0, 0.0, 0.0, 0.0, 0.0, 0.0, 0.0, 0.0]
2026-03-26 19:13:13.839 | INFO     | groot.rl.simulator.isaacsim.isaacsim:_setup_scene:863 - camera_types: ['rgb']
2026-03-26 19:13:14.734 | DEBUG    | omni.graph.tools._impl.autonode_generator.ogn_types:_define_data_type_annotation:51 - Defining data type 'any' as 'Any'
2026-03-26 19:13:14.734 | DEBUG    | omni.graph.tools._impl.autonode_generator.ogn_types:_define_data_type_annotation:51 - Defining data type 'bool' as 'Bool' and array 'BoolArray
2026-03-26 19:13:14.734 | DEBUG    | omni.graph.tools._impl.autonode_generator.ogn_types:_define_data_type_annotation:51 - Defining data type 'bundle' as 'Bundle'
2026-03-26 19:13:14.734 | DEBUG    | omni.graph.tools._impl.autonode_generator.ogn_types:_define_data_type_annotation:51 - Defining data type 'colord[3]' as 'Color3d' and array 'Color3dArray
2026-03-26 19:13:14.734 | DEBUG    | omni.graph.tools._impl.autonode_generator.ogn_types:_define_data_type_annotation:51 - Defining data type 'colorf[3]' as 'Color3f' and array 'Color3fArray
2026-03-26 19:13:14.734 | DEBUG    | omni.graph.tools._impl.autonode_generator.ogn_types:_define_data_type_annotation:51 - Defining data type 'colorh[3]' as 'Color3h' and array 'Color3hArray
2026-03-26 19:13:14.734 | DEBUG    | omni.graph.tools._impl.autonode_generator.ogn_types:_define_data_type_annotation:51 - Defining data type 'colord[4]' as 'Color4d' and array 'Color4dArray
2026-03-26 19:13:14.734 | DEBUG    | omni.graph.tools._impl.autonode_generator.ogn_types:_define_data_type_annotation:51 - Defining data type 'colorf[4]' as 'Color4f' and array 'Color4fArray
2026-03-26 19:13:14.734 | DEBUG    | omni.graph.tools._impl.autonode_generator.ogn_types:_define_data_type_annotation:51 - Defining data type 'colorh[4]' as 'Color4h' and array 'Color4hArray
2026-03-26 19:13:14.735 | DEBUG    | omni.graph.tools._impl.autonode_generator.ogn_types:_define_data_type_annotation:51 - Defining data type 'double' as 'Double' and array 'DoubleArray
2026-03-26 19:13:14.735 | DEBUG    | omni.graph.tools._impl.autonode_generator.ogn_types:_define_data_type_annotation:51 - Defining data type 'double[2]' as 'Double2' and array 'Double2Array
2026-03-26 19:13:14.735 | DEBUG    | omni.graph.tools._impl.autonode_generator.ogn_types:_define_data_type_annotation:51 - Defining data type 'double[3]' as 'Double3' and array 'Double3Array
2026-03-26 19:13:14.735 | DEBUG    | omni.graph.tools._impl.autonode_generator.ogn_types:_define_data_type_annotation:51 - Defining data type 'double[4]' as 'Double4' and array 'Double4Array
2026-03-26 19:13:14.735 | DEBUG    | omni.graph.tools._impl.autonode_generator.ogn_types:_define_data_type_annotation:51 - Defining data type 'execution' as 'Execution'
2026-03-26 19:13:14.735 | DEBUG    | omni.graph.tools._impl.autonode_generator.ogn_types:_define_data_type_annotation:51 - Defining data type 'float' as 'Float' and array 'FloatArray
2026-03-26 19:13:14.735 | DEBUG    | omni.graph.tools._impl.autonode_generator.ogn_types:_define_data_type_annotation:51 - Defining data type 'float[2]' as 'Float2' and array 'Float2Array
2026-03-26 19:13:14.735 | DEBUG    | omni.graph.tools._impl.autonode_generator.ogn_types:_define_data_type_annotation:51 - Defining data type 'float[3]' as 'Float3' and array 'Float3Array
2026-03-26 19:13:14.735 | DEBUG    | omni.graph.tools._impl.autonode_generator.ogn_types:_define_data_type_annotation:51 - Defining data type 'float[4]' as 'Float4' and array 'Float4Array
2026-03-26 19:13:14.735 | DEBUG    | omni.graph.tools._impl.autonode_generator.ogn_types:_define_data_type_annotation:51 - Defining data type 'frame[4]' as 'Frame' and array 'FrameArray
2026-03-26 19:13:14.735 | DEBUG    | omni.graph.tools._impl.autonode_generator.ogn_types:_define_data_type_annotation:51 - Defining data type 'half' as 'Half' and array 'HalfArray
2026-03-26 19:13:14.735 | DEBUG    | omni.graph.tools._impl.autonode_generator.ogn_types:_define_data_type_annotation:51 - Defining data type 'half[2]' as 'Half2' and array 'Half2Array
2026-03-26 19:13:14.736 | DEBUG    | omni.graph.tools._impl.autonode_generator.ogn_types:_define_data_type_annotation:51 - Defining data type 'half[3]' as 'Half3' and array 'Half3Array
2026-03-26 19:13:14.736 | DEBUG    | omni.graph.tools._impl.autonode_generator.ogn_types:_define_data_type_annotation:51 - Defining data type 'half[4]' as 'Half4' and array 'Half4Array
2026-03-26 19:13:14.736 | DEBUG    | omni.graph.tools._impl.autonode_generator.ogn_types:_define_data_type_annotation:51 - Defining data type 'int' as 'Int' and array 'IntArray
2026-03-26 19:13:14.736 | DEBUG    | omni.graph.tools._impl.autonode_generator.ogn_types:_define_data_type_annotation:51 - Defining data type 'int[2]' as 'Int2' and array 'Int2Array
2026-03-26 19:13:14.736 | DEBUG    | omni.graph.tools._impl.autonode_generator.ogn_types:_define_data_type_annotation:51 - Defining data type 'int[3]' as 'Int3' and array 'Int3Array
2026-03-26 19:13:14.736 | DEBUG    | omni.graph.tools._impl.autonode_generator.ogn_types:_define_data_type_annotation:51 - Defining data type 'int[4]' as 'Int4' and array 'Int4Array
2026-03-26 19:13:14.736 | DEBUG    | omni.graph.tools._impl.autonode_generator.ogn_types:_define_data_type_annotation:51 - Defining data type 'int64' as 'Int64' and array 'Int64Array
2026-03-26 19:13:14.736 | DEBUG    | omni.graph.tools._impl.autonode_generator.ogn_types:_define_data_type_annotation:51 - Defining data type 'matrixd[2]' as 'Matrix2d' and array 'Matrix2dArray
2026-03-26 19:13:14.736 | DEBUG    | omni.graph.tools._impl.autonode_generator.ogn_types:_define_data_type_annotation:51 - Defining data type 'matrixd[3]' as 'Matrix3d' and array 'Matrix3dArray
2026-03-26 19:13:14.736 | DEBUG    | omni.graph.tools._impl.autonode_generator.ogn_types:_define_data_type_annotation:51 - Defining data type 'matrixd[4]' as 'Matrix4d' and array 'Matrix4dArray
2026-03-26 19:13:14.736 | DEBUG    | omni.graph.tools._impl.autonode_generator.ogn_types:_define_data_type_annotation:51 - Defining data type 'normald[3]' as 'Normal3d' and array 'Normal3dArray
2026-03-26 19:13:14.736 | DEBUG    | omni.graph.tools._impl.autonode_generator.ogn_types:_define_data_type_annotation:51 - Defining data type 'normalf[3]' as 'Normal3f' and array 'Normal3fArray
2026-03-26 19:13:14.736 | DEBUG    | omni.graph.tools._impl.autonode_generator.ogn_types:_define_data_type_annotation:51 - Defining data type 'normalh[3]' as 'Normal3h' and array 'Normal3hArray
2026-03-26 19:13:14.737 | DEBUG    | omni.graph.tools._impl.autonode_generator.ogn_types:_define_data_type_annotation:51 - Defining data type 'objectId' as 'ObjectId' and array 'ObjectIdArray
2026-03-26 19:13:14.737 | DEBUG    | omni.graph.tools._impl.autonode_generator.ogn_types:_define_data_type_annotation:51 - Defining data type 'path' as 'Path'
2026-03-26 19:13:14.737 | DEBUG    | omni.graph.tools._impl.autonode_generator.ogn_types:_define_data_type_annotation:51 - Defining data type 'pointd[3]' as 'Point3d' and array 'Point3dArray
2026-03-26 19:13:14.737 | DEBUG    | omni.graph.tools._impl.autonode_generator.ogn_types:_define_data_type_annotation:51 - Defining data type 'pointf[3]' as 'Point3f' and array 'Point3fArray
2026-03-26 19:13:14.737 | DEBUG    | omni.graph.tools._impl.autonode_generator.ogn_types:_define_data_type_annotation:51 - Defining data type 'pointh[3]' as 'Point3h' and array 'Point3hArray
2026-03-26 19:13:14.737 | DEBUG    | omni.graph.tools._impl.autonode_generator.ogn_types:_define_data_type_annotation:51 - Defining data type 'quatd[4]' as 'Quatd' and array 'QuatdArray
2026-03-26 19:13:14.737 | DEBUG    | omni.graph.tools._impl.autonode_generator.ogn_types:_define_data_type_annotation:51 - Defining data type 'quatf[4]' as 'Quatf' and array 'QuatfArray
2026-03-26 19:13:14.737 | DEBUG    | omni.graph.tools._impl.autonode_generator.ogn_types:_define_data_type_annotation:51 - Defining data type 'quath[4]' as 'Quath' and array 'QuathArray
2026-03-26 19:13:14.737 | DEBUG    | omni.graph.tools._impl.autonode_generator.ogn_types:_define_data_type_annotation:51 - Defining data type 'string' as 'String'
2026-03-26 19:13:14.737 | DEBUG    | omni.graph.tools._impl.autonode_generator.ogn_types:_define_data_type_annotation:51 - Defining data type 'target' as 'Target'
2026-03-26 19:13:14.737 | DEBUG    | omni.graph.tools._impl.autonode_generator.ogn_types:_define_data_type_annotation:51 - Defining data type 'texcoordd[2]' as 'TexCoord2d' and array 'TexCoord2dArray
2026-03-26 19:13:14.737 | DEBUG    | omni.graph.tools._impl.autonode_generator.ogn_types:_define_data_type_annotation:51 - Defining data type 'texcoordf[2]' as 'TexCoord2f' and array 'TexCoord2fArray
2026-03-26 19:13:14.738 | DEBUG    | omni.graph.tools._impl.autonode_generator.ogn_types:_define_data_type_annotation:51 - Defining data type 'texcoordh[2]' as 'TexCoord2h' and array 'TexCoord2hArray
2026-03-26 19:13:14.738 | DEBUG    | omni.graph.tools._impl.autonode_generator.ogn_types:_define_data_type_annotation:51 - Defining data type 'texcoordd[3]' as 'TexCoord3d' and array 'TexCoord3dArray
2026-03-26 19:13:14.738 | DEBUG    | omni.graph.tools._impl.autonode_generator.ogn_types:_define_data_type_annotation:51 - Defining data type 'texcoordf[3]' as 'TexCoord3f' and array 'TexCoord3fArray
2026-03-26 19:13:14.738 | DEBUG    | omni.graph.tools._impl.autonode_generator.ogn_types:_define_data_type_annotation:51 - Defining data type 'texcoordh[3]' as 'TexCoord3h' and array 'TexCoord3hArray
2026-03-26 19:13:14.738 | DEBUG    | omni.graph.tools._impl.autonode_generator.ogn_types:_define_data_type_annotation:51 - Defining data type 'timecode' as 'Timecode' and array 'TimecodeArray
2026-03-26 19:13:14.738 | DEBUG    | omni.graph.tools._impl.autonode_generator.ogn_types:_define_data_type_annotation:51 - Defining data type 'token' as 'Token' and array 'TokenArray
2026-03-26 19:13:14.738 | DEBUG    | omni.graph.tools._impl.autonode_generator.ogn_types:_define_data_type_annotation:51 - Defining data type 'uchar' as 'UChar' and array 'UCharArray
2026-03-26 19:13:14.738 | DEBUG    | omni.graph.tools._impl.autonode_generator.ogn_types:_define_data_type_annotation:51 - Defining data type 'uint' as 'UInt' and array 'UIntArray
2026-03-26 19:13:14.738 | DEBUG    | omni.graph.tools._impl.autonode_generator.ogn_types:_define_data_type_annotation:51 - Defining data type 'uint64' as 'UInt64' and array 'UInt64Array
2026-03-26 19:13:14.738 | DEBUG    | omni.graph.tools._impl.autonode_generator.ogn_types:_define_data_type_annotation:51 - Defining data type 'vectord[3]' as 'Vector3d' and array 'Vector3dArray
2026-03-26 19:13:14.738 | DEBUG    | omni.graph.tools._impl.autonode_generator.ogn_types:_define_data_type_annotation:51 - Defining data type 'vectorf[3]' as 'Vector3f' and array 'Vector3fArray
2026-03-26 19:13:14.738 | DEBUG    | omni.graph.tools._impl.autonode_generator.ogn_types:_define_data_type_annotation:51 - Defining data type 'vectorh[3]' as 'Vector3h' and array 'Vector3hArray
2026-03-26 19:13:14.916 | DEBUG    | asyncio.selector_events:__init__:54 - Using selector: EpollSelector
2026-03-26 19:13:15.252 | DEBUG    | asyncio.selector_events:__init__:54 - Using selector: EpollSelector
2026-03-26 19:13:15.275 | DEBUG    | asyncio.selector_events:__init__:54 - Using selector: EpollSelector
2026-03-26 19:13:15.291 | DEBUG    | asyncio.selector_events:__init__:54 - Using selector: EpollSelector
2026-03-26 19:13:15.312 | DEBUG    | asyncio.selector_events:__init__:54 - Using selector: EpollSelector
2026-03-26 19:13:15.334 | DEBUG    | asyncio.selector_events:__init__:54 - Using selector: EpollSelector
2026-03-26 19:13:15.350 | DEBUG    | asyncio.selector_events:__init__:54 - Using selector: EpollSelector
2026-03-26 19:13:15.375 | DEBUG    | asyncio.selector_events:__init__:54 - Using selector: EpollSelector
2026-03-26 19:13:15.389 | DEBUG    | asyncio.selector_events:__init__:54 - Using selector: EpollSelector
2026-03-26 19:13:15.409 | DEBUG    | asyncio.selector_events:__init__:54 - Using selector: EpollSelector
2026-03-26 19:13:15.429 | DEBUG    | asyncio.selector_events:__init__:54 - Using selector: EpollSelector
2026-03-26 19:13:15.450 | DEBUG    | asyncio.selector_events:__init__:54 - Using selector: EpollSelector
2026-03-26 19:13:15.468 | DEBUG    | asyncio.selector_events:__init__:54 - Using selector: EpollSelector
2026-03-26 19:13:15.488 | DEBUG    | asyncio.selector_events:__init__:54 - Using selector: EpollSelector
2026-03-26 19:13:15.511 | DEBUG    | asyncio.selector_events:__init__:54 - Using selector: EpollSelector
2026-03-26 19:13:15.534 | DEBUG    | asyncio.selector_events:__init__:54 - Using selector: EpollSelector
2026-03-26 19:13:15.552 | DEBUG    | asyncio.selector_events:__init__:54 - Using selector: EpollSelector
2026-03-26 19:13:15.576 | DEBUG    | asyncio.selector_events:__init__:54 - Using selector: EpollSelector
2026-03-26 19:13:15.598 | DEBUG    | asyncio.selector_events:__init__:54 - Using selector: EpollSelector
2026-03-26 19:13:15.619 | DEBUG    | asyncio.selector_events:__init__:54 - Using selector: EpollSelector
2026-03-26 19:13:15.643 | DEBUG    | asyncio.selector_events:__init__:54 - Using selector: EpollSelector
2026-03-26 19:13:15.703 | DEBUG    | asyncio.selector_events:__init__:54 - Using selector: EpollSelector
2026-03-26 19:13:15.725 | DEBUG    | asyncio.selector_events:__init__:54 - Using selector: EpollSelector
2026-03-26 19:13:15.749 | DEBUG    | asyncio.selector_events:__init__:54 - Using selector: EpollSelector
2026-03-26 19:13:15.766 | DEBUG    | asyncio.selector_events:__init__:54 - Using selector: EpollSelector
2026-03-26 19:13:15.794 | DEBUG    | asyncio.selector_events:__init__:54 - Using selector: EpollSelector
2026-03-26 19:13:15.817 | DEBUG    | asyncio.selector_events:__init__:54 - Using selector: EpollSelector
2026-03-26 19:13:15.840 | DEBUG    | asyncio.selector_events:__init__:54 - Using selector: EpollSelector
2026-03-26 19:13:15.901 | DEBUG    | asyncio.selector_events:__init__:54 - Using selector: EpollSelector
2026-03-26 19:13:15.924 | DEBUG    | asyncio.selector_events:__init__:54 - Using selector: EpollSelector
2026-03-26 19:13:15.945 | DEBUG    | asyncio.selector_events:__init__:54 - Using selector: EpollSelector
2026-03-26 19:13:15.966 | DEBUG    | asyncio.selector_events:__init__:54 - Using selector: EpollSelector
2026-03-26 19:13:15.984 | DEBUG    | asyncio.selector_events:__init__:54 - Using selector: EpollSelector
2026-03-26 19:13:16.002 | DEBUG    | asyncio.selector_events:__init__:54 - Using selector: EpollSelector
2026-03-26 19:13:16.055 | DEBUG    | asyncio.selector_events:__init__:54 - Using selector: EpollSelector
2026-03-26 19:13:16.071 | DEBUG    | asyncio.selector_events:__init__:54 - Using selector: EpollSelector
2026-03-26 19:13:16.089 | DEBUG    | asyncio.selector_events:__init__:54 - Using selector: EpollSelector
2026-03-26 19:13:16.109 | DEBUG    | asyncio.selector_events:__init__:54 - Using selector: EpollSelector
2026-03-26 19:13:16.127 | DEBUG    | asyncio.selector_events:__init__:54 - Using selector: EpollSelector
2026-03-26 19:13:16.146 | DEBUG    | asyncio.selector_events:__init__:54 - Using selector: EpollSelector
2026-03-26 19:13:16.162 | DEBUG    | asyncio.selector_events:__init__:54 - Using selector: EpollSelector
2026-03-26 19:13:16.180 | DEBUG    | asyncio.selector_events:__init__:54 - Using selector: EpollSelector
2026-03-26 19:13:16.199 | DEBUG    | asyncio.selector_events:__init__:54 - Using selector: EpollSelector
2026-03-26 19:13:16.218 | DEBUG    | asyncio.selector_events:__init__:54 - Using selector: EpollSelector
2026-03-26 19:13:16.238 | DEBUG    | asyncio.selector_events:__init__:54 - Using selector: EpollSelector
2026-03-26 19:13:16.261 | DEBUG    | asyncio.selector_events:__init__:54 - Using selector: EpollSelector
2026-03-26 19:13:16.282 | DEBUG    | asyncio.selector_events:__init__:54 - Using selector: EpollSelector
2026-03-26 19:13:16.299 | DEBUG    | asyncio.selector_events:__init__:54 - Using selector: EpollSelector
2026-03-26 19:13:16.316 | DEBUG    | asyncio.selector_events:__init__:54 - Using selector: EpollSelector
2026-03-26 19:13:16.333 | DEBUG    | asyncio.selector_events:__init__:54 - Using selector: EpollSelector
2026-03-26 19:13:16.356 | DEBUG    | asyncio.selector_events:__init__:54 - Using selector: EpollSelector
2026-03-26 19:13:16.373 | DEBUG    | asyncio.selector_events:__init__:54 - Using selector: EpollSelector
2026-03-26 19:13:16.397 | DEBUG    | asyncio.selector_events:__init__:54 - Using selector: EpollSelector
2026-03-26 19:13:16.424 | DEBUG    | asyncio.selector_events:__init__:54 - Using selector: EpollSelector
2026-03-26 19:13:16.450 | DEBUG    | asyncio.selector_events:__init__:54 - Using selector: EpollSelector
2026-03-26 19:13:16.472 | DEBUG    | asyncio.selector_events:__init__:54 - Using selector: EpollSelector
2026-03-26 19:13:16.502 | DEBUG    | asyncio.selector_events:__init__:54 - Using selector: EpollSelector
2026-03-26 19:13:16.525 | INFO     | walk_stand_place_grasp_turn_homie:_init_usd_path_list:148 - Found 1 USD files in /home/ziwang/projects/gr00t-wsg-teleop/groot/rl/data/objects/grab
2026-03-26 19:13:16.525 | INFO     | walk_stand_place_grasp_turn_homie:_init_usd_path_list:149 - Object classes: ['bottle']
2026-03-26 19:13:16.525 | INFO     | walk_stand_place_grasp_turn_homie:_init_usd_path_list:150 - USD_PATH_LIST: 
2026-03-26 19:13:16.665 | INFO     | groot.rl.simulator.isaacsim.isaacsim:_setup_scene:1029 - Object class distribution across 144 environments:
2026-03-26 19:13:16.665 | INFO     | groot.rl.simulator.isaacsim.isaacsim:_setup_scene:1031 -   bottle: 144 environments (100.0%)
2026-03-26 19:13:33.660 | WARNING  | groot.rl.simulator.isaacsim.isaacsim:_setup_scene:1212 - Failed to get table top positions with RigidPrim method: 'IsaacSim' object has no attribute 'get_all_table_top_positions'
2026-03-26 19:13:33.661 | INFO     | groot.rl.simulator.isaacsim.isaacsim:_setup_scene:1216 - Successfully retrieved table top positions using USD method for 48 environments
2026-03-26 19:13:33.686 | INFO     | groot.rl.simulator.isaacsim.isaacsim:_setup_scene:1309 - [TELEMETRY] Rank 0: _setup_scene completed all assets and sensors initialization
2026-03-26 19:13:33.686 | INFO     | groot.rl.simulator.isaacsim.isaacsim:__init__:256 - Starting the simulation. This may take a few seconds. Please wait...
2026-03-26 19:13:35.418 | INFO     | groot.rl.simulator.isaacsim.isaacsim:__init__:550 - Completed setting up the environment...
2026-03-26 19:13:35.418 | INFO     | groot.rl.simulator.isaacsim.isaacsim:__init__:553 - [TELEMETRY] Rank 0: _setup_scene finished
2026-03-26 19:13:35.662 | INFO     | groot.rl.simulator.isaacsim.isaacsim:__init__:559 - Material randomization memory optimization completed
2026-03-26 19:13:35.695 | WARNING  | groot.rl.simulator.isaacsim.isaacsim:load_assets:1394 - The order of the joint_names in the robot_config does not match the order of the joint_ids in IsaacSim.
2026-03-26 19:13:35.935 | DEBUG    | groot.rl.envs.legged_base_task.legged_robot_base:_init_buffers:129 - PD gain of joint left_hip_pitch_joint were defined, setting them to 150.0 and 2.0
2026-03-26 19:13:35.936 | DEBUG    | groot.rl.envs.legged_base_task.legged_robot_base:_init_buffers:129 - PD gain of joint left_hip_roll_joint were defined, setting them to 150.0 and 2.0
2026-03-26 19:13:35.936 | DEBUG    | groot.rl.envs.legged_base_task.legged_robot_base:_init_buffers:129 - PD gain of joint left_hip_yaw_joint were defined, setting them to 150.0 and 2.0
2026-03-26 19:13:35.937 | DEBUG    | groot.rl.envs.legged_base_task.legged_robot_base:_init_buffers:129 - PD gain of joint left_knee_joint were defined, setting them to 200.0 and 4.0
2026-03-26 19:13:35.938 | DEBUG    | groot.rl.envs.legged_base_task.legged_robot_base:_init_buffers:129 - PD gain of joint left_ankle_pitch_joint were defined, setting them to 40.0 and 2.0
2026-03-26 19:13:35.939 | DEBUG    | groot.rl.envs.legged_base_task.legged_robot_base:_init_buffers:129 - PD gain of joint left_ankle_roll_joint were defined, setting them to 40.0 and 2.0
2026-03-26 19:13:35.939 | DEBUG    | groot.rl.envs.legged_base_task.legged_robot_base:_init_buffers:129 - PD gain of joint right_hip_pitch_joint were defined, setting them to 150.0 and 2.0
2026-03-26 19:13:35.940 | DEBUG    | groot.rl.envs.legged_base_task.legged_robot_base:_init_buffers:129 - PD gain of joint right_hip_roll_joint were defined, setting them to 150.0 and 2.0
2026-03-26 19:13:35.941 | DEBUG    | groot.rl.envs.legged_base_task.legged_robot_base:_init_buffers:129 - PD gain of joint right_hip_yaw_joint were defined, setting them to 150.0 and 2.0
2026-03-26 19:13:35.941 | DEBUG    | groot.rl.envs.legged_base_task.legged_robot_base:_init_buffers:129 - PD gain of joint right_knee_joint were defined, setting them to 200.0 and 4.0
2026-03-26 19:13:35.942 | DEBUG    | groot.rl.envs.legged_base_task.legged_robot_base:_init_buffers:129 - PD gain of joint right_ankle_pitch_joint were defined, setting them to 40.0 and 2.0
2026-03-26 19:13:35.943 | DEBUG    | groot.rl.envs.legged_base_task.legged_robot_base:_init_buffers:129 - PD gain of joint right_ankle_roll_joint were defined, setting them to 40.0 and 2.0
2026-03-26 19:13:35.944 | DEBUG    | groot.rl.envs.legged_base_task.legged_robot_base:_init_buffers:129 - PD gain of joint waist_yaw_joint were defined, setting them to 250.0 and 5.0
2026-03-26 19:13:35.944 | DEBUG    | groot.rl.envs.legged_base_task.legged_robot_base:_init_buffers:129 - PD gain of joint waist_roll_joint were defined, setting them to 250.0 and 5.0
2026-03-26 19:13:35.945 | DEBUG    | groot.rl.envs.legged_base_task.legged_robot_base:_init_buffers:129 - PD gain of joint waist_pitch_joint were defined, setting them to 250.0 and 5.0
2026-03-26 19:13:35.946 | DEBUG    | groot.rl.envs.legged_base_task.legged_robot_base:_init_buffers:129 - PD gain of joint left_shoulder_pitch_joint were defined, setting them to 100.0 and 5.0
2026-03-26 19:13:35.947 | DEBUG    | groot.rl.envs.legged_base_task.legged_robot_base:_init_buffers:129 - PD gain of joint left_shoulder_roll_joint were defined, setting them to 100.0 and 5.0
2026-03-26 19:13:35.948 | DEBUG    | groot.rl.envs.legged_base_task.legged_robot_base:_init_buffers:129 - PD gain of joint left_shoulder_yaw_joint were defined, setting them to 40.0 and 2.0
2026-03-26 19:13:35.948 | DEBUG    | groot.rl.envs.legged_base_task.legged_robot_base:_init_buffers:129 - PD gain of joint left_elbow_joint were defined, setting them to 40.0 and 2.0
2026-03-26 19:13:35.949 | DEBUG    | groot.rl.envs.legged_base_task.legged_robot_base:_init_buffers:129 - PD gain of joint left_wrist_roll_joint were defined, setting them to 20.0 and 2.0
2026-03-26 19:13:35.950 | DEBUG    | groot.rl.envs.legged_base_task.legged_robot_base:_init_buffers:129 - PD gain of joint left_wrist_pitch_joint were defined, setting them to 20.0 and 2.0
2026-03-26 19:13:35.950 | DEBUG    | groot.rl.envs.legged_base_task.legged_robot_base:_init_buffers:129 - PD gain of joint left_wrist_yaw_joint were defined, setting them to 20.0 and 2.0
2026-03-26 19:13:35.951 | DEBUG    | groot.rl.envs.legged_base_task.legged_robot_base:_init_buffers:129 - PD gain of joint right_shoulder_pitch_joint were defined, setting them to 100.0 and 5.0
2026-03-26 19:13:35.952 | DEBUG    | groot.rl.envs.legged_base_task.legged_robot_base:_init_buffers:129 - PD gain of joint right_shoulder_roll_joint were defined, setting them to 100.0 and 5.0
2026-03-26 19:13:35.952 | DEBUG    | groot.rl.envs.legged_base_task.legged_robot_base:_init_buffers:129 - PD gain of joint right_shoulder_yaw_joint were defined, setting them to 40.0 and 2.0
2026-03-26 19:13:35.953 | DEBUG    | groot.rl.envs.legged_base_task.legged_robot_base:_init_buffers:129 - PD gain of joint right_elbow_joint were defined, setting them to 40.0 and 2.0
2026-03-26 19:13:35.954 | DEBUG    | groot.rl.envs.legged_base_task.legged_robot_base:_init_buffers:129 - PD gain of joint right_wrist_roll_joint were defined, setting them to 20.0 and 2.0
2026-03-26 19:13:35.954 | DEBUG    | groot.rl.envs.legged_base_task.legged_robot_base:_init_buffers:129 - PD gain of joint right_wrist_pitch_joint were defined, setting them to 20.0 and 2.0
2026-03-26 19:13:35.955 | DEBUG    | groot.rl.envs.legged_base_task.legged_robot_base:_init_buffers:129 - PD gain of joint right_wrist_yaw_joint were defined, setting them to 20.0 and 2.0
2026-03-26 19:13:35.956 | DEBUG    | groot.rl.envs.legged_base_task.legged_robot_base:_init_buffers:129 - PD gain of joint left_hand_index_0_joint were defined, setting them to 0.5 and 0.10000000149011612
2026-03-26 19:13:35.956 | DEBUG    | groot.rl.envs.legged_base_task.legged_robot_base:_init_buffers:129 - PD gain of joint left_hand_middle_0_joint were defined, setting them to 0.5 and 0.10000000149011612
2026-03-26 19:13:35.957 | DEBUG    | groot.rl.envs.legged_base_task.legged_robot_base:_init_buffers:129 - PD gain of joint left_hand_thumb_0_joint were defined, setting them to 2.0 and 0.10000000149011612
2026-03-26 19:13:35.958 | DEBUG    | groot.rl.envs.legged_base_task.legged_robot_base:_init_buffers:129 - PD gain of joint right_hand_index_0_joint were defined, setting them to 0.5 and 0.10000000149011612
2026-03-26 19:13:35.958 | DEBUG    | groot.rl.envs.legged_base_task.legged_robot_base:_init_buffers:129 - PD gain of joint right_hand_middle_0_joint were defined, setting them to 0.5 and 0.10000000149011612
2026-03-26 19:13:35.959 | DEBUG    | groot.rl.envs.legged_base_task.legged_robot_base:_init_buffers:129 - PD gain of joint right_hand_thumb_0_joint were defined, setting them to 2.0 and 0.10000000149011612
2026-03-26 19:13:35.960 | DEBUG    | groot.rl.envs.legged_base_task.legged_robot_base:_init_buffers:129 - PD gain of joint left_hand_index_1_joint were defined, setting them to 0.5 and 0.10000000149011612
2026-03-26 19:13:35.961 | DEBUG    | groot.rl.envs.legged_base_task.legged_robot_base:_init_buffers:129 - PD gain of joint left_hand_middle_1_joint were defined, setting them to 0.5 and 0.10000000149011612
2026-03-26 19:13:35.962 | DEBUG    | groot.rl.envs.legged_base_task.legged_robot_base:_init_buffers:129 - PD gain of joint left_hand_thumb_1_joint were defined, setting them to 0.5 and 0.10000000149011612
2026-03-26 19:13:35.963 | DEBUG    | groot.rl.envs.legged_base_task.legged_robot_base:_init_buffers:129 - PD gain of joint right_hand_index_1_joint were defined, setting them to 0.5 and 0.10000000149011612
2026-03-26 19:13:35.963 | DEBUG    | groot.rl.envs.legged_base_task.legged_robot_base:_init_buffers:129 - PD gain of joint right_hand_middle_1_joint were defined, setting them to 0.5 and 0.10000000149011612
2026-03-26 19:13:35.964 | DEBUG    | groot.rl.envs.legged_base_task.legged_robot_base:_init_buffers:129 - PD gain of joint right_hand_thumb_1_joint were defined, setting them to 0.5 and 0.10000000149011612
2026-03-26 19:13:35.965 | DEBUG    | groot.rl.envs.legged_base_task.legged_robot_base:_init_buffers:129 - PD gain of joint left_hand_thumb_2_joint were defined, setting them to 0.5 and 0.10000000149011612
2026-03-26 19:13:35.965 | DEBUG    | groot.rl.envs.legged_base_task.legged_robot_base:_init_buffers:129 - PD gain of joint right_hand_thumb_2_joint were defined, setting them to 0.5 and 0.10000000149011612
2026-03-26 19:13:35.973 | INFO     | groot.rl.envs.legged_base_task.legged_robot_base:_prepare_reward_function:208 - Tairan set reward on 20251002
2026-03-26 19:13:35.974 | INFO     | groot.rl.envs.legged_base_task.legged_robot_base:_prepare_reward_function:213 - Scale: termination = -2000.0
2026-03-26 19:13:35.974 | INFO     | groot.rl.envs.legged_base_task.legged_robot_base:_prepare_reward_function:213 - Scale: penalty_upfront_heading = -10000.0
2026-03-26 19:13:35.974 | INFO     | groot.rl.envs.legged_base_task.legged_robot_base:_prepare_reward_function:213 - Scale: penalty_bottle_in_middle = -1.0
2026-03-26 19:13:35.974 | INFO     | groot.rl.envs.legged_base_task.legged_robot_base:_prepare_reward_function:213 - Scale: penalty_delta_action_rate = -0.01
2026-03-26 19:13:35.974 | INFO     | groot.rl.envs.legged_base_task.legged_robot_base:_prepare_reward_function:213 - Scale: penalty_dof_vel = -0.5
2026-03-26 19:13:35.974 | INFO     | groot.rl.envs.legged_base_task.legged_robot_base:_prepare_reward_function:213 - Scale: penalty_dof_acc = -3e-06
2026-03-26 19:13:35.974 | INFO     | groot.rl.envs.legged_base_task.legged_robot_base:_prepare_reward_function:213 - Scale: penalty_torques = -0.001
2026-03-26 19:13:35.975 | INFO     | groot.rl.envs.legged_base_task.legged_robot_base:_prepare_reward_function:213 - Scale: penalty_output_smoothness = -9.0
2026-03-26 19:13:35.975 | INFO     | groot.rl.envs.legged_base_task.legged_robot_base:_prepare_reward_function:213 - Scale: penalty_finger_primitive_limit = -20.0
2026-03-26 19:13:35.975 | INFO     | groot.rl.envs.legged_base_task.legged_robot_base:_prepare_reward_function:213 - Scale: penalty_command_large_linvel_x = -20.0
2026-03-26 19:13:35.975 | INFO     | groot.rl.envs.legged_base_task.legged_robot_base:_prepare_reward_function:213 - Scale: penalty_command_large_linvel_y = -20.0
2026-03-26 19:13:35.975 | INFO     | groot.rl.envs.legged_base_task.legged_robot_base:_prepare_reward_function:213 - Scale: penalty_command_large_angvel = -20.0
2026-03-26 19:13:35.975 | INFO     | groot.rl.envs.legged_base_task.legged_robot_base:_prepare_reward_function:213 - Scale: penalty_command_large_upper_body_actions = -10.0
2026-03-26 19:13:35.975 | INFO     | groot.rl.envs.legged_base_task.legged_robot_base:_prepare_reward_function:213 - Scale: penalty_zero_linvel_x_y = -10.0
2026-03-26 19:13:35.975 | INFO     | groot.rl.envs.legged_base_task.legged_robot_base:_prepare_reward_function:213 - Scale: task_robot_distance_to_box = 2.0
2026-03-26 19:13:35.975 | INFO     | groot.rl.envs.legged_base_task.legged_robot_base:_prepare_reward_function:213 - Scale: penalty_upper_body_actions = -1.0
2026-03-26 19:13:35.975 | INFO     | groot.rl.envs.legged_base_task.legged_robot_base:_prepare_reward_function:213 - Scale: penalty_keep_hand_closed = 9.0
2026-03-26 19:13:35.976 | INFO     | groot.rl.envs.legged_base_task.legged_robot_base:_prepare_reward_function:213 - Scale: penalty_hand_predrop_pos_distance = -10000.0
2026-03-26 19:13:35.976 | INFO     | groot.rl.envs.legged_base_task.legged_robot_base:_prepare_reward_function:213 - Scale: hand_object_distance = 20
2026-03-26 19:13:35.976 | INFO     | groot.rl.envs.legged_base_task.legged_robot_base:_prepare_reward_function:213 - Scale: grasp_based_on_obj_finger_dir = 5.0
2026-03-26 19:13:35.976 | INFO     | groot.rl.envs.legged_base_task.legged_robot_base:_prepare_reward_function:213 - Scale: grasp_force = 1.0
2026-03-26 19:13:35.976 | INFO     | groot.rl.envs.legged_base_task.legged_robot_base:_prepare_reward_function:213 - Scale: lift_goal_distance = 10
2026-03-26 19:13:35.976 | INFO     | groot.rl.envs.legged_base_task.legged_robot_base:_prepare_reward_function:213 - Scale: lift_z = 200
2026-03-26 19:13:35.976 | INFO     | groot.rl.envs.legged_base_task.legged_robot_base:_prepare_reward_function:213 - Scale: release_bottle = -1.0
2026-03-26 19:13:35.976 | INFO     | groot.rl.envs.legged_base_task.legged_robot_base:_prepare_reward_function:213 - Scale: task_turn_around = 15
2026-03-26 19:13:35.976 | INFO     | groot.rl.envs.legged_base_task.legged_robot_base:_prepare_reward_function:213 - Scale: holding_object = 1.0
2026-03-26 19:13:35.976 | INFO     | groot.rl.envs.legged_base_task.legged_robot_base:_prepare_reward_function:213 - Scale: penalty_bottle_lean_during_pick = -1000.0
2026-03-26 19:13:35.977 | INFO     | groot.rl.envs.legged_base_task.legged_robot_base:_prepare_reward_function:213 - Scale: penalty_bottle_non_z_up_velocity_during_pick = -500.0
2026-03-26 19:13:35.977 | INFO     | groot.rl.envs.legged_base_task.legged_robot_base:_prepare_reward_function:213 - Scale: right_arm_qpos_tracking_hold_object = 5.0
2026-03-26 19:13:35.977 | INFO     | groot.rl.envs.legged_base_task.legged_robot_base:_prepare_reward_function:213 - Scale: right_arm_qpos_tracking_front_object = 25.0
2026-03-26 19:13:35.977 | INFO     | groot.rl.envs.legged_base_task.legged_robot_base:_prepare_reward_function:213 - Scale: penalty_fast_right_arm_qvel = -80.0
2026-03-26 19:13:35.977 | INFO     | groot.rl.envs.legged_base_task.legged_robot_base:_prepare_reward_function:213 - Scale: zero_XY_Ang_velocity_command_during_drop_and_pick = 0.0
2026-03-26 19:13:35.977 | INFO     | groot.rl.envs.legged_base_task.legged_robot_base:_prepare_reward_function:213 - Scale: zero_XY_velocity_command_during_tuning = 0.0
2026-03-26 19:13:35.977 | INFO     | groot.rl.envs.legged_base_task.legged_robot_base:_prepare_reward_function:213 - Scale: zero_Ang_velocity_command_during_tuning = 0.0
2026-03-26 19:13:35.977 | INFO     | groot.rl.envs.legged_base_task.legged_robot_base:_prepare_reward_function:213 - Scale: finger_qvel_during_right_arm_qvel = 15.0
2026-03-26 19:13:35.977 | INFO     | groot.rl.envs.legged_base_task.legged_robot_base:_prepare_reward_function:213 - Scale: penalty_finger_qvel_during_single_foot_contact = -315.0
2026-03-26 19:13:35.977 | INFO     | groot.rl.envs.legged_base_task.legged_robot_base:_prepare_reward_function:213 - Scale: penalty_arm_qvel_during_single_foot_contact = -1300.0
2026-03-26 19:13:35.977 | INFO     | groot.rl.envs.legged_base_task.legged_robot_base:_prepare_reward_function:213 - Scale: penalty_standing_still_abs = -0.0
2026-03-26 19:13:35.978 | INFO     | groot.rl.envs.legged_base_task.legged_robot_base:_prepare_reward_function:213 - Scale: penalty_standing_still_square = -0.0
2026-03-26 19:13:35.978 | INFO     | groot.rl.envs.legged_base_task.legged_robot_base:_prepare_reward_function:213 - Scale: penalty_standing_still_exp = 0.0
2026-03-26 19:13:35.978 | INFO     | groot.rl.envs.legged_base_task.legged_robot_base:_prepare_reward_function:213 - Scale: penalty_zero_XY_Ang_Ddp_ABS = -12.0
2026-03-26 19:13:35.978 | INFO     | groot.rl.envs.legged_base_task.legged_robot_base:_prepare_reward_function:213 - Scale: penalty_zero_XY_Ddpt_ABS = -4.0
2026-03-26 19:13:35.978 | INFO     | groot.rl.envs.legged_base_task.legged_robot_base:_prepare_reward_function:213 - Scale: penalty_zero_Ang_At_ABS = -4.0
2026-03-26 19:13:35.978 | INFO     | groot.rl.envs.legged_base_task.legged_robot_base:_prepare_reward_function:213 - Scale: track_xy_after_turning = 15.0
2026-03-26 19:13:35.978 | INFO     | groot.rl.envs.legged_base_task.legged_robot_base:_prepare_reward_function:213 - Scale: penalty_bottle_move_table_contact = -1000
2026-03-26 19:13:35.979 | INFO     | groot.rl.envs.legged_base_task.legged_robot_base:_prepare_reward_function:213 - Scale: penalty_bottle_relative_move = -3000.0
2026-03-26 19:13:35.980 | INFO     | groot.rl.envs.legged_base_task.legged_robot_base:_prepare_reward_function:224 - Use Reward Penalty: 0.0
2026-03-26 19:13:35.988 | INFO     | groot.rl.envs.env_utils.history_handler:__init__:65 - History Handler Initialized
2026-03-26 19:13:35.989 | INFO     | groot.rl.envs.env_utils.history_handler:__init__:67 - Key: base_lin_vel, Value: 15
2026-03-26 19:13:35.989 | INFO     | groot.rl.envs.env_utils.history_handler:__init__:67 - Key: base_ang_vel, Value: 15
2026-03-26 19:13:35.989 | INFO     | groot.rl.envs.env_utils.history_handler:__init__:67 - Key: projected_gravity, Value: 15
2026-03-26 19:13:35.989 | INFO     | groot.rl.envs.env_utils.history_handler:__init__:67 - Key: actions, Value: 15
2026-03-26 19:13:35.989 | INFO     | groot.rl.envs.env_utils.history_handler:__init__:67 - Key: stage, Value: 15
2026-03-26 19:13:35.989 | INFO     | groot.rl.envs.env_utils.history_handler:__init__:67 - Key: delta_actions, Value: 15
2026-03-26 19:13:35.989 | INFO     | groot.rl.envs.env_utils.history_handler:__init__:67 - Key: dof_pos, Value: 15
2026-03-26 19:13:35.989 | INFO     | groot.rl.envs.env_utils.history_handler:__init__:67 - Key: dof_vel, Value: 15
2026-03-26 19:13:35.989 | INFO     | groot.rl.envs.env_utils.history_handler:__init__:67 - Key: placement_pos, Value: 15
2026-03-26 19:13:35.989 | INFO     | groot.rl.envs.env_utils.history_handler:__init__:67 - Key: table_pelvis_transform, Value: 15
2026-03-26 19:13:35.989 | INFO     | groot.rl.envs.env_utils.history_handler:__init__:67 - Key: hold_fingers_tips_force, Value: 15
2026-03-26 19:13:35.989 | INFO     | groot.rl.envs.env_utils.history_handler:__init__:67 - Key: hold_obj_transform, Value: 15
2026-03-26 19:13:35.989 | INFO     | groot.rl.envs.env_utils.history_handler:__init__:67 - Key: hold_hand_object_transform, Value: 15
2026-03-26 19:13:35.989 | INFO     | groot.rl.envs.env_utils.history_handler:__init__:67 - Key: target_place_pos, Value: 15
2026-03-26 19:13:35.989 | INFO     | groot.rl.envs.env_utils.history_handler:__init__:67 - Key: grasp_fingers_tips_force, Value: 15
2026-03-26 19:13:35.989 | INFO     | groot.rl.envs.env_utils.history_handler:__init__:67 - Key: grasp_obj_transform, Value: 15
2026-03-26 19:13:35.989 | INFO     | groot.rl.envs.env_utils.history_handler:__init__:67 - Key: grasp_hand_object_transform, Value: 15
2026-03-26 19:13:35.989 | INFO     | groot.rl.envs.env_utils.history_handler:__init__:67 - Key: target_lift_pos, Value: 15
2026-03-26 19:13:35.989 | INFO     | groot.rl.envs.env_utils.history_handler:__init__:67 - Key: b_homie_commands, Value: 5
2026-03-26 19:13:35.989 | INFO     | groot.rl.envs.env_utils.history_handler:__init__:67 - Key: c_homie_base_ang_vel, Value: 5
2026-03-26 19:13:35.989 | INFO     | groot.rl.envs.env_utils.history_handler:__init__:67 - Key: d_homie_projected_gravity, Value: 5
2026-03-26 19:13:35.990 | INFO     | groot.rl.envs.env_utils.history_handler:__init__:67 - Key: e_homie_dof_pos, Value: 5
2026-03-26 19:13:35.990 | INFO     | groot.rl.envs.env_utils.history_handler:__init__:67 - Key: f_homie_dof_vel, Value: 5
2026-03-26 19:13:35.990 | INFO     | groot.rl.envs.env_utils.history_handler:__init__:67 - Key: g_homie_body_actions, Value: 5
2026-03-26 19:13:35.991 | INFO     | groot.rl.utils.teleop_reset_lib.dataset_wsppt:__init__:29 - number of motion files under dir groot/rl/data/motions/g1_wsdpt/33demos_675_775: 295
2026-03-26 19:13:35.991 | INFO     | groot.rl.utils.teleop_reset_lib.dataset_wsppt:__init__:30 - motion files: ['groot/rl/data/motions/g1_wsdpt/33demos_675_775/record_2025-10-27_01-54-32_0.765m_v0.npz', 'groot/rl/data/motions/g1_wsdpt/33demos_675_775/record_2025-10-27_01-40-00_0.755m_v1.npz', 'groot/rl/data/motions/g1_wsdpt/33demos_675_775/record_2025-10-31_04-32-21_0.687m.npz', 'groot/rl/data/motions/g1_wsdpt/33demos_675_775/record_2025-10-26_23-05-56_0.695m_v0.npz', 'groot/rl/data/motions/g1_wsdpt/33demos_675_775/record_2025-10-14_22-06-43_0.750m.npz', 'groot/rl/data/motions/g1_wsdpt/33demos_675_775/record_2025-10-26_22-36-28_0.685m_v0..npz', 'groot/rl/data/motions/g1_wsdpt/33demos_675_775/record_2025-10-26_23-06-50_0.695m_v0.npz', 'groot/rl/data/motions/g1_wsdpt/33demos_675_775/record_2025-10-27_00-01-05_0.715m_v1.npz', 'groot/rl/data/motions/g1_wsdpt/33demos_675_775/record_2025-10-26_22-46-35_0.685m_v1.npz', 'groot/rl/data/motions/g1_wsdpt/33demos_675_775/record_2025-10-26_23-01-43_0.695m_v0.npz', 'groot/rl/data/motions/g1_wsdpt/33demos_675_775/record_2025-10-27_00-28-35_0.725m_v0.npz', 'groot/rl/data/motions/g1_wsdpt/33demos_675_775/record_2025-10-31_03-32-46_0.734m.npz', 'groot/rl/data/motions/g1_wsdpt/33demos_675_775/record_2025-10-26_22-05-19_0.675m_v0.npz', 'groot/rl/data/motions/g1_wsdpt/33demos_675_775/record_2025-10-27_01-11-57_0.735m_v1.npz', 'groot/rl/data/motions/g1_wsdpt/33demos_675_775/record_2025-10-31_03-36-45_0.754m.npz', 'groot/rl/data/motions/g1_wsdpt/33demos_675_775/record_2025-10-26_23-29-39_0.705m_v0.npz', 'groot/rl/data/motions/g1_wsdpt/33demos_675_775/record_2025-10-26_23-37-22_0.705m_v1.npz', 'groot/rl/data/motions/g1_wsdpt/33demos_675_775/record_2025-10-14_22-03-48_0.750m.npz', 'groot/rl/data/motions/g1_wsdpt/33demos_675_775/record_2025-10-26_23-58-03_0.715m_v1.npz', 'groot/rl/data/motions/g1_wsdpt/33demos_675_775/record_2025-10-31_04-21-05_0.677m.npz', 'groot/rl/data/motions/g1_wsdpt/33demos_675_775/record_2025-10-31_04-35-06_0.697m.npz', 'groot/rl/data/motions/g1_wsdpt/33demos_675_775/record_2025-10-26_23-48-32_0.715m_v0.npz', 'groot/rl/data/motions/g1_wsdpt/33demos_675_775/record_2025-10-26_23-56-56_0.715m_v1.npz', 'groot/rl/data/motions/g1_wsdpt/33demos_675_775/record_2025-10-26_22-07-48_0.675m_v0.npz', 'groot/rl/data/motions/g1_wsdpt/33demos_675_775/record_2025-10-26_23-25-41_0.705m_v0.npz', 'groot/rl/data/motions/g1_wsdpt/33demos_675_775/record_2025-10-26_22-09-16_0.675m_v0.npz', 'groot/rl/data/motions/g1_wsdpt/33demos_675_775/record_2025-10-31_03-07-29_0.674m.npz', 'groot/rl/data/motions/g1_wsdpt/33demos_675_775/record_2025-10-31_04-12-43_0.744m.npz', 'groot/rl/data/motions/g1_wsdpt/33demos_675_775/record_2025-10-14_21-33-23_0.675m.npz', 'groot/rl/data/motions/g1_wsdpt/33demos_675_775/record_2025-10-27_01-38-47_0.755m_v1.npz', 'groot/rl/data/motions/g1_wsdpt/33demos_675_775/record_2025-10-27_00-03-08_0.715m_v1.npz', 'groot/rl/data/motions/g1_wsdpt/33demos_675_775/record_2025-10-14_22-16-50_0.775m.npz', 'groot/rl/data/motions/g1_wsdpt/33demos_675_775/record_2025-10-31_04-39-26_0.697m.npz', 'groot/rl/data/motions/g1_wsdpt/33demos_675_775/record_2025-10-26_23-33-48_0.705m_v1.npz', 'groot/rl/data/motions/g1_wsdpt/33demos_675_775/record_2025-10-14_21-51-12_0.725m.npz', 'groot/rl/data/motions/g1_wsdpt/33demos_675_775/record_2025-10-31_03-30-31_0.734m.npz', 'groot/rl/data/motions/g1_wsdpt/33demos_675_775/record_2025-10-27_00-46-34_0.725m_v1.npz', 'groot/rl/data/motions/g1_wsdpt/33demos_675_775/record_2025-10-31_04-07-20_0.724m.npz', 'groot/rl/data/motions/g1_wsdpt/33demos_675_775/record_2025-10-27_02-07-07_0.775m_v0.npz', 'groot/rl/data/motions/g1_wsdpt/33demos_675_775/record_2025-10-27_01-31-54_0.755m_v0.npz', 'groot/rl/data/motions/g1_wsdpt/33demos_675_775/record_2025-10-26_22-42-17_0.685m_v1.npz', 'groot/rl/data/motions/g1_wsdpt/33demos_675_775/record_2025-10-31_04-42-33_0.707m.npz', 'groot/rl/data/motions/g1_wsdpt/33demos_675_775/record_2025-10-27_01-24-46_0.745m_v0.npz', 'groot/rl/data/motions/g1_wsdpt/33demos_675_775/record_2025-10-26_22-33-48_0.685m_v0..npz', 'groot/rl/data/motions/g1_wsdpt/33demos_675_775/record_2025-10-26_22-41-06_0.685m_v1.npz', 'groot/rl/data/motions/g1_wsdpt/33demos_675_775/record_2025-10-26_23-34-27_0.705m_v1.npz', 'groot/rl/data/motions/g1_wsdpt/33demos_675_775/record_2025-10-26_22-57-48_0.695m_v0.npz', 'groot/rl/data/motions/g1_wsdpt/33demos_675_775/record_2025-10-31_03-51-20_0.684m.npz', 'groot/rl/data/motions/g1_wsdpt/33demos_675_775/record_2025-10-27_01-38-10_0.755m_v1.npz', 'groot/rl/data/motions/g1_wsdpt/33demos_675_775/record_2025-10-26_23-51-22_0.715m_v0.npz', 'groot/rl/data/motions/g1_wsdpt/33demos_675_775/record_2025-10-31_04-08-10_0.724m.npz', 'groot/rl/data/motions/g1_wsdpt/33demos_675_775/record_2025-10-31_04-04-10_0.704m.npz', 'groot/rl/data/motions/g1_wsdpt/33demos_675_775/record_2025-10-27_00-27-02_0.725m_v0.npz', 'groot/rl/data/motions/g1_wsdpt/33demos_675_775/record_2025-10-26_23-49-21_0.715m_v0.npz', 'groot/rl/data/motions/g1_wsdpt/33demos_675_775/record_2025-10-27_01-07-19_0.735m_v1.npz', 'groot/rl/data/motions/g1_wsdpt/33demos_675_775/record_2025-10-26_23-51-58_0.715m_v0.npz', 'groot/rl/data/motions/g1_wsdpt/33demos_675_775/record_2025-10-26_22-22-47_0.675m_v1.npz', 'groot/rl/data/motions/g1_wsdpt/33demos_675_775/record_2025-10-14_21-30-39_0.675m.npz', 'groot/rl/data/motions/g1_wsdpt/33demos_675_775/record_2025-10-27_02-03-15_0.775m_v0.npz', 'groot/rl/data/motions/g1_wsdpt/33demos_675_775/record_2025-10-31_04-00-02_0.704m.npz', 'groot/rl/data/motions/g1_wsdpt/33demos_675_775/record_2025-10-26_22-12-40_0.675m_v0.npz', 'groot/rl/data/motions/g1_wsdpt/33demos_675_775/record_2025-10-27_01-23-34_0.745m_v0.npz', 'groot/rl/data/motions/g1_wsdpt/33demos_675_775/record_2025-10-27_00-52-15_0.735m_v0.npz', 'groot/rl/data/motions/g1_wsdpt/33demos_675_775/record_2025-10-14_21-49-40_0.725m.npz', 'groot/rl/data/motions/g1_wsdpt/33demos_675_775/record_2025-10-31_04-16-28_0.667m..npz', 'groot/rl/data/motions/g1_wsdpt/33demos_675_775/record_2025-10-14_22-18-36_0.775m.npz', 'groot/rl/data/motions/g1_wsdpt/33demos_675_775/record_2025-10-27_01-28-19_0.755m_v0.npz', 'groot/rl/data/motions/g1_wsdpt/33demos_675_775/record_2025-10-27_01-32-39_0.755m_v0.npz', 'groot/rl/data/motions/g1_wsdpt/33demos_675_775/record_2025-10-27_01-39-22_0.755m_v1.npz', 'groot/rl/data/motions/g1_wsdpt/33demos_675_775/record_2025-10-14_22-07-55_0.750m.npz', 'groot/rl/data/motions/g1_wsdpt/33demos_675_775/record_2025-10-27_00-33-29_0.725m_v0.npz', 'groot/rl/data/motions/g1_wsdpt/33demos_675_775/record_2025-10-26_23-41-32_0.705m_v1.npz', 'groot/rl/data/motions/g1_wsdpt/33demos_675_775/record_2025-10-27_02-04-02_0.775m_v0.npz', 'groot/rl/data/motions/g1_wsdpt/33demos_675_775/record_2025-10-26_22-48-04_0.685m_v1.npz', 'groot/rl/data/motions/g1_wsdpt/33demos_675_775/record_2025-10-26_23-35-05_0.705m_v1.npz', 'groot/rl/data/motions/g1_wsdpt/33demos_675_775/record_2025-10-26_23-18-45_0.695_v1.npz', 'groot/rl/data/motions/g1_wsdpt/33demos_675_775/record_2025-10-27_02-04-35_0.775m_v0.npz', 'groot/rl/data/motions/g1_wsdpt/33demos_675_775/record_2025-10-26_23-11-23_0.695_v1.npz', 'groot/rl/data/motions/g1_wsdpt/33demos_675_775/record_2025-10-27_02-01-46_0.775m_v0.npz', 'groot/rl/data/motions/g1_wsdpt/33demos_675_775/record_2025-10-31_04-47-5_0.717m.npz', 'groot/rl/data/motions/g1_wsdpt/33demos_675_775/record_2025-10-26_23-39-18_0.705m_v1.npz', 'groot/rl/data/motions/g1_wsdpt/33demos_675_775/record_2025-10-31_04-37-37_0.697m.npz', 'groot/rl/data/motions/g1_wsdpt/33demos_675_775/record_2025-10-27_01-27-12_0.755m_v0.npz', 'groot/rl/data/motions/g1_wsdpt/33demos_675_775/record_2025-10-26_23-22-41_0.705m_v0.npz', 'groot/rl/data/motions/g1_wsdpt/33demos_675_775/record_2025-10-31_03-39-18_0.754m.npz', 'groot/rl/data/motions/g1_wsdpt/33demos_675_775/record_2025-10-27_00-38-25_0.725m_v1.npz', 'groot/rl/data/motions/g1_wsdpt/33demos_675_775/record_2025-10-27_01-33-23_0.755m_v0.npz', 'groot/rl/data/motions/g1_wsdpt/33demos_675_775/record_2025-10-26_23-17-29_0.695_v1.npz', 'groot/rl/data/motions/g1_wsdpt/33demos_675_775/record_2025-10-26_23-36-40_0.705m_v1.npz', 'groot/rl/data/motions/g1_wsdpt/33demos_675_775/record_2025-10-26_23-47-57_0.715m_v0.npz', 'groot/rl/data/motions/g1_wsdpt/33demos_675_775/record_2025-10-26_23-58-32_0.715m_v1.npz', 'groot/rl/data/motions/g1_wsdpt/33demos_675_775/record_2025-10-14_22-14-58_0.775m.npz', 'groot/rl/data/motions/g1_wsdpt/33demos_675_775/record_2025-10-31_04-29-53_0.687m.npz', 'groot/rl/data/motions/g1_wsdpt/33demos_675_775/record_2025-10-31_03-23-49_0.714m.npz', 'groot/rl/data/motions/g1_wsdpt/33demos_675_775/record_2025-10-26_22-31-34_0.685m_v0..npz', 'groot/rl/data/motions/g1_wsdpt/33demos_675_775/record_2025-10-27_00-34-03_0.725m_v0.npz', 'groot/rl/data/motions/g1_wsdpt/33demos_675_775/record_2025-10-31_04-11-42_0.744m.npz', 'groot/rl/data/motions/g1_wsdpt/33demos_675_775/record_2025-10-27_00-06-02_0.715m_v1.npz', 'groot/rl/data/motions/g1_wsdpt/33demos_675_775/record_2025-10-26_23-21-03_0.705m_v0.npz', 'groot/rl/data/motions/g1_wsdpt/33demos_675_775/record_2025-10-27_00-38-59_0.725m_v1.npz', 'groot/rl/data/motions/g1_wsdpt/33demos_675_775/record_2025-10-31_03-58-27_0.704m.npz', 'groot/rl/data/motions/g1_wsdpt/33demos_675_775/record_2025-10-31_04-50-31_0.717m.npz', 'groot/rl/data/motions/g1_wsdpt/33demos_675_775/record_2025-10-27_00-53-37_0.735m_v0.npz', 'groot/rl/data/motions/g1_wsdpt/33demos_675_775/record_2025-10-31_03-39-58_0.754m.npz', 'groot/rl/data/motions/g1_wsdpt/33demos_675_775/record_2025-10-14_21-29-22_0.675m.npz', 'groot/rl/data/motions/g1_wsdpt/33demos_675_775/record_2025-10-27_00-25-17_0.725m_v0.npz', 'groot/rl/data/motions/g1_wsdpt/33demos_675_775/record_2025-10-14_21-42-14_0.700m.npz', 'groot/rl/data/motions/g1_wsdpt/33demos_675_775/record_2025-10-27_01-49-18_0.765m_v0.npz', 'groot/rl/data/motions/g1_wsdpt/33demos_675_775/record_2025-10-31_04-24-26_0.677m.npz', 'groot/rl/data/motions/g1_wsdpt/33demos_675_775/record_2025-10-14_21-28-47_0.675m.npz', 'groot/rl/data/motions/g1_wsdpt/33demos_675_775/record_2025-10-27_02-05-40_0.775m_v0.npz', 'groot/rl/data/motions/g1_wsdpt/33demos_675_775/record_2025-10-27_01-16-52_0.745m_v0.npz', 'groot/rl/data/motions/g1_wsdpt/33demos_675_775/record_2025-10-27_01-43-11_0.755m_v1.npz', 'groot/rl/data/motions/g1_wsdpt/33demos_675_775/record_2025-10-14_22-16-23_0.775m.npz', 'groot/rl/data/motions/g1_wsdpt/33demos_675_775/record_2025-10-14_21-51-45_0.725m.npz', 'groot/rl/data/motions/g1_wsdpt/33demos_675_775/record_2025-10-26_22-45-08_0.685m_v1.npz', 'groot/rl/data/motions/g1_wsdpt/33demos_675_775/record_2025-10-26_23-42-41_0.705m_v1.npz', 'groot/rl/data/motions/g1_wsdpt/33demos_675_775/record_2025-10-26_23-09-38_0.695_v1.npz', 'groot/rl/data/motions/g1_wsdpt/33demos_675_775/record_2025-10-31_03-28-48_0.734m.npz', 'groot/rl/data/motions/g1_wsdpt/33demos_675_775/record_2025-10-14_21-35-38_0.675m.npz', 'groot/rl/data/motions/g1_wsdpt/33demos_675_775/record_2025-10-26_23-49-56_0.715m_v0.npz', 'groot/rl/data/motions/g1_wsdpt/33demos_675_775/record_2025-10-27_01-47-36_0.765m_v0.npz', 'groot/rl/data/motions/g1_wsdpt/33demos_675_775/record_2025-10-14_22-05-35_0.750m.npz', 'groot/rl/data/motions/g1_wsdpt/33demos_675_775/record_2025-10-26_22-10-53_0.675m_v0.npz', 'groot/rl/data/motions/g1_wsdpt/33demos_675_775/record_2025-10-31_04-43-50_0.707m.npz', 'groot/rl/data/motions/g1_wsdpt/33demos_675_775/record_2025-10-26_23-26-49_0.705m_v0.npz', 'groot/rl/data/motions/g1_wsdpt/33demos_675_775/record_2025-10-27_01-17-23_0.745m_v0.npz', 'groot/rl/data/motions/g1_wsdpt/33demos_675_775/record_2025-10-31_04-17-12_0.667m..npz', 'groot/rl/data/motions/g1_wsdpt/33demos_675_775/record_2025-10-31_04-49-49_0.717m.npz', 'groot/rl/data/motions/g1_wsdpt/33demos_675_775/record_2025-10-31_03-49-30_0.684m.npz', 'groot/rl/data/motions/g1_wsdpt/33demos_675_775/record_2025-10-31_03-43-06_0.664m.npz', 'groot/rl/data/motions/g1_wsdpt/33demos_675_775/record_2025-10-27_00-45-05_0.725m_v1.npz', 'groot/rl/data/motions/g1_wsdpt/33demos_675_775/record_2025-10-31_03-15-45_0.694m.npz', 'groot/rl/data/motions/g1_wsdpt/33demos_675_775/record_2025-10-27_00-00-22_0.715m_v1.npz', 'groot/rl/data/motions/g1_wsdpt/33demos_675_775/record_2025-10-14_22-19-17_0.775m.npz', 'groot/rl/data/motions/g1_wsdpt/33demos_675_775/record_2025-10-31_04-23-16_0.677m.npz', 'groot/rl/data/motions/g1_wsdpt/33demos_675_775/record_2025-10-27_01-19-04_0.745m_v0.npz', 'groot/rl/data/motions/g1_wsdpt/33demos_675_775/record_2025-10-26_23-46-37_0.715m_v0.npz', 'groot/rl/data/motions/g1_wsdpt/33demos_675_775/record_2025-10-27_00-39-36_0.725m_v1.npz', 'groot/rl/data/motions/g1_wsdpt/33demos_675_775/record_2025-10-31_03-10-40_0.674m.npz', 'groot/rl/data/motions/g1_wsdpt/33demos_675_775/record_2025-10-27_02-01-18_0.775m_v0.npz', 'groot/rl/data/motions/g1_wsdpt/33demos_675_775/record_2025-10-31_04-42-00_0.707m.npz', 'groot/rl/data/motions/g1_wsdpt/33demos_675_775/record_2025-10-27_00-55-59_0.735m_v0.npz', 'groot/rl/data/motions/g1_wsdpt/33demos_675_775/record_2025-10-26_23-38-02_0.705m_v1.npz', 'groot/rl/data/motions/g1_wsdpt/33demos_675_775/record_2025-10-27_01-16-17_0.745m_v0.npz', 'groot/rl/data/motions/g1_wsdpt/33demos_675_775/record_2025-10-27_00-50-57_0.735m_v0.npz', 'groot/rl/data/motions/g1_wsdpt/33demos_675_775/record_2025-10-27_01-55-09_0.765m_v0.npz', 'groot/rl/data/motions/g1_wsdpt/33demos_675_775/record_2025-10-14_21-50-22_0.725m.npz', 'groot/rl/data/motions/g1_wsdpt/33demos_675_775/record_2025-10-26_22-33-07_0.685m_v0..npz', 'groot/rl/data/motions/g1_wsdpt/33demos_675_775/record_2025-10-26_23-47-18_0.715m_v0.npz', 'groot/rl/data/motions/g1_wsdpt/33demos_675_775/record_2025-10-31_03-48-50_0.684m.npz', 'groot/rl/data/motions/g1_wsdpt/33demos_675_775/record_2025-10-27_00-32-31_0.725m_v0.npz', 'groot/rl/data/motions/g1_wsdpt/33demos_675_775/record_2025-10-27_00-44-34_0.725m_v1.npz', 'groot/rl/data/motions/g1_wsdpt/33demos_675_775/record_2025-10-27_01-51-57_0.765m_v0.npz', 'groot/rl/data/motions/g1_wsdpt/33demos_675_775/record_2025-10-27_01-10-59_0.735m_v1.npz', 'groot/rl/data/motions/g1_wsdpt/33demos_675_775/record_2025-10-31_03-16-47_0.694m.npz', 'groot/rl/data/motions/g1_wsdpt/33demos_675_775/record_2025-10-26_22-59-06_0.695m_v0.npz', 'groot/rl/data/motions/g1_wsdpt/33demos_675_775/record_2025-10-27_01-50-06_0.765m_v0.npz', 'groot/rl/data/motions/g1_wsdpt/33demos_675_775/record_2025-10-26_23-45-04_0.715m_v0.npz', 'groot/rl/data/motions/g1_wsdpt/33demos_675_775/record_2025-10-26_22-34-53_0.685m_v0..npz', 'groot/rl/data/motions/g1_wsdpt/33demos_675_775/record_2025-10-27_01-34-07_0.755m_v0.npz', 'groot/rl/data/motions/g1_wsdpt/33demos_675_775/record_2025-10-26_23-26-13_0.705m_v0.npz', 'groot/rl/data/motions/g1_wsdpt/33demos_675_775/record_2025-10-14_21-44-20_0.700m.npz', 'groot/rl/data/motions/g1_wsdpt/33demos_675_775/record_2025-10-27_02-06-17_0.775m_v0.npz', 'groot/rl/data/motions/g1_wsdpt/33demos_675_775/record_2025-10-27_01-30-43_0.755m_v0.npz', 'groot/rl/data/motions/g1_wsdpt/33demos_675_775/record_2025-10-26_22-45-52_0.685m_v1.npz', 'groot/rl/data/motions/g1_wsdpt/33demos_675_775/record_2025-10-27_01-18-08_0.745m_v0.npz', 'groot/rl/data/motions/g1_wsdpt/33demos_675_775/record_2025-10-26_23-03-22_0.695m_v0.npz', 'groot/rl/data/motions/g1_wsdpt/33demos_675_775/record_2025-10-31_04-33-06_0.687m.npz', 'groot/rl/data/motions/g1_wsdpt/33demos_675_775/record_2025-10-26_22-18-09_0.675m_v1.npz', 'groot/rl/data/motions/g1_wsdpt/33demos_675_775/record_2025-10-27_00-40-17_0.725m_v1.npz', 'groot/rl/data/motions/g1_wsdpt/33demos_675_775/record_2025-10-27_01-02-28_0.735m_v0.npz', 'groot/rl/data/motions/g1_wsdpt/33demos_675_775/record_2025-10-31_04-18-01_0.667m..npz', 'groot/rl/data/motions/g1_wsdpt/33demos_675_775/record_2025-10-26_22-11-32_0.675m_v0.npz', 'groot/rl/data/motions/g1_wsdpt/33demos_675_775/record_2025-10-14_21-52-25_0.725m.npz', 'groot/rl/data/motions/g1_wsdpt/33demos_675_775/record_2025-10-27_01-52-58_0.765m_v0.npz', 'groot/rl/data/motions/g1_wsdpt/33demos_675_775/record_2025-10-26_22-16-54_0.675m_v1.npz', 'groot/rl/data/motions/g1_wsdpt/33demos_675_775/record_2025-10-27_01-41-35_0.755m_v1.npz', 'groot/rl/data/motions/g1_wsdpt/33demos_675_775/record_2025-10-26_23-45-49_0.715m_v0.npz', 'groot/rl/data/motions/g1_wsdpt/33demos_675_775/record_2025-10-26_23-28-38_0.705m_v0.npz', 'groot/rl/data/motions/g1_wsdpt/33demos_675_775/record_2025-10-27_01-01-55_0.735m_v0.npz', 'groot/rl/data/motions/g1_wsdpt/33demos_675_775/record_2025-10-27_00-57-19_0.735m_v0.npz', 'groot/rl/data/motions/g1_wsdpt/33demos_675_775/record_2025-10-27_00-25-51_0.725m_v0.npz', 'groot/rl/data/motions/g1_wsdpt/33demos_675_775/record_2025-10-27_01-53-52_0.765m_v0.npz', 'groot/rl/data/motions/g1_wsdpt/33demos_675_775/record_2025-10-27_00-59-03_0.735m_v0.npz', 'groot/rl/data/motions/g1_wsdpt/33demos_675_775/record_2025-10-27_00-43-44_0.725m_v1.npz', 'groot/rl/data/motions/g1_wsdpt/33demos_675_775/record_2025-10-27_01-29-35_0.755m_v0.npz', 'groot/rl/data/motions/g1_wsdpt/33demos_675_775/record_2025-10-27_01-52-25_0.765m_v0.npz', 'groot/rl/data/motions/g1_wsdpt/33demos_675_775/record_2025-10-27_01-40-26_0.755m_v1.npz', 'groot/rl/data/motions/g1_wsdpt/33demos_675_775/record_2025-10-26_23-36-02_0.705m_v1.npz', 'groot/rl/data/motions/g1_wsdpt/33demos_675_775/record_2025-10-26_22-09-58_0.675m_v0.npz', 'groot/rl/data/motions/g1_wsdpt/33demos_675_775/record_2025-10-26_23-14-50_0.695_v1.npz', 'groot/rl/data/motions/g1_wsdpt/33demos_675_775/record_2025-10-26_22-32-35_0.685m_v0..npz', 'groot/rl/data/motions/g1_wsdpt/33demos_675_775/record_2025-10-14_22-15-49_0.775m.npz', 'groot/rl/data/motions/g1_wsdpt/33demos_675_775/record_2025-10-27_02-02-41_0.775m_v0.npz', 'groot/rl/data/motions/g1_wsdpt/33demos_675_775/record_2025-10-14_21-32-36_0.675m.npz', 'groot/rl/data/motions/g1_wsdpt/33demos_675_775/record_2025-10-26_22-21-05_0.675m_v1.npz', 'groot/rl/data/motions/g1_wsdpt/33demos_675_775/record_2025-10-26_23-52-39_0.715m_v0.npz', 'groot/rl/data/motions/g1_wsdpt/33demos_675_775/record_2025-10-26_22-03-30_0.675m_v0.npz', 'groot/rl/data/motions/g1_wsdpt/33demos_675_775/record_2025-10-27_00-47-07_0.725m_v1.npz', 'groot/rl/data/motions/g1_wsdpt/33demos_675_775/record_2025-10-27_01-55-35_0.765m_v0.npz', 'groot/rl/data/motions/g1_wsdpt/33demos_675_775/record_2025-10-26_23-01-01_0.695m_v0.npz', 'groot/rl/data/motions/g1_wsdpt/33demos_675_775/record_2025-10-14_22-13-48_0.775m.npz', 'groot/rl/data/motions/g1_wsdpt/33demos_675_775/record_2025-10-14_22-03-00_0.750m.npz', 'groot/rl/data/motions/g1_wsdpt/33demos_675_775/record_2025-10-26_22-06-43_0.675m_v0.npz', 'groot/rl/data/motions/g1_wsdpt/33demos_675_775/record_2025-10-27_01-01-13_0.735m_v0.npz', 'groot/rl/data/motions/g1_wsdpt/33demos_675_775/record_2025-10-26_22-23-29_0.675m_v1.npz', 'groot/rl/data/motions/g1_wsdpt/33demos_675_775/record_2025-10-14_21-41-26_0.700m.npz', 'groot/rl/data/motions/g1_wsdpt/33demos_675_775/record_2025-10-27_01-08-29_0.735m_v1.npz', 'groot/rl/data/motions/g1_wsdpt/33demos_675_775/record_2025-10-26_23-10-12_0.695_v1.npz', 'groot/rl/data/motions/g1_wsdpt/33demos_675_775/record_2025-10-31_04-08-50_0.724m.npz', 'groot/rl/data/motions/g1_wsdpt/33demos_675_775/record_2025-10-14_21-45-00_0.700m.npz', 'groot/rl/data/motions/g1_wsdpt/33demos_675_775/record_2025-10-31_04-44-55_0.707m.npz', 'groot/rl/data/motions/g1_wsdpt/33demos_675_775/record_2025-10-27_01-22-28_0.745m_v0.npz', 'groot/rl/data/motions/g1_wsdpt/33demos_675_775/record_2025-10-26_22-17-27_0.675m_v1.npz', 'groot/rl/data/motions/g1_wsdpt/33demos_675_775/record_2025-10-31_04-38-16_0.697m.npz', 'groot/rl/data/motions/g1_wsdpt/33demos_675_775/record_2025-10-31_03-44-04_0.664m..npz', 'groot/rl/data/motions/g1_wsdpt/33demos_675_775/record_2025-10-26_22-48-59_0.685m_v1.npz', 'groot/rl/data/motions/g1_wsdpt/33demos_675_775/record_2025-10-14_21-43-11_0.700m.npz', 'groot/rl/data/motions/g1_wsdpt/33demos_675_775/record_2025-10-27_00-04-47_0.715m_v1.npz', 'groot/rl/data/motions/g1_wsdpt/33demos_675_775/record_2025-10-31_04-27-21_0.687m.npz', 'groot/rl/data/motions/g1_wsdpt/33demos_675_775/record_2025-10-31_04-43-03_0.707m.npz', 'groot/rl/data/motions/g1_wsdpt/33demos_675_775/record_2025-10-26_23-13-41_0.695_v1.npz', 'groot/rl/data/motions/g1_wsdpt/33demos_675_775/record_2025-10-31_03-09-30_0.674m.npz', 'groot/rl/data/motions/g1_wsdpt/33demos_675_775/record_2025-10-27_00-31-23_0.725m_v0.npz', 'groot/rl/data/motions/g1_wsdpt/33demos_675_775/record_2025-10-27_01-24-12_0.745m_v0.npz', 'groot/rl/data/motions/g1_wsdpt/33demos_675_775/record_2025-10-26_22-35-27_0.685m_v0..npz', 'groot/rl/data/motions/g1_wsdpt/33demos_675_775/record_2025-10-31_04-38-45_0.697m.npz', 'groot/rl/data/motions/g1_wsdpt/33demos_675_775/record_2025-10-26_22-30-56_0.685m_v0..npz', 'groot/rl/data/motions/g1_wsdpt/33demos_675_775/record_2025-10-27_00-03-44_0.715m_v1.npz', 'groot/rl/data/motions/g1_wsdpt/33demos_675_775/record_2025-10-26_23-21-58_0.705m_v0.npz', 'groot/rl/data/motions/g1_wsdpt/33demos_675_775/record_2025-10-26_22-30-18_0.685m_v0.npz', 'groot/rl/data/motions/g1_wsdpt/33demos_675_775/record_2025-10-27_01-59-11_0.775m_v0.npz', 'groot/rl/data/motions/g1_wsdpt/33demos_675_775/record_2025-10-27_01-21-29_0.745m_v0.npz', 'groot/rl/data/motions/g1_wsdpt/33demos_675_775/record_2025-10-26_22-02-51_0.675m_v0.npz', 'groot/rl/data/motions/g1_wsdpt/33demos_675_775/record_2025-10-31_03-22-53_-0.714m.npz', 'groot/rl/data/motions/g1_wsdpt/33demos_675_775/record_2025-10-27_00-37-24_0.725m_v1.npz', 'groot/rl/data/motions/g1_wsdpt/33demos_675_775/record_2025-10-26_22-47-09_0.685m_v1.npz', 'groot/rl/data/motions/g1_wsdpt/33demos_675_775/record_2025-10-26_23-12-01_0.695_v1.npz', 'groot/rl/data/motions/g1_wsdpt/33demos_675_775/record_2025-10-27_00-58-26_0.735m_v0.npz', 'groot/rl/data/motions/g1_wsdpt/33demos_675_775/record_2025-10-26_22-21-45_0.675m_v1.npz', 'groot/rl/data/motions/g1_wsdpt/33demos_675_775/record_2025-10-26_23-39-57_0.705m_v1.npz', 'groot/rl/data/motions/g1_wsdpt/33demos_675_775/record_2025-10-31_03-59-13_0.704m.npz', 'groot/rl/data/motions/g1_wsdpt/33demos_675_775/record_2025-10-26_22-34-21_0.685m_v0..npz', 'groot/rl/data/motions/g1_wsdpt/33demos_675_775/record_2025-10-31_03-38-19_0.754m.npz', 'groot/rl/data/motions/g1_wsdpt/33demos_675_775/record_2025-10-26_23-16-53_0.695_v1.npz', 'groot/rl/data/motions/g1_wsdpt/33demos_675_775/record_2025-10-31_03-50-10_0.684m.npz', 'groot/rl/data/motions/g1_wsdpt/33demos_675_775/record_2025-10-26_23-02-26_0.695m_v0.npz', 'groot/rl/data/motions/g1_wsdpt/33demos_675_775/record_2025-10-26_22-13-37_0.675m_v0.npz', 'groot/rl/data/motions/g1_wsdpt/33demos_675_775/record_2025-10-14_21-46-10_0.700m.npz', 'groot/rl/data/motions/g1_wsdpt/33demos_675_775/record_2025-10-26_22-38-09_0.685m_v0..npz', 'groot/rl/data/motions/g1_wsdpt/33demos_675_775/record_2025-10-26_22-44-19_0.685m_v1.npz', 'groot/rl/data/motions/g1_wsdpt/33demos_675_775/record_2025-10-31_04-06-35_0.724m.npz', 'groot/rl/data/motions/g1_wsdpt/33demos_675_775/record_2025-10-27_00-41-06_0.725m_v1.npz', 'groot/rl/data/motions/g1_wsdpt/33demos_675_775/record_2025-10-26_23-24-41_0.705m_v0.npz', 'groot/rl/data/motions/g1_wsdpt/33demos_675_775/record_2025-10-27_00-54-56_0.735m_v0.npz', 'groot/rl/data/motions/g1_wsdpt/33demos_675_775/record_2025-10-27_01-19-35_0.745m_v0.npz', 'groot/rl/data/motions/g1_wsdpt/33demos_675_775/record_2025-10-27_01-58-32_0.775m_v0.npz', 'groot/rl/data/motions/g1_wsdpt/33demos_675_775/record_2025-10-31_03-31-38_0.734m.npz', 'groot/rl/data/motions/g1_wsdpt/33demos_675_775/record_2025-10-31_03-15-04_0.694m.npz', 'groot/rl/data/motions/g1_wsdpt/33demos_675_775/record_2025-10-14_22-05-04_0.750m.npz', 'groot/rl/data/motions/g1_wsdpt/33demos_675_775/record_2025-10-26_23-27-47_0.705m_v0.npz', 'groot/rl/data/motions/g1_wsdpt/33demos_675_775/record_2025-10-27_01-31-24_0.755m_v0.npz', 'groot/rl/data/motions/g1_wsdpt/33demos_675_775/record_2025-10-31_04-15-39_0.667m.npz', 'groot/rl/data/motions/g1_wsdpt/33demos_675_775/record_2025-10-27_01-37-10_0.755m_v1.npz', 'groot/rl/data/motions/g1_wsdpt/33demos_675_775/record_2025-10-31_04-48-56_0.717m.npz', 'groot/rl/data/motions/g1_wsdpt/33demos_675_775/record_2025-10-27_00-42-45_0.725m_v1.npz', 'groot/rl/data/motions/g1_wsdpt/33demos_675_775/record_2025-10-31_03-44-51_0.664m..npz', 'groot/rl/data/motions/g1_wsdpt/33demos_675_775/record_2025-10-31_03-45-35_0.664m..npz', 'groot/rl/data/motions/g1_wsdpt/33demos_675_775/record_2025-10-26_22-37-24_0.685m_v0..npz', 'groot/rl/data/motions/g1_wsdpt/33demos_675_775/record_2025-10-26_23-12-34_0.695_v1.npz', 'groot/rl/data/motions/g1_wsdpt/33demos_675_775/record_2025-10-14_21-49-13_0.725m.npz', 'groot/rl/data/motions/g1_wsdpt/33demos_675_775/record_2025-10-27_01-41-00_0.755m_v1.npz', 'groot/rl/data/motions/g1_wsdpt/33demos_675_775/record_2025-10-31_04-02-03_0.704m.npz', 'groot/rl/data/motions/g1_wsdpt/33demos_675_775/record_2025-10-31_03-52-05_0.684m.npz', 'groot/rl/data/motions/g1_wsdpt/33demos_675_775/record_2025-10-26_22-43-46_0.685m_v1.npz', 'groot/rl/data/motions/g1_wsdpt/33demos_675_775/record_2025-10-26_23-05-23_0.695m_v0.npz', 'groot/rl/data/motions/g1_wsdpt/33demos_675_775/record_2025-10-27_00-02-14_0.715m_v1.npz', 'groot/rl/data/motions/g1_wsdpt/33demos_675_775/record_2025-10-27_00-27-52_0.725m_v0.npz', 'groot/rl/data/motions/g1_wsdpt/33demos_675_775/record_2025-10-14_22-00-53_0.750m.npz', 'groot/rl/data/motions/g1_wsdpt/33demos_675_775/record_2025-10-26_23-29-10_0.705m_v0.npz', 'groot/rl/data/motions/g1_wsdpt/33demos_675_775/record_2025-10-27_01-08-56_0.735m_v1.npz', 'groot/rl/data/motions/g1_wsdpt/33demos_675_775/record_2025-10-26_23-42-08_0.705m_v1.npz', 'groot/rl/data/motions/g1_wsdpt/33demos_675_775/record_2025-10-31_04-11-04_0.744m.npz', 'groot/rl/data/motions/g1_wsdpt/33demos_675_775/record_2025-10-26_22-55-27_0.695m_v0.npz', 'groot/rl/data/motions/g1_wsdpt/33demos_675_775/record_2025-10-26_22-25-27_0.675m_v1.npz', 'groot/rl/data/motions/g1_wsdpt/33demos_675_775/record_2025-10-27_01-21-58_0.745m_v0.npz', 'groot/rl/data/motions/g1_wsdpt/33demos_675_775/record_2025-10-26_22-56-54_0.695m_v0.npz', 'groot/rl/data/motions/g1_wsdpt/33demos_675_775/record_2025-10-26_22-24-37_0.675m_v1.npz', 'groot/rl/data/motions/g1_wsdpt/33demos_675_775/record_2025-10-14_22-17-41_0.775m.npz', 'groot/rl/data/motions/g1_wsdpt/33demos_675_775/record_2025-10-27_01-27-44_0.755m_v0.npz', 'groot/rl/data/motions/g1_wsdpt/33demos_675_775/record_2025-10-31_03-25-16_0.714m.npz', 'groot/rl/data/motions/g1_wsdpt/33demos_675_775/record_2025-10-27_01-29-02_0.755m_v0.npz', 'groot/rl/data/motions/g1_wsdpt/33demos_675_775/record_2025-10-31_04-21-43_0.677m.npz', 'groot/rl/data/motions/g1_wsdpt/33demos_675_775/record_2025-10-26_23-18-08_0.695_v1.npz']
2026-03-26 19:13:35.991 | INFO     | groot.rl.utils.teleop_reset_lib.dataset_wsppt:__init__:31 - overriding motion files with motion files under dir groot/rl/data/motions/g1_wsdpt/33demos_675_775
2026-03-26 19:13:35.992 | INFO     | groot.rl.utils.teleop_reset_lib.motion_loader_wsppt:from_file:122 - Loading motion from groot/rl/data/motions/g1_wsdpt/33demos_675_775/record_2025-10-27_01-54-32_0.765m_v0.npz...
2026-03-26 19:13:35.999 | INFO     | groot.rl.utils.teleop_reset_lib.motion_loader_wsppt:__init__:116 - Motion loaded: duration: 11.620000000000001 sec, frames: 582
2026-03-26 19:13:35.999 | INFO     | groot.rl.utils.teleop_reset_lib.motion_loader_wsppt:from_file:122 - Loading motion from groot/rl/data/motions/g1_wsdpt/33demos_675_775/record_2025-10-27_01-40-00_0.755m_v1.npz...
2026-03-26 19:13:36.003 | INFO     | groot.rl.utils.teleop_reset_lib.motion_loader_wsppt:__init__:116 - Motion loaded: duration: 10.26 sec, frames: 514
2026-03-26 19:13:36.003 | INFO     | groot.rl.utils.teleop_reset_lib.motion_loader_wsppt:from_file:122 - Loading motion from groot/rl/data/motions/g1_wsdpt/33demos_675_775/record_2025-10-31_04-32-21_0.687m.npz...
2026-03-26 19:13:36.007 | INFO     | groot.rl.utils.teleop_reset_lib.motion_loader_wsppt:__init__:116 - Motion loaded: duration: 9.98 sec, frames: 500
2026-03-26 19:13:36.007 | INFO     | groot.rl.utils.teleop_reset_lib.motion_loader_wsppt:from_file:122 - Loading motion from groot/rl/data/motions/g1_wsdpt/33demos_675_775/record_2025-10-26_23-05-56_0.695m_v0.npz...
2026-03-26 19:13:36.011 | INFO     | groot.rl.utils.teleop_reset_lib.motion_loader_wsppt:__init__:116 - Motion loaded: duration: 11.72 sec, frames: 587
2026-03-26 19:13:36.011 | INFO     | groot.rl.utils.teleop_reset_lib.motion_loader_wsppt:from_file:122 - Loading motion from groot/rl/data/motions/g1_wsdpt/33demos_675_775/record_2025-10-14_22-06-43_0.750m.npz...
2026-03-26 19:13:36.015 | INFO     | groot.rl.utils.teleop_reset_lib.motion_loader_wsppt:__init__:116 - Motion loaded: duration: 10.08 sec, frames: 505
2026-03-26 19:13:36.015 | INFO     | groot.rl.utils.teleop_reset_lib.motion_loader_wsppt:from_file:122 - Loading motion from groot/rl/data/motions/g1_wsdpt/33demos_675_775/record_2025-10-26_22-36-28_0.685m_v0..npz...
2026-03-26 19:13:36.019 | INFO     | groot.rl.utils.teleop_reset_lib.motion_loader_wsppt:__init__:116 - Motion loaded: duration: 11.42 sec, frames: 572
2026-03-26 19:13:36.019 | INFO     | groot.rl.utils.teleop_reset_lib.motion_loader_wsppt:from_file:122 - Loading motion from groot/rl/data/motions/g1_wsdpt/33demos_675_775/record_2025-10-26_23-06-50_0.695m_v0.npz...
2026-03-26 19:13:36.023 | INFO     | groot.rl.utils.teleop_reset_lib.motion_loader_wsppt:__init__:116 - Motion loaded: duration: 12.16 sec, frames: 609
2026-03-26 19:13:36.023 | INFO     | groot.rl.utils.teleop_reset_lib.motion_loader_wsppt:from_file:122 - Loading motion from groot/rl/data/motions/g1_wsdpt/33demos_675_775/record_2025-10-27_00-01-05_0.715m_v1.npz...
2026-03-26 19:13:36.027 | INFO     | groot.rl.utils.teleop_reset_lib.motion_loader_wsppt:__init__:116 - Motion loaded: duration: 13.540000000000001 sec, frames: 678
2026-03-26 19:13:36.027 | INFO     | groot.rl.utils.teleop_reset_lib.motion_loader_wsppt:from_file:122 - Loading motion from groot/rl/data/motions/g1_wsdpt/33demos_675_775/record_2025-10-26_22-46-35_0.685m_v1.npz...
2026-03-26 19:13:36.031 | INFO     | groot.rl.utils.teleop_reset_lib.motion_loader_wsppt:__init__:116 - Motion loaded: duration: 11.72 sec, frames: 587
2026-03-26 19:13:36.031 | INFO     | groot.rl.utils.teleop_reset_lib.motion_loader_wsppt:from_file:122 - Loading motion from groot/rl/data/motions/g1_wsdpt/33demos_675_775/record_2025-10-26_23-01-43_0.695m_v0.npz...
2026-03-26 19:13:36.035 | INFO     | groot.rl.utils.teleop_reset_lib.motion_loader_wsppt:__init__:116 - Motion loaded: duration: 13.24 sec, frames: 663
2026-03-26 19:13:36.035 | INFO     | groot.rl.utils.teleop_reset_lib.motion_loader_wsppt:from_file:122 - Loading motion from groot/rl/data/motions/g1_wsdpt/33demos_675_775/record_2025-10-27_00-28-35_0.725m_v0.npz...
2026-03-26 19:13:36.038 | INFO     | groot.rl.utils.teleop_reset_lib.motion_loader_wsppt:__init__:116 - Motion loaded: duration: 13.64 sec, frames: 683
2026-03-26 19:13:36.039 | INFO     | groot.rl.utils.teleop_reset_lib.motion_loader_wsppt:from_file:122 - Loading motion from groot/rl/data/motions/g1_wsdpt/33demos_675_775/record_2025-10-31_03-32-46_0.734m.npz...
2026-03-26 19:13:36.042 | INFO     | groot.rl.utils.teleop_reset_lib.motion_loader_wsppt:__init__:116 - Motion loaded: duration: 12.14 sec, frames: 608
2026-03-26 19:13:36.042 | INFO     | groot.rl.utils.teleop_reset_lib.motion_loader_wsppt:from_file:122 - Loading motion from groot/rl/data/motions/g1_wsdpt/33demos_675_775/record_2025-10-26_22-05-19_0.675m_v0.npz...
2026-03-26 19:13:36.045 | INFO     | groot.rl.utils.teleop_reset_lib.motion_loader_wsppt:__init__:116 - Motion loaded: duration: 13.5 sec, frames: 676
2026-03-26 19:13:36.046 | INFO     | groot.rl.utils.teleop_reset_lib.motion_loader_wsppt:from_file:122 - Loading motion from groot/rl/data/motions/g1_wsdpt/33demos_675_775/record_2025-10-27_01-11-57_0.735m_v1.npz...
2026-03-26 19:13:36.049 | INFO     | groot.rl.utils.teleop_reset_lib.motion_loader_wsppt:__init__:116 - Motion loaded: duration: 11.1 sec, frames: 556
2026-03-26 19:13:36.050 | INFO     | groot.rl.utils.teleop_reset_lib.motion_loader_wsppt:from_file:122 - Loading motion from groot/rl/data/motions/g1_wsdpt/33demos_675_775/record_2025-10-31_03-36-45_0.754m.npz...
2026-03-26 19:13:36.053 | INFO     | groot.rl.utils.teleop_reset_lib.motion_loader_wsppt:__init__:116 - Motion loaded: duration: 11.88 sec, frames: 595
2026-03-26 19:13:36.053 | INFO     | groot.rl.utils.teleop_reset_lib.motion_loader_wsppt:from_file:122 - Loading motion from groot/rl/data/motions/g1_wsdpt/33demos_675_775/record_2025-10-26_23-29-39_0.705m_v0.npz...
2026-03-26 19:13:36.057 | INFO     | groot.rl.utils.teleop_reset_lib.motion_loader_wsppt:__init__:116 - Motion loaded: duration: 14.14 sec, frames: 708
2026-03-26 19:13:36.057 | INFO     | groot.rl.utils.teleop_reset_lib.motion_loader_wsppt:from_file:122 - Loading motion from groot/rl/data/motions/g1_wsdpt/33demos_675_775/record_2025-10-26_23-37-22_0.705m_v1.npz...
2026-03-26 19:13:36.061 | INFO     | groot.rl.utils.teleop_reset_lib.motion_loader_wsppt:__init__:116 - Motion loaded: duration: 12.700000000000001 sec, frames: 636
2026-03-26 19:13:36.061 | INFO     | groot.rl.utils.teleop_reset_lib.motion_loader_wsppt:from_file:122 - Loading motion from groot/rl/data/motions/g1_wsdpt/33demos_675_775/record_2025-10-14_22-03-48_0.750m.npz...
2026-03-26 19:13:36.065 | INFO     | groot.rl.utils.teleop_reset_lib.motion_loader_wsppt:__init__:116 - Motion loaded: duration: 8.76 sec, frames: 439
2026-03-26 19:13:36.065 | INFO     | groot.rl.utils.teleop_reset_lib.motion_loader_wsppt:from_file:122 - Loading motion from groot/rl/data/motions/g1_wsdpt/33demos_675_775/record_2025-10-26_23-58-03_0.715m_v1.npz...
2026-03-26 19:13:36.068 | INFO     | groot.rl.utils.teleop_reset_lib.motion_loader_wsppt:__init__:116 - Motion loaded: duration: 10.74 sec, frames: 538
2026-03-26 19:13:36.069 | INFO     | groot.rl.utils.teleop_reset_lib.motion_loader_wsppt:from_file:122 - Loading motion from groot/rl/data/motions/g1_wsdpt/33demos_675_775/record_2025-10-31_04-21-05_0.677m.npz...
2026-03-26 19:13:36.072 | INFO     | groot.rl.utils.teleop_reset_lib.motion_loader_wsppt:__init__:116 - Motion loaded: duration: 10.98 sec, frames: 550
2026-03-26 19:13:36.072 | INFO     | groot.rl.utils.teleop_reset_lib.motion_loader_wsppt:from_file:122 - Loading motion from groot/rl/data/motions/g1_wsdpt/33demos_675_775/record_2025-10-31_04-35-06_0.697m.npz...
2026-03-26 19:13:36.075 | INFO     | groot.rl.utils.teleop_reset_lib.motion_loader_wsppt:__init__:116 - Motion loaded: duration: 10.5 sec, frames: 526
2026-03-26 19:13:36.075 | INFO     | groot.rl.utils.teleop_reset_lib.motion_loader_wsppt:from_file:122 - Loading motion from groot/rl/data/motions/g1_wsdpt/33demos_675_775/record_2025-10-26_23-48-32_0.715m_v0.npz...
2026-03-26 19:13:36.079 | INFO     | groot.rl.utils.teleop_reset_lib.motion_loader_wsppt:__init__:116 - Motion loaded: duration: 13.14 sec, frames: 658
2026-03-26 19:13:36.079 | INFO     | groot.rl.utils.teleop_reset_lib.motion_loader_wsppt:from_file:122 - Loading motion from groot/rl/data/motions/g1_wsdpt/33demos_675_775/record_2025-10-26_23-56-56_0.715m_v1.npz...
2026-03-26 19:13:36.083 | INFO     | groot.rl.utils.teleop_reset_lib.motion_loader_wsppt:__init__:116 - Motion loaded: duration: 12.18 sec, frames: 610
2026-03-26 19:13:36.083 | INFO     | groot.rl.utils.teleop_reset_lib.motion_loader_wsppt:from_file:122 - Loading motion from groot/rl/data/motions/g1_wsdpt/33demos_675_775/record_2025-10-26_22-07-48_0.675m_v0.npz...
2026-03-26 19:13:36.087 | INFO     | groot.rl.utils.teleop_reset_lib.motion_loader_wsppt:__init__:116 - Motion loaded: duration: 14.22 sec, frames: 712
2026-03-26 19:13:36.087 | INFO     | groot.rl.utils.teleop_reset_lib.motion_loader_wsppt:from_file:122 - Loading motion from groot/rl/data/motions/g1_wsdpt/33demos_675_775/record_2025-10-26_23-25-41_0.705m_v0.npz...
2026-03-26 19:13:36.091 | INFO     | groot.rl.utils.teleop_reset_lib.motion_loader_wsppt:__init__:116 - Motion loaded: duration: 12.94 sec, frames: 648
2026-03-26 19:13:36.091 | INFO     | groot.rl.utils.teleop_reset_lib.motion_loader_wsppt:from_file:122 - Loading motion from groot/rl/data/motions/g1_wsdpt/33demos_675_775/record_2025-10-26_22-09-16_0.675m_v0.npz...
2026-03-26 19:13:36.095 | INFO     | groot.rl.utils.teleop_reset_lib.motion_loader_wsppt:__init__:116 - Motion loaded: duration: 13.46 sec, frames: 674
2026-03-26 19:13:36.095 | INFO     | groot.rl.utils.teleop_reset_lib.motion_loader_wsppt:from_file:122 - Loading motion from groot/rl/data/motions/g1_wsdpt/33demos_675_775/record_2025-10-31_03-07-29_0.674m.npz...
2026-03-26 19:13:36.099 | INFO     | groot.rl.utils.teleop_reset_lib.motion_loader_wsppt:__init__:116 - Motion loaded: duration: 14.3 sec, frames: 716
2026-03-26 19:13:36.099 | INFO     | groot.rl.utils.teleop_reset_lib.motion_loader_wsppt:from_file:122 - Loading motion from groot/rl/data/motions/g1_wsdpt/33demos_675_775/record_2025-10-31_04-12-43_0.744m.npz...
2026-03-26 19:13:36.103 | INFO     | groot.rl.utils.teleop_reset_lib.motion_loader_wsppt:__init__:116 - Motion loaded: duration: 11.28 sec, frames: 565
2026-03-26 19:13:36.103 | INFO     | groot.rl.utils.teleop_reset_lib.motion_loader_wsppt:from_file:122 - Loading motion from groot/rl/data/motions/g1_wsdpt/33demos_675_775/record_2025-10-14_21-33-23_0.675m.npz...
2026-03-26 19:13:36.106 | INFO     | groot.rl.utils.teleop_reset_lib.motion_loader_wsppt:__init__:116 - Motion loaded: duration: 11.3 sec, frames: 566
2026-03-26 19:13:36.106 | INFO     | groot.rl.utils.teleop_reset_lib.motion_loader_wsppt:from_file:122 - Loading motion from groot/rl/data/motions/g1_wsdpt/33demos_675_775/record_2025-10-27_01-38-47_0.755m_v1.npz...
2026-03-26 19:13:36.109 | INFO     | groot.rl.utils.teleop_reset_lib.motion_loader_wsppt:__init__:116 - Motion loaded: duration: 9.78 sec, frames: 490
2026-03-26 19:13:36.110 | INFO     | groot.rl.utils.teleop_reset_lib.motion_loader_wsppt:from_file:122 - Loading motion from groot/rl/data/motions/g1_wsdpt/33demos_675_775/record_2025-10-27_00-03-08_0.715m_v1.npz...
2026-03-26 19:13:36.113 | INFO     | groot.rl.utils.teleop_reset_lib.motion_loader_wsppt:__init__:116 - Motion loaded: duration: 11.86 sec, frames: 594
2026-03-26 19:13:36.114 | INFO     | groot.rl.utils.teleop_reset_lib.motion_loader_wsppt:from_file:122 - Loading motion from groot/rl/data/motions/g1_wsdpt/33demos_675_775/record_2025-10-14_22-16-50_0.775m.npz...
2026-03-26 19:13:36.117 | INFO     | groot.rl.utils.teleop_reset_lib.motion_loader_wsppt:__init__:116 - Motion loaded: duration: 10.22 sec, frames: 512
2026-03-26 19:13:36.117 | INFO     | groot.rl.utils.teleop_reset_lib.motion_loader_wsppt:from_file:122 - Loading motion from groot/rl/data/motions/g1_wsdpt/33demos_675_775/record_2025-10-31_04-39-26_0.697m.npz...
2026-03-26 19:13:36.120 | INFO     | groot.rl.utils.teleop_reset_lib.motion_loader_wsppt:__init__:116 - Motion loaded: duration: 10.84 sec, frames: 543
2026-03-26 19:13:36.121 | INFO     | groot.rl.utils.teleop_reset_lib.motion_loader_wsppt:from_file:122 - Loading motion from groot/rl/data/motions/g1_wsdpt/33demos_675_775/record_2025-10-26_23-33-48_0.705m_v1.npz...
2026-03-26 19:13:36.124 | INFO     | groot.rl.utils.teleop_reset_lib.motion_loader_wsppt:__init__:116 - Motion loaded: duration: 13.780000000000001 sec, frames: 690
2026-03-26 19:13:36.125 | INFO     | groot.rl.utils.teleop_reset_lib.motion_loader_wsppt:from_file:122 - Loading motion from groot/rl/data/motions/g1_wsdpt/33demos_675_775/record_2025-10-14_21-51-12_0.725m.npz...
2026-03-26 19:13:36.128 | INFO     | groot.rl.utils.teleop_reset_lib.motion_loader_wsppt:__init__:116 - Motion loaded: duration: 9.94 sec, frames: 498
2026-03-26 19:13:36.128 | INFO     | groot.rl.utils.teleop_reset_lib.motion_loader_wsppt:from_file:122 - Loading motion from groot/rl/data/motions/g1_wsdpt/33demos_675_775/record_2025-10-31_03-30-31_0.734m.npz...
2026-03-26 19:13:36.131 | INFO     | groot.rl.utils.teleop_reset_lib.motion_loader_wsppt:__init__:116 - Motion loaded: duration: 11.46 sec, frames: 574
2026-03-26 19:13:36.132 | INFO     | groot.rl.utils.teleop_reset_lib.motion_loader_wsppt:from_file:122 - Loading motion from groot/rl/data/motions/g1_wsdpt/33demos_675_775/record_2025-10-27_00-46-34_0.725m_v1.npz...
2026-03-26 19:13:36.135 | INFO     | groot.rl.utils.teleop_reset_lib.motion_loader_wsppt:__init__:116 - Motion loaded: duration: 11.6 sec, frames: 581
2026-03-26 19:13:36.135 | INFO     | groot.rl.utils.teleop_reset_lib.motion_loader_wsppt:from_file:122 - Loading motion from groot/rl/data/motions/g1_wsdpt/33demos_675_775/record_2025-10-31_04-07-20_0.724m.npz...
2026-03-26 19:13:36.139 | INFO     | groot.rl.utils.teleop_reset_lib.motion_loader_wsppt:__init__:116 - Motion loaded: duration: 9.84 sec, frames: 493
2026-03-26 19:13:36.139 | INFO     | groot.rl.utils.teleop_reset_lib.motion_loader_wsppt:from_file:122 - Loading motion from groot/rl/data/motions/g1_wsdpt/33demos_675_775/record_2025-10-27_02-07-07_0.775m_v0.npz...
2026-03-26 19:13:36.142 | INFO     | groot.rl.utils.teleop_reset_lib.motion_loader_wsppt:__init__:116 - Motion loaded: duration: 10.200000000000001 sec, frames: 511
2026-03-26 19:13:36.142 | INFO     | groot.rl.utils.teleop_reset_lib.motion_loader_wsppt:from_file:122 - Loading motion from groot/rl/data/motions/g1_wsdpt/33demos_675_775/record_2025-10-27_01-31-54_0.755m_v0.npz...
2026-03-26 19:13:36.146 | INFO     | groot.rl.utils.teleop_reset_lib.motion_loader_wsppt:__init__:116 - Motion loaded: duration: 10.200000000000001 sec, frames: 511
2026-03-26 19:13:36.146 | INFO     | groot.rl.utils.teleop_reset_lib.motion_loader_wsppt:from_file:122 - Loading motion from groot/rl/data/motions/g1_wsdpt/33demos_675_775/record_2025-10-26_22-42-17_0.685m_v1.npz...
2026-03-26 19:13:36.150 | INFO     | groot.rl.utils.teleop_reset_lib.motion_loader_wsppt:__init__:116 - Motion loaded: duration: 14.22 sec, frames: 712
2026-03-26 19:13:36.150 | INFO     | groot.rl.utils.teleop_reset_lib.motion_loader_wsppt:from_file:122 - Loading motion from groot/rl/data/motions/g1_wsdpt/33demos_675_775/record_2025-10-31_04-42-33_0.707m.npz...
2026-03-26 19:13:36.154 | INFO     | groot.rl.utils.teleop_reset_lib.motion_loader_wsppt:__init__:116 - Motion loaded: duration: 11.540000000000001 sec, frames: 578
2026-03-26 19:13:36.154 | INFO     | groot.rl.utils.teleop_reset_lib.motion_loader_wsppt:from_file:122 - Loading motion from groot/rl/data/motions/g1_wsdpt/33demos_675_775/record_2025-10-27_01-24-46_0.745m_v0.npz...
2026-03-26 19:13:36.157 | INFO     | groot.rl.utils.teleop_reset_lib.motion_loader_wsppt:__init__:116 - Motion loaded: duration: 11.08 sec, frames: 555
2026-03-26 19:13:36.158 | INFO     | groot.rl.utils.teleop_reset_lib.motion_loader_wsppt:from_file:122 - Loading motion from groot/rl/data/motions/g1_wsdpt/33demos_675_775/record_2025-10-26_22-33-48_0.685m_v0..npz...
2026-03-26 19:13:36.161 | INFO     | groot.rl.utils.teleop_reset_lib.motion_loader_wsppt:__init__:116 - Motion loaded: duration: 12.66 sec, frames: 634
2026-03-26 19:13:36.162 | INFO     | groot.rl.utils.teleop_reset_lib.motion_loader_wsppt:from_file:122 - Loading motion from groot/rl/data/motions/g1_wsdpt/33demos_675_775/record_2025-10-26_22-41-06_0.685m_v1.npz...
2026-03-26 19:13:36.165 | INFO     | groot.rl.utils.teleop_reset_lib.motion_loader_wsppt:__init__:116 - Motion loaded: duration: 13.46 sec, frames: 674
2026-03-26 19:13:36.166 | INFO     | groot.rl.utils.teleop_reset_lib.motion_loader_wsppt:from_file:122 - Loading motion from groot/rl/data/motions/g1_wsdpt/33demos_675_775/record_2025-10-26_23-34-27_0.705m_v1.npz...
2026-03-26 19:13:36.169 | INFO     | groot.rl.utils.teleop_reset_lib.motion_loader_wsppt:__init__:116 - Motion loaded: duration: 12.08 sec, frames: 605
2026-03-26 19:13:36.169 | INFO     | groot.rl.utils.teleop_reset_lib.motion_loader_wsppt:from_file:122 - Loading motion from groot/rl/data/motions/g1_wsdpt/33demos_675_775/record_2025-10-26_22-57-48_0.695m_v0.npz...
2026-03-26 19:13:36.172 | INFO     | groot.rl.utils.teleop_reset_lib.motion_loader_wsppt:__init__:116 - Motion loaded: duration: 11.5 sec, frames: 576
2026-03-26 19:13:36.172 | INFO     | groot.rl.utils.teleop_reset_lib.motion_loader_wsppt:from_file:122 - Loading motion from groot/rl/data/motions/g1_wsdpt/33demos_675_775/record_2025-10-31_03-51-20_0.684m.npz...
2026-03-26 19:13:36.176 | INFO     | groot.rl.utils.teleop_reset_lib.motion_loader_wsppt:__init__:116 - Motion loaded: duration: 10.92 sec, frames: 547
2026-03-26 19:13:36.176 | INFO     | groot.rl.utils.teleop_reset_lib.motion_loader_wsppt:from_file:122 - Loading motion from groot/rl/data/motions/g1_wsdpt/33demos_675_775/record_2025-10-27_01-38-10_0.755m_v1.npz...
2026-03-26 19:13:36.179 | INFO     | groot.rl.utils.teleop_reset_lib.motion_loader_wsppt:__init__:116 - Motion loaded: duration: 11.84 sec, frames: 593
2026-03-26 19:13:36.180 | INFO     | groot.rl.utils.teleop_reset_lib.motion_loader_wsppt:from_file:122 - Loading motion from groot/rl/data/motions/g1_wsdpt/33demos_675_775/record_2025-10-26_23-51-22_0.715m_v0.npz...
2026-03-26 19:13:36.187 | INFO     | groot.rl.utils.teleop_reset_lib.motion_loader_wsppt:__init__:116 - Motion loaded: duration: 11.72 sec, frames: 587
2026-03-26 19:13:36.187 | INFO     | groot.rl.utils.teleop_reset_lib.motion_loader_wsppt:from_file:122 - Loading motion from groot/rl/data/motions/g1_wsdpt/33demos_675_775/record_2025-10-31_04-08-10_0.724m.npz...
2026-03-26 19:13:36.191 | INFO     | groot.rl.utils.teleop_reset_lib.motion_loader_wsppt:__init__:116 - Motion loaded: duration: 10.36 sec, frames: 519
2026-03-26 19:13:36.191 | INFO     | groot.rl.utils.teleop_reset_lib.motion_loader_wsppt:from_file:122 - Loading motion from groot/rl/data/motions/g1_wsdpt/33demos_675_775/record_2025-10-31_04-04-10_0.704m.npz...
2026-03-26 19:13:36.195 | INFO     | groot.rl.utils.teleop_reset_lib.motion_loader_wsppt:__init__:116 - Motion loaded: duration: 11.5 sec, frames: 576
2026-03-26 19:13:36.195 | INFO     | groot.rl.utils.teleop_reset_lib.motion_loader_wsppt:from_file:122 - Loading motion from groot/rl/data/motions/g1_wsdpt/33demos_675_775/record_2025-10-27_00-27-02_0.725m_v0.npz...
2026-03-26 19:13:36.202 | INFO     | groot.rl.utils.teleop_reset_lib.motion_loader_wsppt:__init__:116 - Motion loaded: duration: 16.3 sec, frames: 816
2026-03-26 19:13:36.202 | INFO     | groot.rl.utils.teleop_reset_lib.motion_loader_wsppt:from_file:122 - Loading motion from groot/rl/data/motions/g1_wsdpt/33demos_675_775/record_2025-10-26_23-49-21_0.715m_v0.npz...
2026-03-26 19:13:36.206 | INFO     | groot.rl.utils.teleop_reset_lib.motion_loader_wsppt:__init__:116 - Motion loaded: duration: 11.58 sec, frames: 580
2026-03-26 19:13:36.206 | INFO     | groot.rl.utils.teleop_reset_lib.motion_loader_wsppt:from_file:122 - Loading motion from groot/rl/data/motions/g1_wsdpt/33demos_675_775/record_2025-10-27_01-07-19_0.735m_v1.npz...
2026-03-26 19:13:36.209 | INFO     | groot.rl.utils.teleop_reset_lib.motion_loader_wsppt:__init__:116 - Motion loaded: duration: 11.34 sec, frames: 568
2026-03-26 19:13:36.210 | INFO     | groot.rl.utils.teleop_reset_lib.motion_loader_wsppt:from_file:122 - Loading motion from groot/rl/data/motions/g1_wsdpt/33demos_675_775/record_2025-10-26_23-51-58_0.715m_v0.npz...
2026-03-26 19:13:36.213 | INFO     | groot.rl.utils.teleop_reset_lib.motion_loader_wsppt:__init__:116 - Motion loaded: duration: 13.96 sec, frames: 699
2026-03-26 19:13:36.214 | INFO     | groot.rl.utils.teleop_reset_lib.motion_loader_wsppt:from_file:122 - Loading motion from groot/rl/data/motions/g1_wsdpt/33demos_675_775/record_2025-10-26_22-22-47_0.675m_v1.npz...
2026-03-26 19:13:36.217 | INFO     | groot.rl.utils.teleop_reset_lib.motion_loader_wsppt:__init__:116 - Motion loaded: duration: 12.14 sec, frames: 608
2026-03-26 19:13:36.217 | INFO     | groot.rl.utils.teleop_reset_lib.motion_loader_wsppt:from_file:122 - Loading motion from groot/rl/data/motions/g1_wsdpt/33demos_675_775/record_2025-10-14_21-30-39_0.675m.npz...
2026-03-26 19:13:36.221 | INFO     | groot.rl.utils.teleop_reset_lib.motion_loader_wsppt:__init__:116 - Motion loaded: duration: 13.48 sec, frames: 675
2026-03-26 19:13:36.222 | INFO     | groot.rl.utils.teleop_reset_lib.motion_loader_wsppt:from_file:122 - Loading motion from groot/rl/data/motions/g1_wsdpt/33demos_675_775/record_2025-10-27_02-03-15_0.775m_v0.npz...
2026-03-26 19:13:36.225 | INFO     | groot.rl.utils.teleop_reset_lib.motion_loader_wsppt:__init__:116 - Motion loaded: duration: 11.18 sec, frames: 560
2026-03-26 19:13:36.225 | INFO     | groot.rl.utils.teleop_reset_lib.motion_loader_wsppt:from_file:122 - Loading motion from groot/rl/data/motions/g1_wsdpt/33demos_675_775/record_2025-10-31_04-00-02_0.704m.npz...
2026-03-26 19:13:36.229 | INFO     | groot.rl.utils.teleop_reset_lib.motion_loader_wsppt:__init__:116 - Motion loaded: duration: 12.24 sec, frames: 613
2026-03-26 19:13:36.229 | INFO     | groot.rl.utils.teleop_reset_lib.motion_loader_wsppt:from_file:122 - Loading motion from groot/rl/data/motions/g1_wsdpt/33demos_675_775/record_2025-10-26_22-12-40_0.675m_v0.npz...
2026-03-26 19:13:36.232 | INFO     | groot.rl.utils.teleop_reset_lib.motion_loader_wsppt:__init__:116 - Motion loaded: duration: 10.18 sec, frames: 510
2026-03-26 19:13:36.232 | INFO     | groot.rl.utils.teleop_reset_lib.motion_loader_wsppt:from_file:122 - Loading motion from groot/rl/data/motions/g1_wsdpt/33demos_675_775/record_2025-10-27_01-23-34_0.745m_v0.npz...
2026-03-26 19:13:36.236 | INFO     | groot.rl.utils.teleop_reset_lib.motion_loader_wsppt:__init__:116 - Motion loaded: duration: 10.24 sec, frames: 513
2026-03-26 19:13:36.236 | INFO     | groot.rl.utils.teleop_reset_lib.motion_loader_wsppt:from_file:122 - Loading motion from groot/rl/data/motions/g1_wsdpt/33demos_675_775/record_2025-10-27_00-52-15_0.735m_v0.npz...
2026-03-26 19:13:36.240 | INFO     | groot.rl.utils.teleop_reset_lib.motion_loader_wsppt:__init__:116 - Motion loaded: duration: 14.84 sec, frames: 743
2026-03-26 19:13:36.240 | INFO     | groot.rl.utils.teleop_reset_lib.motion_loader_wsppt:from_file:122 - Loading motion from groot/rl/data/motions/g1_wsdpt/33demos_675_775/record_2025-10-14_21-49-40_0.725m.npz...
2026-03-26 19:13:36.244 | INFO     | groot.rl.utils.teleop_reset_lib.motion_loader_wsppt:__init__:116 - Motion loaded: duration: 12.24 sec, frames: 613
2026-03-26 19:13:36.244 | INFO     | groot.rl.utils.teleop_reset_lib.motion_loader_wsppt:from_file:122 - Loading motion from groot/rl/data/motions/g1_wsdpt/33demos_675_775/record_2025-10-31_04-16-28_0.667m..npz...
2026-03-26 19:13:36.248 | INFO     | groot.rl.utils.teleop_reset_lib.motion_loader_wsppt:__init__:116 - Motion loaded: duration: 10.94 sec, frames: 548
2026-03-26 19:13:36.248 | INFO     | groot.rl.utils.teleop_reset_lib.motion_loader_wsppt:from_file:122 - Loading motion from groot/rl/data/motions/g1_wsdpt/33demos_675_775/record_2025-10-14_22-18-36_0.775m.npz...
2026-03-26 19:13:36.251 | INFO     | groot.rl.utils.teleop_reset_lib.motion_loader_wsppt:__init__:116 - Motion loaded: duration: 10.68 sec, frames: 535
2026-03-26 19:13:36.252 | INFO     | groot.rl.utils.teleop_reset_lib.motion_loader_wsppt:from_file:122 - Loading motion from groot/rl/data/motions/g1_wsdpt/33demos_675_775/record_2025-10-27_01-28-19_0.755m_v0.npz...
2026-03-26 19:13:36.255 | INFO     | groot.rl.utils.teleop_reset_lib.motion_loader_wsppt:__init__:116 - Motion loaded: duration: 10.26 sec, frames: 514
2026-03-26 19:13:36.255 | INFO     | groot.rl.utils.teleop_reset_lib.motion_loader_wsppt:from_file:122 - Loading motion from groot/rl/data/motions/g1_wsdpt/33demos_675_775/record_2025-10-27_01-32-39_0.755m_v0.npz...
2026-03-26 19:13:36.259 | INFO     | groot.rl.utils.teleop_reset_lib.motion_loader_wsppt:__init__:116 - Motion loaded: duration: 13.48 sec, frames: 675
2026-03-26 19:13:36.259 | INFO     | groot.rl.utils.teleop_reset_lib.motion_loader_wsppt:from_file:122 - Loading motion from groot/rl/data/motions/g1_wsdpt/33demos_675_775/record_2025-10-27_01-39-22_0.755m_v1.npz...
2026-03-26 19:13:36.263 | INFO     | groot.rl.utils.teleop_reset_lib.motion_loader_wsppt:__init__:116 - Motion loaded: duration: 11.64 sec, frames: 583
2026-03-26 19:13:36.263 | INFO     | groot.rl.utils.teleop_reset_lib.motion_loader_wsppt:from_file:122 - Loading motion from groot/rl/data/motions/g1_wsdpt/33demos_675_775/record_2025-10-14_22-07-55_0.750m.npz...
2026-03-26 19:13:36.266 | INFO     | groot.rl.utils.teleop_reset_lib.motion_loader_wsppt:__init__:116 - Motion loaded: duration: 11.44 sec, frames: 573
2026-03-26 19:13:36.267 | INFO     | groot.rl.utils.teleop_reset_lib.motion_loader_wsppt:from_file:122 - Loading motion from groot/rl/data/motions/g1_wsdpt/33demos_675_775/record_2025-10-27_00-33-29_0.725m_v0.npz...
2026-03-26 19:13:36.270 | INFO     | groot.rl.utils.teleop_reset_lib.motion_loader_wsppt:__init__:116 - Motion loaded: duration: 13.280000000000001 sec, frames: 665
2026-03-26 19:13:36.270 | INFO     | groot.rl.utils.teleop_reset_lib.motion_loader_wsppt:from_file:122 - Loading motion from groot/rl/data/motions/g1_wsdpt/33demos_675_775/record_2025-10-26_23-41-32_0.705m_v1.npz...
2026-03-26 19:13:36.274 | INFO     | groot.rl.utils.teleop_reset_lib.motion_loader_wsppt:__init__:116 - Motion loaded: duration: 13.46 sec, frames: 674
2026-03-26 19:13:36.274 | INFO     | groot.rl.utils.teleop_reset_lib.motion_loader_wsppt:from_file:122 - Loading motion from groot/rl/data/motions/g1_wsdpt/33demos_675_775/record_2025-10-27_02-04-02_0.775m_v0.npz...
2026-03-26 19:13:36.277 | INFO     | groot.rl.utils.teleop_reset_lib.motion_loader_wsppt:__init__:116 - Motion loaded: duration: 11.86 sec, frames: 594
2026-03-26 19:13:36.278 | INFO     | groot.rl.utils.teleop_reset_lib.motion_loader_wsppt:from_file:122 - Loading motion from groot/rl/data/motions/g1_wsdpt/33demos_675_775/record_2025-10-26_22-48-04_0.685m_v1.npz...
2026-03-26 19:13:36.281 | INFO     | groot.rl.utils.teleop_reset_lib.motion_loader_wsppt:__init__:116 - Motion loaded: duration: 13.42 sec, frames: 672
2026-03-26 19:13:36.282 | INFO     | groot.rl.utils.teleop_reset_lib.motion_loader_wsppt:from_file:122 - Loading motion from groot/rl/data/motions/g1_wsdpt/33demos_675_775/record_2025-10-26_23-35-05_0.705m_v1.npz...
2026-03-26 19:13:36.285 | INFO     | groot.rl.utils.teleop_reset_lib.motion_loader_wsppt:__init__:116 - Motion loaded: duration: 10.9 sec, frames: 546
2026-03-26 19:13:36.285 | INFO     | groot.rl.utils.teleop_reset_lib.motion_loader_wsppt:from_file:122 - Loading motion from groot/rl/data/motions/g1_wsdpt/33demos_675_775/record_2025-10-26_23-18-45_0.695_v1.npz...
2026-03-26 19:13:36.289 | INFO     | groot.rl.utils.teleop_reset_lib.motion_loader_wsppt:__init__:116 - Motion loaded: duration: 12.36 sec, frames: 619
2026-03-26 19:13:36.289 | INFO     | groot.rl.utils.teleop_reset_lib.motion_loader_wsppt:from_file:122 - Loading motion from groot/rl/data/motions/g1_wsdpt/33demos_675_775/record_2025-10-27_02-04-35_0.775m_v0.npz...
2026-03-26 19:13:36.292 | INFO     | groot.rl.utils.teleop_reset_lib.motion_loader_wsppt:__init__:116 - Motion loaded: duration: 10.94 sec, frames: 548
2026-03-26 19:13:36.292 | INFO     | groot.rl.utils.teleop_reset_lib.motion_loader_wsppt:from_file:122 - Loading motion from groot/rl/data/motions/g1_wsdpt/33demos_675_775/record_2025-10-26_23-11-23_0.695_v1.npz...
2026-03-26 19:13:36.296 | INFO     | groot.rl.utils.teleop_reset_lib.motion_loader_wsppt:__init__:116 - Motion loaded: duration: 15.18 sec, frames: 760
2026-03-26 19:13:36.296 | INFO     | groot.rl.utils.teleop_reset_lib.motion_loader_wsppt:from_file:122 - Loading motion from groot/rl/data/motions/g1_wsdpt/33demos_675_775/record_2025-10-27_02-01-46_0.775m_v0.npz...
2026-03-26 19:13:36.300 | INFO     | groot.rl.utils.teleop_reset_lib.motion_loader_wsppt:__init__:116 - Motion loaded: duration: 11.56 sec, frames: 579
2026-03-26 19:13:36.300 | INFO     | groot.rl.utils.teleop_reset_lib.motion_loader_wsppt:from_file:122 - Loading motion from groot/rl/data/motions/g1_wsdpt/33demos_675_775/record_2025-10-31_04-47-5_0.717m.npz...
2026-03-26 19:13:36.303 | INFO     | groot.rl.utils.teleop_reset_lib.motion_loader_wsppt:__init__:116 - Motion loaded: duration: 10.52 sec, frames: 527
2026-03-26 19:13:36.303 | INFO     | groot.rl.utils.teleop_reset_lib.motion_loader_wsppt:from_file:122 - Loading motion from groot/rl/data/motions/g1_wsdpt/33demos_675_775/record_2025-10-26_23-39-18_0.705m_v1.npz...
2026-03-26 19:13:36.307 | INFO     | groot.rl.utils.teleop_reset_lib.motion_loader_wsppt:__init__:116 - Motion loaded: duration: 11.6 sec, frames: 581
2026-03-26 19:13:36.307 | INFO     | groot.rl.utils.teleop_reset_lib.motion_loader_wsppt:from_file:122 - Loading motion from groot/rl/data/motions/g1_wsdpt/33demos_675_775/record_2025-10-31_04-37-37_0.697m.npz...
2026-03-26 19:13:36.311 | INFO     | groot.rl.utils.teleop_reset_lib.motion_loader_wsppt:__init__:116 - Motion loaded: duration: 10.32 sec, frames: 517
2026-03-26 19:13:36.311 | INFO     | groot.rl.utils.teleop_reset_lib.motion_loader_wsppt:from_file:122 - Loading motion from groot/rl/data/motions/g1_wsdpt/33demos_675_775/record_2025-10-27_01-27-12_0.755m_v0.npz...
2026-03-26 19:13:36.316 | INFO     | groot.rl.utils.teleop_reset_lib.motion_loader_wsppt:__init__:116 - Motion loaded: duration: 11.6 sec, frames: 581
2026-03-26 19:13:36.316 | INFO     | groot.rl.utils.teleop_reset_lib.motion_loader_wsppt:from_file:122 - Loading motion from groot/rl/data/motions/g1_wsdpt/33demos_675_775/record_2025-10-26_23-22-41_0.705m_v0.npz...
2026-03-26 19:13:36.320 | INFO     | groot.rl.utils.teleop_reset_lib.motion_loader_wsppt:__init__:116 - Motion loaded: duration: 12.48 sec, frames: 625
2026-03-26 19:13:36.320 | INFO     | groot.rl.utils.teleop_reset_lib.motion_loader_wsppt:from_file:122 - Loading motion from groot/rl/data/motions/g1_wsdpt/33demos_675_775/record_2025-10-31_03-39-18_0.754m.npz...
2026-03-26 19:13:36.323 | INFO     | groot.rl.utils.teleop_reset_lib.motion_loader_wsppt:__init__:116 - Motion loaded: duration: 13.32 sec, frames: 667
2026-03-26 19:13:36.323 | INFO     | groot.rl.utils.teleop_reset_lib.motion_loader_wsppt:from_file:122 - Loading motion from groot/rl/data/motions/g1_wsdpt/33demos_675_775/record_2025-10-27_00-38-25_0.725m_v1.npz...
2026-03-26 19:13:36.327 | INFO     | groot.rl.utils.teleop_reset_lib.motion_loader_wsppt:__init__:116 - Motion loaded: duration: 12.9 sec, frames: 646
2026-03-26 19:13:36.327 | INFO     | groot.rl.utils.teleop_reset_lib.motion_loader_wsppt:from_file:122 - Loading motion from groot/rl/data/motions/g1_wsdpt/33demos_675_775/record_2025-10-27_01-33-23_0.755m_v0.npz...
2026-03-26 19:13:36.331 | INFO     | groot.rl.utils.teleop_reset_lib.motion_loader_wsppt:__init__:116 - Motion loaded: duration: 12.06 sec, frames: 604
2026-03-26 19:13:36.331 | INFO     | groot.rl.utils.teleop_reset_lib.motion_loader_wsppt:from_file:122 - Loading motion from groot/rl/data/motions/g1_wsdpt/33demos_675_775/record_2025-10-26_23-17-29_0.695_v1.npz...
2026-03-26 19:13:36.334 | INFO     | groot.rl.utils.teleop_reset_lib.motion_loader_wsppt:__init__:116 - Motion loaded: duration: 11.28 sec, frames: 565
2026-03-26 19:13:36.335 | INFO     | groot.rl.utils.teleop_reset_lib.motion_loader_wsppt:from_file:122 - Loading motion from groot/rl/data/motions/g1_wsdpt/33demos_675_775/record_2025-10-26_23-36-40_0.705m_v1.npz...
2026-03-26 19:13:36.338 | INFO     | groot.rl.utils.teleop_reset_lib.motion_loader_wsppt:__init__:116 - Motion loaded: duration: 12.72 sec, frames: 637
2026-03-26 19:13:36.338 | INFO     | groot.rl.utils.teleop_reset_lib.motion_loader_wsppt:from_file:122 - Loading motion from groot/rl/data/motions/g1_wsdpt/33demos_675_775/record_2025-10-26_23-47-57_0.715m_v0.npz...
2026-03-26 19:13:36.341 | INFO     | groot.rl.utils.teleop_reset_lib.motion_loader_wsppt:__init__:116 - Motion loaded: duration: 11.94 sec, frames: 598
2026-03-26 19:13:36.342 | INFO     | groot.rl.utils.teleop_reset_lib.motion_loader_wsppt:from_file:122 - Loading motion from groot/rl/data/motions/g1_wsdpt/33demos_675_775/record_2025-10-26_23-58-32_0.715m_v1.npz...
2026-03-26 19:13:36.346 | INFO     | groot.rl.utils.teleop_reset_lib.motion_loader_wsppt:__init__:116 - Motion loaded: duration: 13.88 sec, frames: 695
2026-03-26 19:13:36.346 | INFO     | groot.rl.utils.teleop_reset_lib.motion_loader_wsppt:from_file:122 - Loading motion from groot/rl/data/motions/g1_wsdpt/33demos_675_775/record_2025-10-14_22-14-58_0.775m.npz...
2026-03-26 19:13:36.351 | INFO     | groot.rl.utils.teleop_reset_lib.motion_loader_wsppt:__init__:116 - Motion loaded: duration: 10.52 sec, frames: 527
2026-03-26 19:13:36.351 | INFO     | groot.rl.utils.teleop_reset_lib.motion_loader_wsppt:from_file:122 - Loading motion from groot/rl/data/motions/g1_wsdpt/33demos_675_775/record_2025-10-31_04-29-53_0.687m.npz...
2026-03-26 19:13:36.354 | INFO     | groot.rl.utils.teleop_reset_lib.motion_loader_wsppt:__init__:116 - Motion loaded: duration: 11.120000000000001 sec, frames: 557
2026-03-26 19:13:36.354 | INFO     | groot.rl.utils.teleop_reset_lib.motion_loader_wsppt:from_file:122 - Loading motion from groot/rl/data/motions/g1_wsdpt/33demos_675_775/record_2025-10-31_03-23-49_0.714m.npz...
2026-03-26 19:13:36.358 | INFO     | groot.rl.utils.teleop_reset_lib.motion_loader_wsppt:__init__:116 - Motion loaded: duration: 12.8 sec, frames: 641
2026-03-26 19:13:36.358 | INFO     | groot.rl.utils.teleop_reset_lib.motion_loader_wsppt:from_file:122 - Loading motion from groot/rl/data/motions/g1_wsdpt/33demos_675_775/record_2025-10-26_22-31-34_0.685m_v0..npz...
2026-03-26 19:13:36.361 | INFO     | groot.rl.utils.teleop_reset_lib.motion_loader_wsppt:__init__:116 - Motion loaded: duration: 12.32 sec, frames: 617
2026-03-26 19:13:36.362 | INFO     | groot.rl.utils.teleop_reset_lib.motion_loader_wsppt:from_file:122 - Loading motion from groot/rl/data/motions/g1_wsdpt/33demos_675_775/record_2025-10-27_00-34-03_0.725m_v0.npz...
2026-03-26 19:13:36.365 | INFO     | groot.rl.utils.teleop_reset_lib.motion_loader_wsppt:__init__:116 - Motion loaded: duration: 13.9 sec, frames: 696
2026-03-26 19:13:36.366 | INFO     | groot.rl.utils.teleop_reset_lib.motion_loader_wsppt:from_file:122 - Loading motion from groot/rl/data/motions/g1_wsdpt/33demos_675_775/record_2025-10-31_04-11-42_0.744m.npz...
2026-03-26 19:13:36.369 | INFO     | groot.rl.utils.teleop_reset_lib.motion_loader_wsppt:__init__:116 - Motion loaded: duration: 11.08 sec, frames: 555
2026-03-26 19:13:36.369 | INFO     | groot.rl.utils.teleop_reset_lib.motion_loader_wsppt:from_file:122 - Loading motion from groot/rl/data/motions/g1_wsdpt/33demos_675_775/record_2025-10-27_00-06-02_0.715m_v1.npz...
2026-03-26 19:13:36.372 | INFO     | groot.rl.utils.teleop_reset_lib.motion_loader_wsppt:__init__:116 - Motion loaded: duration: 9.28 sec, frames: 465
2026-03-26 19:13:36.372 | INFO     | groot.rl.utils.teleop_reset_lib.motion_loader_wsppt:from_file:122 - Loading motion from groot/rl/data/motions/g1_wsdpt/33demos_675_775/record_2025-10-26_23-21-03_0.705m_v0.npz...
2026-03-26 19:13:36.376 | INFO     | groot.rl.utils.teleop_reset_lib.motion_loader_wsppt:__init__:116 - Motion loaded: duration: 15.64 sec, frames: 783
2026-03-26 19:13:36.376 | INFO     | groot.rl.utils.teleop_reset_lib.motion_loader_wsppt:from_file:122 - Loading motion from groot/rl/data/motions/g1_wsdpt/33demos_675_775/record_2025-10-27_00-38-59_0.725m_v1.npz...
2026-03-26 19:13:36.380 | INFO     | groot.rl.utils.teleop_reset_lib.motion_loader_wsppt:__init__:116 - Motion loaded: duration: 12.68 sec, frames: 635
2026-03-26 19:13:36.380 | INFO     | groot.rl.utils.teleop_reset_lib.motion_loader_wsppt:from_file:122 - Loading motion from groot/rl/data/motions/g1_wsdpt/33demos_675_775/record_2025-10-31_03-58-27_0.704m.npz...
2026-03-26 19:13:36.384 | INFO     | groot.rl.utils.teleop_reset_lib.motion_loader_wsppt:__init__:116 - Motion loaded: duration: 11.5 sec, frames: 576
2026-03-26 19:13:36.384 | INFO     | groot.rl.utils.teleop_reset_lib.motion_loader_wsppt:from_file:122 - Loading motion from groot/rl/data/motions/g1_wsdpt/33demos_675_775/record_2025-10-31_04-50-31_0.717m.npz...
2026-03-26 19:13:36.388 | INFO     | groot.rl.utils.teleop_reset_lib.motion_loader_wsppt:__init__:116 - Motion loaded: duration: 11.92 sec, frames: 597
2026-03-26 19:13:36.388 | INFO     | groot.rl.utils.teleop_reset_lib.motion_loader_wsppt:from_file:122 - Loading motion from groot/rl/data/motions/g1_wsdpt/33demos_675_775/record_2025-10-27_00-53-37_0.735m_v0.npz...
2026-03-26 19:13:36.391 | INFO     | groot.rl.utils.teleop_reset_lib.motion_loader_wsppt:__init__:116 - Motion loaded: duration: 14.14 sec, frames: 708
2026-03-26 19:13:36.392 | INFO     | groot.rl.utils.teleop_reset_lib.motion_loader_wsppt:from_file:122 - Loading motion from groot/rl/data/motions/g1_wsdpt/33demos_675_775/record_2025-10-31_03-39-58_0.754m.npz...
2026-03-26 19:13:36.395 | INFO     | groot.rl.utils.teleop_reset_lib.motion_loader_wsppt:__init__:116 - Motion loaded: duration: 14.44 sec, frames: 723
2026-03-26 19:13:36.396 | INFO     | groot.rl.utils.teleop_reset_lib.motion_loader_wsppt:from_file:122 - Loading motion from groot/rl/data/motions/g1_wsdpt/33demos_675_775/record_2025-10-14_21-29-22_0.675m.npz...
2026-03-26 19:13:36.400 | INFO     | groot.rl.utils.teleop_reset_lib.motion_loader_wsppt:__init__:116 - Motion loaded: duration: 13.02 sec, frames: 652
2026-03-26 19:13:36.400 | INFO     | groot.rl.utils.teleop_reset_lib.motion_loader_wsppt:from_file:122 - Loading motion from groot/rl/data/motions/g1_wsdpt/33demos_675_775/record_2025-10-27_00-25-17_0.725m_v0.npz...
2026-03-26 19:13:36.403 | INFO     | groot.rl.utils.teleop_reset_lib.motion_loader_wsppt:__init__:116 - Motion loaded: duration: 12.22 sec, frames: 612
2026-03-26 19:13:36.404 | INFO     | groot.rl.utils.teleop_reset_lib.motion_loader_wsppt:from_file:122 - Loading motion from groot/rl/data/motions/g1_wsdpt/33demos_675_775/record_2025-10-14_21-42-14_0.700m.npz...
2026-03-26 19:13:36.407 | INFO     | groot.rl.utils.teleop_reset_lib.motion_loader_wsppt:__init__:116 - Motion loaded: duration: 12.200000000000001 sec, frames: 611
2026-03-26 19:13:36.407 | INFO     | groot.rl.utils.teleop_reset_lib.motion_loader_wsppt:from_file:122 - Loading motion from groot/rl/data/motions/g1_wsdpt/33demos_675_775/record_2025-10-27_01-49-18_0.765m_v0.npz...
2026-03-26 19:13:36.410 | INFO     | groot.rl.utils.teleop_reset_lib.motion_loader_wsppt:__init__:116 - Motion loaded: duration: 12.200000000000001 sec, frames: 611
2026-03-26 19:13:36.411 | INFO     | groot.rl.utils.teleop_reset_lib.motion_loader_wsppt:from_file:122 - Loading motion from groot/rl/data/motions/g1_wsdpt/33demos_675_775/record_2025-10-31_04-24-26_0.677m.npz...
2026-03-26 19:13:36.415 | INFO     | groot.rl.utils.teleop_reset_lib.motion_loader_wsppt:__init__:116 - Motion loaded: duration: 10.46 sec, frames: 524
2026-03-26 19:13:36.415 | INFO     | groot.rl.utils.teleop_reset_lib.motion_loader_wsppt:from_file:122 - Loading motion from groot/rl/data/motions/g1_wsdpt/33demos_675_775/record_2025-10-14_21-28-47_0.675m.npz...
2026-03-26 19:13:36.421 | INFO     | groot.rl.utils.teleop_reset_lib.motion_loader_wsppt:__init__:116 - Motion loaded: duration: 12.72 sec, frames: 637
2026-03-26 19:13:36.421 | INFO     | groot.rl.utils.teleop_reset_lib.motion_loader_wsppt:from_file:122 - Loading motion from groot/rl/data/motions/g1_wsdpt/33demos_675_775/record_2025-10-27_02-05-40_0.775m_v0.npz...
2026-03-26 19:13:36.424 | INFO     | groot.rl.utils.teleop_reset_lib.motion_loader_wsppt:__init__:116 - Motion loaded: duration: 12.700000000000001 sec, frames: 636
2026-03-26 19:13:36.425 | INFO     | groot.rl.utils.teleop_reset_lib.motion_loader_wsppt:from_file:122 - Loading motion from groot/rl/data/motions/g1_wsdpt/33demos_675_775/record_2025-10-27_01-16-52_0.745m_v0.npz...
2026-03-26 19:13:36.428 | INFO     | groot.rl.utils.teleop_reset_lib.motion_loader_wsppt:__init__:116 - Motion loaded: duration: 11.0 sec, frames: 551
2026-03-26 19:13:36.428 | INFO     | groot.rl.utils.teleop_reset_lib.motion_loader_wsppt:from_file:122 - Loading motion from groot/rl/data/motions/g1_wsdpt/33demos_675_775/record_2025-10-27_01-43-11_0.755m_v1.npz...
2026-03-26 19:13:36.431 | INFO     | groot.rl.utils.teleop_reset_lib.motion_loader_wsppt:__init__:116 - Motion loaded: duration: 10.88 sec, frames: 545
2026-03-26 19:13:36.432 | INFO     | groot.rl.utils.teleop_reset_lib.motion_loader_wsppt:from_file:122 - Loading motion from groot/rl/data/motions/g1_wsdpt/33demos_675_775/record_2025-10-14_22-16-23_0.775m.npz...
2026-03-26 19:13:36.435 | INFO     | groot.rl.utils.teleop_reset_lib.motion_loader_wsppt:__init__:116 - Motion loaded: duration: 9.16 sec, frames: 459
2026-03-26 19:13:36.435 | INFO     | groot.rl.utils.teleop_reset_lib.motion_loader_wsppt:from_file:122 - Loading motion from groot/rl/data/motions/g1_wsdpt/33demos_675_775/record_2025-10-14_21-51-45_0.725m.npz...
2026-03-26 19:13:36.438 | INFO     | groot.rl.utils.teleop_reset_lib.motion_loader_wsppt:__init__:116 - Motion loaded: duration: 9.6 sec, frames: 481
2026-03-26 19:13:36.438 | INFO     | groot.rl.utils.teleop_reset_lib.motion_loader_wsppt:from_file:122 - Loading motion from groot/rl/data/motions/g1_wsdpt/33demos_675_775/record_2025-10-26_22-45-08_0.685m_v1.npz...
2026-03-26 19:13:36.441 | INFO     | groot.rl.utils.teleop_reset_lib.motion_loader_wsppt:__init__:116 - Motion loaded: duration: 11.96 sec, frames: 599
2026-03-26 19:13:36.442 | INFO     | groot.rl.utils.teleop_reset_lib.motion_loader_wsppt:from_file:122 - Loading motion from groot/rl/data/motions/g1_wsdpt/33demos_675_775/record_2025-10-26_23-42-41_0.705m_v1.npz...
2026-03-26 19:13:36.445 | INFO     | groot.rl.utils.teleop_reset_lib.motion_loader_wsppt:__init__:116 - Motion loaded: duration: 11.34 sec, frames: 568
2026-03-26 19:13:36.445 | INFO     | groot.rl.utils.teleop_reset_lib.motion_loader_wsppt:from_file:122 - Loading motion from groot/rl/data/motions/g1_wsdpt/33demos_675_775/record_2025-10-26_23-09-38_0.695_v1.npz...
2026-03-26 19:13:36.450 | INFO     | groot.rl.utils.teleop_reset_lib.motion_loader_wsppt:__init__:116 - Motion loaded: duration: 13.120000000000001 sec, frames: 657
2026-03-26 19:13:36.450 | INFO     | groot.rl.utils.teleop_reset_lib.motion_loader_wsppt:from_file:122 - Loading motion from groot/rl/data/motions/g1_wsdpt/33demos_675_775/record_2025-10-31_03-28-48_0.734m.npz...
2026-03-26 19:13:36.453 | INFO     | groot.rl.utils.teleop_reset_lib.motion_loader_wsppt:__init__:116 - Motion loaded: duration: 12.94 sec, frames: 648
2026-03-26 19:13:36.454 | INFO     | groot.rl.utils.teleop_reset_lib.motion_loader_wsppt:from_file:122 - Loading motion from groot/rl/data/motions/g1_wsdpt/33demos_675_775/record_2025-10-14_21-35-38_0.675m.npz...
2026-03-26 19:13:36.457 | INFO     | groot.rl.utils.teleop_reset_lib.motion_loader_wsppt:__init__:116 - Motion loaded: duration: 11.24 sec, frames: 563
2026-03-26 19:13:36.457 | INFO     | groot.rl.utils.teleop_reset_lib.motion_loader_wsppt:from_file:122 - Loading motion from groot/rl/data/motions/g1_wsdpt/33demos_675_775/record_2025-10-26_23-49-56_0.715m_v0.npz...
2026-03-26 19:13:36.461 | INFO     | groot.rl.utils.teleop_reset_lib.motion_loader_wsppt:__init__:116 - Motion loaded: duration: 14.94 sec, frames: 748
2026-03-26 19:13:36.462 | INFO     | groot.rl.utils.teleop_reset_lib.motion_loader_wsppt:from_file:122 - Loading motion from groot/rl/data/motions/g1_wsdpt/33demos_675_775/record_2025-10-27_01-47-36_0.765m_v0.npz...
2026-03-26 19:13:36.466 | INFO     | groot.rl.utils.teleop_reset_lib.motion_loader_wsppt:__init__:116 - Motion loaded: duration: 12.46 sec, frames: 624
2026-03-26 19:13:36.466 | INFO     | groot.rl.utils.teleop_reset_lib.motion_loader_wsppt:from_file:122 - Loading motion from groot/rl/data/motions/g1_wsdpt/33demos_675_775/record_2025-10-14_22-05-35_0.750m.npz...
2026-03-26 19:13:36.469 | INFO     | groot.rl.utils.teleop_reset_lib.motion_loader_wsppt:__init__:116 - Motion loaded: duration: 8.58 sec, frames: 430
2026-03-26 19:13:36.469 | INFO     | groot.rl.utils.teleop_reset_lib.motion_loader_wsppt:from_file:122 - Loading motion from groot/rl/data/motions/g1_wsdpt/33demos_675_775/record_2025-10-26_22-10-53_0.675m_v0.npz...
2026-03-26 19:13:36.473 | INFO     | groot.rl.utils.teleop_reset_lib.motion_loader_wsppt:__init__:116 - Motion loaded: duration: 13.16 sec, frames: 659
2026-03-26 19:13:36.473 | INFO     | groot.rl.utils.teleop_reset_lib.motion_loader_wsppt:from_file:122 - Loading motion from groot/rl/data/motions/g1_wsdpt/33demos_675_775/record_2025-10-31_04-43-50_0.707m.npz...
2026-03-26 19:13:36.477 | INFO     | groot.rl.utils.teleop_reset_lib.motion_loader_wsppt:__init__:116 - Motion loaded: duration: 11.84 sec, frames: 593
2026-03-26 19:13:36.477 | INFO     | groot.rl.utils.teleop_reset_lib.motion_loader_wsppt:from_file:122 - Loading motion from groot/rl/data/motions/g1_wsdpt/33demos_675_775/record_2025-10-26_23-26-49_0.705m_v0.npz...
2026-03-26 19:13:36.482 | INFO     | groot.rl.utils.teleop_reset_lib.motion_loader_wsppt:__init__:116 - Motion loaded: duration: 12.32 sec, frames: 617
2026-03-26 19:13:36.482 | INFO     | groot.rl.utils.teleop_reset_lib.motion_loader_wsppt:from_file:122 - Loading motion from groot/rl/data/motions/g1_wsdpt/33demos_675_775/record_2025-10-27_01-17-23_0.745m_v0.npz...
2026-03-26 19:13:36.485 | INFO     | groot.rl.utils.teleop_reset_lib.motion_loader_wsppt:__init__:116 - Motion loaded: duration: 12.36 sec, frames: 619
2026-03-26 19:13:36.486 | INFO     | groot.rl.utils.teleop_reset_lib.motion_loader_wsppt:from_file:122 - Loading motion from groot/rl/data/motions/g1_wsdpt/33demos_675_775/record_2025-10-31_04-17-12_0.667m..npz...
2026-03-26 19:13:36.489 | INFO     | groot.rl.utils.teleop_reset_lib.motion_loader_wsppt:__init__:116 - Motion loaded: duration: 10.88 sec, frames: 545
2026-03-26 19:13:36.489 | INFO     | groot.rl.utils.teleop_reset_lib.motion_loader_wsppt:from_file:122 - Loading motion from groot/rl/data/motions/g1_wsdpt/33demos_675_775/record_2025-10-31_04-49-49_0.717m.npz...
2026-03-26 19:13:36.493 | INFO     | groot.rl.utils.teleop_reset_lib.motion_loader_wsppt:__init__:116 - Motion loaded: duration: 11.24 sec, frames: 563
2026-03-26 19:13:36.493 | INFO     | groot.rl.utils.teleop_reset_lib.motion_loader_wsppt:from_file:122 - Loading motion from groot/rl/data/motions/g1_wsdpt/33demos_675_775/record_2025-10-31_03-49-30_0.684m.npz...
2026-03-26 19:13:36.497 | INFO     | groot.rl.utils.teleop_reset_lib.motion_loader_wsppt:__init__:116 - Motion loaded: duration: 12.46 sec, frames: 624
2026-03-26 19:13:36.497 | INFO     | groot.rl.utils.teleop_reset_lib.motion_loader_wsppt:from_file:122 - Loading motion from groot/rl/data/motions/g1_wsdpt/33demos_675_775/record_2025-10-31_03-43-06_0.664m.npz...
2026-03-26 19:13:36.502 | INFO     | groot.rl.utils.teleop_reset_lib.motion_loader_wsppt:__init__:116 - Motion loaded: duration: 17.86 sec, frames: 894
2026-03-26 19:13:36.502 | INFO     | groot.rl.utils.teleop_reset_lib.motion_loader_wsppt:from_file:122 - Loading motion from groot/rl/data/motions/g1_wsdpt/33demos_675_775/record_2025-10-27_00-45-05_0.725m_v1.npz...
2026-03-26 19:13:36.505 | INFO     | groot.rl.utils.teleop_reset_lib.motion_loader_wsppt:__init__:116 - Motion loaded: duration: 10.78 sec, frames: 540
2026-03-26 19:13:36.505 | INFO     | groot.rl.utils.teleop_reset_lib.motion_loader_wsppt:from_file:122 - Loading motion from groot/rl/data/motions/g1_wsdpt/33demos_675_775/record_2025-10-31_03-15-45_0.694m.npz...
2026-03-26 19:13:36.509 | INFO     | groot.rl.utils.teleop_reset_lib.motion_loader_wsppt:__init__:116 - Motion loaded: duration: 13.540000000000001 sec, frames: 678
2026-03-26 19:13:36.509 | INFO     | groot.rl.utils.teleop_reset_lib.motion_loader_wsppt:from_file:122 - Loading motion from groot/rl/data/motions/g1_wsdpt/33demos_675_775/record_2025-10-27_00-00-22_0.715m_v1.npz...
2026-03-26 19:13:36.512 | INFO     | groot.rl.utils.teleop_reset_lib.motion_loader_wsppt:__init__:116 - Motion loaded: duration: 10.9 sec, frames: 546
2026-03-26 19:13:36.513 | INFO     | groot.rl.utils.teleop_reset_lib.motion_loader_wsppt:from_file:122 - Loading motion from groot/rl/data/motions/g1_wsdpt/33demos_675_775/record_2025-10-14_22-19-17_0.775m.npz...
2026-03-26 19:13:36.516 | INFO     | groot.rl.utils.teleop_reset_lib.motion_loader_wsppt:__init__:116 - Motion loaded: duration: 11.82 sec, frames: 592
2026-03-26 19:13:36.517 | INFO     | groot.rl.utils.teleop_reset_lib.motion_loader_wsppt:from_file:122 - Loading motion from groot/rl/data/motions/g1_wsdpt/33demos_675_775/record_2025-10-31_04-23-16_0.677m.npz...
2026-03-26 19:13:36.520 | INFO     | groot.rl.utils.teleop_reset_lib.motion_loader_wsppt:__init__:116 - Motion loaded: duration: 12.46 sec, frames: 624
2026-03-26 19:13:36.520 | INFO     | groot.rl.utils.teleop_reset_lib.motion_loader_wsppt:from_file:122 - Loading motion from groot/rl/data/motions/g1_wsdpt/33demos_675_775/record_2025-10-27_01-19-04_0.745m_v0.npz...
2026-03-26 19:13:36.523 | INFO     | groot.rl.utils.teleop_reset_lib.motion_loader_wsppt:__init__:116 - Motion loaded: duration: 11.66 sec, frames: 584
2026-03-26 19:13:36.524 | INFO     | groot.rl.utils.teleop_reset_lib.motion_loader_wsppt:from_file:122 - Loading motion from groot/rl/data/motions/g1_wsdpt/33demos_675_775/record_2025-10-26_23-46-37_0.715m_v0.npz...
2026-03-26 19:13:36.528 | INFO     | groot.rl.utils.teleop_reset_lib.motion_loader_wsppt:__init__:116 - Motion loaded: duration: 12.42 sec, frames: 622
2026-03-26 19:13:36.528 | INFO     | groot.rl.utils.teleop_reset_lib.motion_loader_wsppt:from_file:122 - Loading motion from groot/rl/data/motions/g1_wsdpt/33demos_675_775/record_2025-10-27_00-39-36_0.725m_v1.npz...
2026-03-26 19:13:36.532 | INFO     | groot.rl.utils.teleop_reset_lib.motion_loader_wsppt:__init__:116 - Motion loaded: duration: 13.66 sec, frames: 684
2026-03-26 19:13:36.532 | INFO     | groot.rl.utils.teleop_reset_lib.motion_loader_wsppt:from_file:122 - Loading motion from groot/rl/data/motions/g1_wsdpt/33demos_675_775/record_2025-10-31_03-10-40_0.674m.npz...
2026-03-26 19:13:36.536 | INFO     | groot.rl.utils.teleop_reset_lib.motion_loader_wsppt:__init__:116 - Motion loaded: duration: 15.46 sec, frames: 774
2026-03-26 19:13:36.536 | INFO     | groot.rl.utils.teleop_reset_lib.motion_loader_wsppt:from_file:122 - Loading motion from groot/rl/data/motions/g1_wsdpt/33demos_675_775/record_2025-10-27_02-01-18_0.775m_v0.npz...
2026-03-26 19:13:36.539 | INFO     | groot.rl.utils.teleop_reset_lib.motion_loader_wsppt:__init__:116 - Motion loaded: duration: 10.92 sec, frames: 547
2026-03-26 19:13:36.539 | INFO     | groot.rl.utils.teleop_reset_lib.motion_loader_wsppt:from_file:122 - Loading motion from groot/rl/data/motions/g1_wsdpt/33demos_675_775/record_2025-10-31_04-42-00_0.707m.npz...
2026-03-26 19:13:36.543 | INFO     | groot.rl.utils.teleop_reset_lib.motion_loader_wsppt:__init__:116 - Motion loaded: duration: 11.34 sec, frames: 568
2026-03-26 19:13:36.543 | INFO     | groot.rl.utils.teleop_reset_lib.motion_loader_wsppt:from_file:122 - Loading motion from groot/rl/data/motions/g1_wsdpt/33demos_675_775/record_2025-10-27_00-55-59_0.735m_v0.npz...
2026-03-26 19:13:36.547 | INFO     | groot.rl.utils.teleop_reset_lib.motion_loader_wsppt:__init__:116 - Motion loaded: duration: 14.040000000000001 sec, frames: 703
2026-03-26 19:13:36.547 | INFO     | groot.rl.utils.teleop_reset_lib.motion_loader_wsppt:from_file:122 - Loading motion from groot/rl/data/motions/g1_wsdpt/33demos_675_775/record_2025-10-26_23-38-02_0.705m_v1.npz...
2026-03-26 19:13:36.551 | INFO     | groot.rl.utils.teleop_reset_lib.motion_loader_wsppt:__init__:116 - Motion loaded: duration: 11.66 sec, frames: 584
2026-03-26 19:13:36.551 | INFO     | groot.rl.utils.teleop_reset_lib.motion_loader_wsppt:from_file:122 - Loading motion from groot/rl/data/motions/g1_wsdpt/33demos_675_775/record_2025-10-27_01-16-17_0.745m_v0.npz...
2026-03-26 19:13:36.554 | INFO     | groot.rl.utils.teleop_reset_lib.motion_loader_wsppt:__init__:116 - Motion loaded: duration: 10.26 sec, frames: 514
2026-03-26 19:13:36.554 | INFO     | groot.rl.utils.teleop_reset_lib.motion_loader_wsppt:from_file:122 - Loading motion from groot/rl/data/motions/g1_wsdpt/33demos_675_775/record_2025-10-27_00-50-57_0.735m_v0.npz...
2026-03-26 19:13:36.558 | INFO     | groot.rl.utils.teleop_reset_lib.motion_loader_wsppt:__init__:116 - Motion loaded: duration: 13.8 sec, frames: 691
2026-03-26 19:13:36.558 | INFO     | groot.rl.utils.teleop_reset_lib.motion_loader_wsppt:from_file:122 - Loading motion from groot/rl/data/motions/g1_wsdpt/33demos_675_775/record_2025-10-27_01-55-09_0.765m_v0.npz...
2026-03-26 19:13:36.561 | INFO     | groot.rl.utils.teleop_reset_lib.motion_loader_wsppt:__init__:116 - Motion loaded: duration: 10.22 sec, frames: 512
2026-03-26 19:13:36.562 | INFO     | groot.rl.utils.teleop_reset_lib.motion_loader_wsppt:from_file:122 - Loading motion from groot/rl/data/motions/g1_wsdpt/33demos_675_775/record_2025-10-14_21-50-22_0.725m.npz...
2026-03-26 19:13:36.565 | INFO     | groot.rl.utils.teleop_reset_lib.motion_loader_wsppt:__init__:116 - Motion loaded: duration: 10.42 sec, frames: 522
2026-03-26 19:13:36.565 | INFO     | groot.rl.utils.teleop_reset_lib.motion_loader_wsppt:from_file:122 - Loading motion from groot/rl/data/motions/g1_wsdpt/33demos_675_775/record_2025-10-26_22-33-07_0.685m_v0..npz...
2026-03-26 19:13:36.569 | INFO     | groot.rl.utils.teleop_reset_lib.motion_loader_wsppt:__init__:116 - Motion loaded: duration: 15.76 sec, frames: 789
2026-03-26 19:13:36.569 | INFO     | groot.rl.utils.teleop_reset_lib.motion_loader_wsppt:from_file:122 - Loading motion from groot/rl/data/motions/g1_wsdpt/33demos_675_775/record_2025-10-26_23-47-18_0.715m_v0.npz...
2026-03-26 19:13:36.573 | INFO     | groot.rl.utils.teleop_reset_lib.motion_loader_wsppt:__init__:116 - Motion loaded: duration: 11.540000000000001 sec, frames: 578
2026-03-26 19:13:36.573 | INFO     | groot.rl.utils.teleop_reset_lib.motion_loader_wsppt:from_file:122 - Loading motion from groot/rl/data/motions/g1_wsdpt/33demos_675_775/record_2025-10-31_03-48-50_0.684m.npz...
2026-03-26 19:13:36.576 | INFO     | groot.rl.utils.teleop_reset_lib.motion_loader_wsppt:__init__:116 - Motion loaded: duration: 12.8 sec, frames: 641
2026-03-26 19:13:36.576 | INFO     | groot.rl.utils.teleop_reset_lib.motion_loader_wsppt:from_file:122 - Loading motion from groot/rl/data/motions/g1_wsdpt/33demos_675_775/record_2025-10-27_00-32-31_0.725m_v0.npz...
2026-03-26 19:13:36.580 | INFO     | groot.rl.utils.teleop_reset_lib.motion_loader_wsppt:__init__:116 - Motion loaded: duration: 14.98 sec, frames: 750
2026-03-26 19:13:36.581 | INFO     | groot.rl.utils.teleop_reset_lib.motion_loader_wsppt:from_file:122 - Loading motion from groot/rl/data/motions/g1_wsdpt/33demos_675_775/record_2025-10-27_00-44-34_0.725m_v1.npz...
2026-03-26 19:13:36.584 | INFO     | groot.rl.utils.teleop_reset_lib.motion_loader_wsppt:__init__:116 - Motion loaded: duration: 10.46 sec, frames: 524
2026-03-26 19:13:36.584 | INFO     | groot.rl.utils.teleop_reset_lib.motion_loader_wsppt:from_file:122 - Loading motion from groot/rl/data/motions/g1_wsdpt/33demos_675_775/record_2025-10-27_01-51-57_0.765m_v0.npz...
2026-03-26 19:13:36.587 | INFO     | groot.rl.utils.teleop_reset_lib.motion_loader_wsppt:__init__:116 - Motion loaded: duration: 10.48 sec, frames: 525
2026-03-26 19:13:36.588 | INFO     | groot.rl.utils.teleop_reset_lib.motion_loader_wsppt:from_file:122 - Loading motion from groot/rl/data/motions/g1_wsdpt/33demos_675_775/record_2025-10-27_01-10-59_0.735m_v1.npz...
2026-03-26 19:13:36.591 | INFO     | groot.rl.utils.teleop_reset_lib.motion_loader_wsppt:__init__:116 - Motion loaded: duration: 12.700000000000001 sec, frames: 636
2026-03-26 19:13:36.591 | INFO     | groot.rl.utils.teleop_reset_lib.motion_loader_wsppt:from_file:122 - Loading motion from groot/rl/data/motions/g1_wsdpt/33demos_675_775/record_2025-10-31_03-16-47_0.694m.npz...
2026-03-26 19:13:36.595 | INFO     | groot.rl.utils.teleop_reset_lib.motion_loader_wsppt:__init__:116 - Motion loaded: duration: 13.24 sec, frames: 663
2026-03-26 19:13:36.595 | INFO     | groot.rl.utils.teleop_reset_lib.motion_loader_wsppt:from_file:122 - Loading motion from groot/rl/data/motions/g1_wsdpt/33demos_675_775/record_2025-10-26_22-59-06_0.695m_v0.npz...
2026-03-26 19:13:36.599 | INFO     | groot.rl.utils.teleop_reset_lib.motion_loader_wsppt:__init__:116 - Motion loaded: duration: 12.14 sec, frames: 608
2026-03-26 19:13:36.599 | INFO     | groot.rl.utils.teleop_reset_lib.motion_loader_wsppt:from_file:122 - Loading motion from groot/rl/data/motions/g1_wsdpt/33demos_675_775/record_2025-10-27_01-50-06_0.765m_v0.npz...
2026-03-26 19:13:36.603 | INFO     | groot.rl.utils.teleop_reset_lib.motion_loader_wsppt:__init__:116 - Motion loaded: duration: 12.14 sec, frames: 608
2026-03-26 19:13:36.603 | INFO     | groot.rl.utils.teleop_reset_lib.motion_loader_wsppt:from_file:122 - Loading motion from groot/rl/data/motions/g1_wsdpt/33demos_675_775/record_2025-10-26_23-45-04_0.715m_v0.npz...
2026-03-26 19:13:36.606 | INFO     | groot.rl.utils.teleop_reset_lib.motion_loader_wsppt:__init__:116 - Motion loaded: duration: 11.94 sec, frames: 598
2026-03-26 19:13:36.606 | INFO     | groot.rl.utils.teleop_reset_lib.motion_loader_wsppt:from_file:122 - Loading motion from groot/rl/data/motions/g1_wsdpt/33demos_675_775/record_2025-10-26_22-34-53_0.685m_v0..npz...
2026-03-26 19:13:36.610 | INFO     | groot.rl.utils.teleop_reset_lib.motion_loader_wsppt:__init__:116 - Motion loaded: duration: 11.22 sec, frames: 562
2026-03-26 19:13:36.610 | INFO     | groot.rl.utils.teleop_reset_lib.motion_loader_wsppt:from_file:122 - Loading motion from groot/rl/data/motions/g1_wsdpt/33demos_675_775/record_2025-10-27_01-34-07_0.755m_v0.npz...
2026-03-26 19:13:36.613 | INFO     | groot.rl.utils.teleop_reset_lib.motion_loader_wsppt:__init__:116 - Motion loaded: duration: 11.24 sec, frames: 563
2026-03-26 19:13:36.614 | INFO     | groot.rl.utils.teleop_reset_lib.motion_loader_wsppt:from_file:122 - Loading motion from groot/rl/data/motions/g1_wsdpt/33demos_675_775/record_2025-10-26_23-26-13_0.705m_v0.npz...
2026-03-26 19:13:36.618 | INFO     | groot.rl.utils.teleop_reset_lib.motion_loader_wsppt:__init__:116 - Motion loaded: duration: 13.98 sec, frames: 700
2026-03-26 19:13:36.618 | INFO     | groot.rl.utils.teleop_reset_lib.motion_loader_wsppt:from_file:122 - Loading motion from groot/rl/data/motions/g1_wsdpt/33demos_675_775/record_2025-10-14_21-44-20_0.700m.npz...
2026-03-26 19:13:36.622 | INFO     | groot.rl.utils.teleop_reset_lib.motion_loader_wsppt:__init__:116 - Motion loaded: duration: 9.66 sec, frames: 484
2026-03-26 19:13:36.622 | INFO     | groot.rl.utils.teleop_reset_lib.motion_loader_wsppt:from_file:122 - Loading motion from groot/rl/data/motions/g1_wsdpt/33demos_675_775/record_2025-10-27_02-06-17_0.775m_v0.npz...
2026-03-26 19:13:36.625 | INFO     | groot.rl.utils.teleop_reset_lib.motion_loader_wsppt:__init__:116 - Motion loaded: duration: 10.540000000000001 sec, frames: 528
2026-03-26 19:13:36.625 | INFO     | groot.rl.utils.teleop_reset_lib.motion_loader_wsppt:from_file:122 - Loading motion from groot/rl/data/motions/g1_wsdpt/33demos_675_775/record_2025-10-27_01-30-43_0.755m_v0.npz...
2026-03-26 19:13:36.628 | INFO     | groot.rl.utils.teleop_reset_lib.motion_loader_wsppt:__init__:116 - Motion loaded: duration: 10.36 sec, frames: 519
2026-03-26 19:13:36.629 | INFO     | groot.rl.utils.teleop_reset_lib.motion_loader_wsppt:from_file:122 - Loading motion from groot/rl/data/motions/g1_wsdpt/33demos_675_775/record_2025-10-26_22-45-52_0.685m_v1.npz...
2026-03-26 19:13:36.632 | INFO     | groot.rl.utils.teleop_reset_lib.motion_loader_wsppt:__init__:116 - Motion loaded: duration: 12.82 sec, frames: 642
2026-03-26 19:13:36.633 | INFO     | groot.rl.utils.teleop_reset_lib.motion_loader_wsppt:from_file:122 - Loading motion from groot/rl/data/motions/g1_wsdpt/33demos_675_775/record_2025-10-27_01-18-08_0.745m_v0.npz...
2026-03-26 19:13:36.636 | INFO     | groot.rl.utils.teleop_reset_lib.motion_loader_wsppt:__init__:116 - Motion loaded: duration: 11.6 sec, frames: 581
2026-03-26 19:13:36.636 | INFO     | groot.rl.utils.teleop_reset_lib.motion_loader_wsppt:from_file:122 - Loading motion from groot/rl/data/motions/g1_wsdpt/33demos_675_775/record_2025-10-26_23-03-22_0.695m_v0.npz...
2026-03-26 19:13:36.640 | INFO     | groot.rl.utils.teleop_reset_lib.motion_loader_wsppt:__init__:116 - Motion loaded: duration: 13.58 sec, frames: 680
2026-03-26 19:13:36.640 | INFO     | groot.rl.utils.teleop_reset_lib.motion_loader_wsppt:from_file:122 - Loading motion from groot/rl/data/motions/g1_wsdpt/33demos_675_775/record_2025-10-31_04-33-06_0.687m.npz...
2026-03-26 19:13:36.643 | INFO     | groot.rl.utils.teleop_reset_lib.motion_loader_wsppt:__init__:116 - Motion loaded: duration: 10.44 sec, frames: 523
2026-03-26 19:13:36.643 | INFO     | groot.rl.utils.teleop_reset_lib.motion_loader_wsppt:from_file:122 - Loading motion from groot/rl/data/motions/g1_wsdpt/33demos_675_775/record_2025-10-26_22-18-09_0.675m_v1.npz...
2026-03-26 19:13:36.647 | INFO     | groot.rl.utils.teleop_reset_lib.motion_loader_wsppt:__init__:116 - Motion loaded: duration: 15.58 sec, frames: 780
2026-03-26 19:13:36.648 | INFO     | groot.rl.utils.teleop_reset_lib.motion_loader_wsppt:from_file:122 - Loading motion from groot/rl/data/motions/g1_wsdpt/33demos_675_775/record_2025-10-27_00-40-17_0.725m_v1.npz...
2026-03-26 19:13:36.651 | INFO     | groot.rl.utils.teleop_reset_lib.motion_loader_wsppt:__init__:116 - Motion loaded: duration: 13.44 sec, frames: 673
2026-03-26 19:13:36.651 | INFO     | groot.rl.utils.teleop_reset_lib.motion_loader_wsppt:from_file:122 - Loading motion from groot/rl/data/motions/g1_wsdpt/33demos_675_775/record_2025-10-27_01-02-28_0.735m_v0.npz...
2026-03-26 19:13:36.655 | INFO     | groot.rl.utils.teleop_reset_lib.motion_loader_wsppt:__init__:116 - Motion loaded: duration: 12.6 sec, frames: 631
2026-03-26 19:13:36.655 | INFO     | groot.rl.utils.teleop_reset_lib.motion_loader_wsppt:from_file:122 - Loading motion from groot/rl/data/motions/g1_wsdpt/33demos_675_775/record_2025-10-31_04-18-01_0.667m..npz...
2026-03-26 19:13:36.659 | INFO     | groot.rl.utils.teleop_reset_lib.motion_loader_wsppt:__init__:116 - Motion loaded: duration: 11.6 sec, frames: 581
2026-03-26 19:13:36.659 | INFO     | groot.rl.utils.teleop_reset_lib.motion_loader_wsppt:from_file:122 - Loading motion from groot/rl/data/motions/g1_wsdpt/33demos_675_775/record_2025-10-26_22-11-32_0.675m_v0.npz...
2026-03-26 19:13:36.663 | INFO     | groot.rl.utils.teleop_reset_lib.motion_loader_wsppt:__init__:116 - Motion loaded: duration: 11.96 sec, frames: 599
2026-03-26 19:13:36.663 | INFO     | groot.rl.utils.teleop_reset_lib.motion_loader_wsppt:from_file:122 - Loading motion from groot/rl/data/motions/g1_wsdpt/33demos_675_775/record_2025-10-14_21-52-25_0.725m.npz...
2026-03-26 19:13:36.666 | INFO     | groot.rl.utils.teleop_reset_lib.motion_loader_wsppt:__init__:116 - Motion loaded: duration: 9.9 sec, frames: 496
2026-03-26 19:13:36.667 | INFO     | groot.rl.utils.teleop_reset_lib.motion_loader_wsppt:from_file:122 - Loading motion from groot/rl/data/motions/g1_wsdpt/33demos_675_775/record_2025-10-27_01-52-58_0.765m_v0.npz...
2026-03-26 19:13:36.671 | INFO     | groot.rl.utils.teleop_reset_lib.motion_loader_wsppt:__init__:116 - Motion loaded: duration: 11.88 sec, frames: 595
2026-03-26 19:13:36.671 | INFO     | groot.rl.utils.teleop_reset_lib.motion_loader_wsppt:from_file:122 - Loading motion from groot/rl/data/motions/g1_wsdpt/33demos_675_775/record_2025-10-26_22-16-54_0.675m_v1.npz...
2026-03-26 19:13:36.674 | INFO     | groot.rl.utils.teleop_reset_lib.motion_loader_wsppt:__init__:116 - Motion loaded: duration: 11.76 sec, frames: 589
2026-03-26 19:13:36.675 | INFO     | groot.rl.utils.teleop_reset_lib.motion_loader_wsppt:from_file:122 - Loading motion from groot/rl/data/motions/g1_wsdpt/33demos_675_775/record_2025-10-27_01-41-35_0.755m_v1.npz...
2026-03-26 19:13:36.678 | INFO     | groot.rl.utils.teleop_reset_lib.motion_loader_wsppt:__init__:116 - Motion loaded: duration: 11.34 sec, frames: 568
2026-03-26 19:13:36.679 | INFO     | groot.rl.utils.teleop_reset_lib.motion_loader_wsppt:from_file:122 - Loading motion from groot/rl/data/motions/g1_wsdpt/33demos_675_775/record_2025-10-26_23-45-49_0.715m_v0.npz...
2026-03-26 19:13:36.682 | INFO     | groot.rl.utils.teleop_reset_lib.motion_loader_wsppt:__init__:116 - Motion loaded: duration: 12.02 sec, frames: 602
2026-03-26 19:13:36.683 | INFO     | groot.rl.utils.teleop_reset_lib.motion_loader_wsppt:from_file:122 - Loading motion from groot/rl/data/motions/g1_wsdpt/33demos_675_775/record_2025-10-26_23-28-38_0.705m_v0.npz...
2026-03-26 19:13:36.686 | INFO     | groot.rl.utils.teleop_reset_lib.motion_loader_wsppt:__init__:116 - Motion loaded: duration: 12.16 sec, frames: 609
2026-03-26 19:13:36.687 | INFO     | groot.rl.utils.teleop_reset_lib.motion_loader_wsppt:from_file:122 - Loading motion from groot/rl/data/motions/g1_wsdpt/33demos_675_775/record_2025-10-27_01-01-55_0.735m_v0.npz...
2026-03-26 19:13:36.690 | INFO     | groot.rl.utils.teleop_reset_lib.motion_loader_wsppt:__init__:116 - Motion loaded: duration: 9.700000000000001 sec, frames: 486
2026-03-26 19:13:36.690 | INFO     | groot.rl.utils.teleop_reset_lib.motion_loader_wsppt:from_file:122 - Loading motion from groot/rl/data/motions/g1_wsdpt/33demos_675_775/record_2025-10-27_00-57-19_0.735m_v0.npz...
2026-03-26 19:13:36.694 | INFO     | groot.rl.utils.teleop_reset_lib.motion_loader_wsppt:__init__:116 - Motion loaded: duration: 13.700000000000001 sec, frames: 686
2026-03-26 19:13:36.695 | INFO     | groot.rl.utils.teleop_reset_lib.motion_loader_wsppt:from_file:122 - Loading motion from groot/rl/data/motions/g1_wsdpt/33demos_675_775/record_2025-10-27_00-25-51_0.725m_v0.npz...
2026-03-26 19:13:36.699 | INFO     | groot.rl.utils.teleop_reset_lib.motion_loader_wsppt:__init__:116 - Motion loaded: duration: 17.64 sec, frames: 883
2026-03-26 19:13:36.699 | INFO     | groot.rl.utils.teleop_reset_lib.motion_loader_wsppt:from_file:122 - Loading motion from groot/rl/data/motions/g1_wsdpt/33demos_675_775/record_2025-10-27_01-53-52_0.765m_v0.npz...
2026-03-26 19:13:36.703 | INFO     | groot.rl.utils.teleop_reset_lib.motion_loader_wsppt:__init__:116 - Motion loaded: duration: 11.56 sec, frames: 579
2026-03-26 19:13:36.703 | INFO     | groot.rl.utils.teleop_reset_lib.motion_loader_wsppt:from_file:122 - Loading motion from groot/rl/data/motions/g1_wsdpt/33demos_675_775/record_2025-10-27_00-59-03_0.735m_v0.npz...
2026-03-26 19:13:36.706 | INFO     | groot.rl.utils.teleop_reset_lib.motion_loader_wsppt:__init__:116 - Motion loaded: duration: 10.08 sec, frames: 505
2026-03-26 19:13:36.707 | INFO     | groot.rl.utils.teleop_reset_lib.motion_loader_wsppt:from_file:122 - Loading motion from groot/rl/data/motions/g1_wsdpt/33demos_675_775/record_2025-10-27_00-43-44_0.725m_v1.npz...
2026-03-26 19:13:36.711 | INFO     | groot.rl.utils.teleop_reset_lib.motion_loader_wsppt:__init__:116 - Motion loaded: duration: 13.46 sec, frames: 674
2026-03-26 19:13:36.711 | INFO     | groot.rl.utils.teleop_reset_lib.motion_loader_wsppt:from_file:122 - Loading motion from groot/rl/data/motions/g1_wsdpt/33demos_675_775/record_2025-10-27_01-29-35_0.755m_v0.npz...
2026-03-26 19:13:36.714 | INFO     | groot.rl.utils.teleop_reset_lib.motion_loader_wsppt:__init__:116 - Motion loaded: duration: 11.0 sec, frames: 551
2026-03-26 19:13:36.715 | INFO     | groot.rl.utils.teleop_reset_lib.motion_loader_wsppt:from_file:122 - Loading motion from groot/rl/data/motions/g1_wsdpt/33demos_675_775/record_2025-10-27_01-52-25_0.765m_v0.npz...
2026-03-26 19:13:36.718 | INFO     | groot.rl.utils.teleop_reset_lib.motion_loader_wsppt:__init__:116 - Motion loaded: duration: 11.4 sec, frames: 571
2026-03-26 19:13:36.718 | INFO     | groot.rl.utils.teleop_reset_lib.motion_loader_wsppt:from_file:122 - Loading motion from groot/rl/data/motions/g1_wsdpt/33demos_675_775/record_2025-10-27_01-40-26_0.755m_v1.npz...
2026-03-26 19:13:36.722 | INFO     | groot.rl.utils.teleop_reset_lib.motion_loader_wsppt:__init__:116 - Motion loaded: duration: 12.74 sec, frames: 638
2026-03-26 19:13:36.722 | INFO     | groot.rl.utils.teleop_reset_lib.motion_loader_wsppt:from_file:122 - Loading motion from groot/rl/data/motions/g1_wsdpt/33demos_675_775/record_2025-10-26_23-36-02_0.705m_v1.npz...
2026-03-26 19:13:36.725 | INFO     | groot.rl.utils.teleop_reset_lib.motion_loader_wsppt:__init__:116 - Motion loaded: duration: 13.18 sec, frames: 660
2026-03-26 19:13:36.725 | INFO     | groot.rl.utils.teleop_reset_lib.motion_loader_wsppt:from_file:122 - Loading motion from groot/rl/data/motions/g1_wsdpt/33demos_675_775/record_2025-10-26_22-09-58_0.675m_v0.npz...
2026-03-26 19:13:36.729 | INFO     | groot.rl.utils.teleop_reset_lib.motion_loader_wsppt:__init__:116 - Motion loaded: duration: 10.46 sec, frames: 524
2026-03-26 19:13:36.729 | INFO     | groot.rl.utils.teleop_reset_lib.motion_loader_wsppt:from_file:122 - Loading motion from groot/rl/data/motions/g1_wsdpt/33demos_675_775/record_2025-10-26_23-14-50_0.695_v1.npz...
2026-03-26 19:13:36.732 | INFO     | groot.rl.utils.teleop_reset_lib.motion_loader_wsppt:__init__:116 - Motion loaded: duration: 12.24 sec, frames: 613
2026-03-26 19:13:36.733 | INFO     | groot.rl.utils.teleop_reset_lib.motion_loader_wsppt:from_file:122 - Loading motion from groot/rl/data/motions/g1_wsdpt/33demos_675_775/record_2025-10-26_22-32-35_0.685m_v0..npz...
2026-03-26 19:13:36.736 | INFO     | groot.rl.utils.teleop_reset_lib.motion_loader_wsppt:__init__:116 - Motion loaded: duration: 12.5 sec, frames: 626
2026-03-26 19:13:36.736 | INFO     | groot.rl.utils.teleop_reset_lib.motion_loader_wsppt:from_file:122 - Loading motion from groot/rl/data/motions/g1_wsdpt/33demos_675_775/record_2025-10-14_22-15-49_0.775m.npz...
2026-03-26 19:13:36.739 | INFO     | groot.rl.utils.teleop_reset_lib.motion_loader_wsppt:__init__:116 - Motion loaded: duration: 9.4 sec, frames: 471
2026-03-26 19:13:36.740 | INFO     | groot.rl.utils.teleop_reset_lib.motion_loader_wsppt:from_file:122 - Loading motion from groot/rl/data/motions/g1_wsdpt/33demos_675_775/record_2025-10-27_02-02-41_0.775m_v0.npz...
2026-03-26 19:13:36.743 | INFO     | groot.rl.utils.teleop_reset_lib.motion_loader_wsppt:__init__:116 - Motion loaded: duration: 11.46 sec, frames: 574
2026-03-26 19:13:36.743 | INFO     | groot.rl.utils.teleop_reset_lib.motion_loader_wsppt:from_file:122 - Loading motion from groot/rl/data/motions/g1_wsdpt/33demos_675_775/record_2025-10-14_21-32-36_0.675m.npz...
2026-03-26 19:13:36.747 | INFO     | groot.rl.utils.teleop_reset_lib.motion_loader_wsppt:__init__:116 - Motion loaded: duration: 11.9 sec, frames: 596
2026-03-26 19:13:36.747 | INFO     | groot.rl.utils.teleop_reset_lib.motion_loader_wsppt:from_file:122 - Loading motion from groot/rl/data/motions/g1_wsdpt/33demos_675_775/record_2025-10-26_22-21-05_0.675m_v1.npz...
2026-03-26 19:13:36.751 | INFO     | groot.rl.utils.teleop_reset_lib.motion_loader_wsppt:__init__:116 - Motion loaded: duration: 13.16 sec, frames: 659
2026-03-26 19:13:36.751 | INFO     | groot.rl.utils.teleop_reset_lib.motion_loader_wsppt:from_file:122 - Loading motion from groot/rl/data/motions/g1_wsdpt/33demos_675_775/record_2025-10-26_23-52-39_0.715m_v0.npz...
2026-03-26 19:13:36.755 | INFO     | groot.rl.utils.teleop_reset_lib.motion_loader_wsppt:__init__:116 - Motion loaded: duration: 11.120000000000001 sec, frames: 557
2026-03-26 19:13:36.755 | INFO     | groot.rl.utils.teleop_reset_lib.motion_loader_wsppt:from_file:122 - Loading motion from groot/rl/data/motions/g1_wsdpt/33demos_675_775/record_2025-10-26_22-03-30_0.675m_v0.npz...
2026-03-26 19:13:36.758 | INFO     | groot.rl.utils.teleop_reset_lib.motion_loader_wsppt:__init__:116 - Motion loaded: duration: 12.58 sec, frames: 630
2026-03-26 19:13:36.759 | INFO     | groot.rl.utils.teleop_reset_lib.motion_loader_wsppt:from_file:122 - Loading motion from groot/rl/data/motions/g1_wsdpt/33demos_675_775/record_2025-10-27_00-47-07_0.725m_v1.npz...
2026-03-26 19:13:36.762 | INFO     | groot.rl.utils.teleop_reset_lib.motion_loader_wsppt:__init__:116 - Motion loaded: duration: 13.08 sec, frames: 655
2026-03-26 19:13:36.762 | INFO     | groot.rl.utils.teleop_reset_lib.motion_loader_wsppt:from_file:122 - Loading motion from groot/rl/data/motions/g1_wsdpt/33demos_675_775/record_2025-10-27_01-55-35_0.765m_v0.npz...
2026-03-26 19:13:36.766 | INFO     | groot.rl.utils.teleop_reset_lib.motion_loader_wsppt:__init__:116 - Motion loaded: duration: 11.64 sec, frames: 583
2026-03-26 19:13:36.766 | INFO     | groot.rl.utils.teleop_reset_lib.motion_loader_wsppt:from_file:122 - Loading motion from groot/rl/data/motions/g1_wsdpt/33demos_675_775/record_2025-10-26_23-01-01_0.695m_v0.npz...
2026-03-26 19:13:36.770 | INFO     | groot.rl.utils.teleop_reset_lib.motion_loader_wsppt:__init__:116 - Motion loaded: duration: 12.06 sec, frames: 604
2026-03-26 19:13:36.770 | INFO     | groot.rl.utils.teleop_reset_lib.motion_loader_wsppt:from_file:122 - Loading motion from groot/rl/data/motions/g1_wsdpt/33demos_675_775/record_2025-10-14_22-13-48_0.775m.npz...
2026-03-26 19:13:36.773 | INFO     | groot.rl.utils.teleop_reset_lib.motion_loader_wsppt:__init__:116 - Motion loaded: duration: 11.86 sec, frames: 594
2026-03-26 19:13:36.773 | INFO     | groot.rl.utils.teleop_reset_lib.motion_loader_wsppt:from_file:122 - Loading motion from groot/rl/data/motions/g1_wsdpt/33demos_675_775/record_2025-10-14_22-03-00_0.750m.npz...
2026-03-26 19:13:36.776 | INFO     | groot.rl.utils.teleop_reset_lib.motion_loader_wsppt:__init__:116 - Motion loaded: duration: 11.86 sec, frames: 594
2026-03-26 19:13:36.777 | INFO     | groot.rl.utils.teleop_reset_lib.motion_loader_wsppt:from_file:122 - Loading motion from groot/rl/data/motions/g1_wsdpt/33demos_675_775/record_2025-10-26_22-06-43_0.675m_v0.npz...
2026-03-26 19:13:36.780 | INFO     | groot.rl.utils.teleop_reset_lib.motion_loader_wsppt:__init__:116 - Motion loaded: duration: 13.120000000000001 sec, frames: 657
2026-03-26 19:13:36.781 | INFO     | groot.rl.utils.teleop_reset_lib.motion_loader_wsppt:from_file:122 - Loading motion from groot/rl/data/motions/g1_wsdpt/33demos_675_775/record_2025-10-27_01-01-13_0.735m_v0.npz...
2026-03-26 19:13:36.784 | INFO     | groot.rl.utils.teleop_reset_lib.motion_loader_wsppt:__init__:116 - Motion loaded: duration: 11.040000000000001 sec, frames: 553
2026-03-26 19:13:36.784 | INFO     | groot.rl.utils.teleop_reset_lib.motion_loader_wsppt:from_file:122 - Loading motion from groot/rl/data/motions/g1_wsdpt/33demos_675_775/record_2025-10-26_22-23-29_0.675m_v1.npz...
2026-03-26 19:13:36.788 | INFO     | groot.rl.utils.teleop_reset_lib.motion_loader_wsppt:__init__:116 - Motion loaded: duration: 13.540000000000001 sec, frames: 678
2026-03-26 19:13:36.788 | INFO     | groot.rl.utils.teleop_reset_lib.motion_loader_wsppt:from_file:122 - Loading motion from groot/rl/data/motions/g1_wsdpt/33demos_675_775/record_2025-10-14_21-41-26_0.700m.npz...
2026-03-26 19:13:36.791 | INFO     | groot.rl.utils.teleop_reset_lib.motion_loader_wsppt:__init__:116 - Motion loaded: duration: 14.86 sec, frames: 744
2026-03-26 19:13:36.792 | INFO     | groot.rl.utils.teleop_reset_lib.motion_loader_wsppt:from_file:122 - Loading motion from groot/rl/data/motions/g1_wsdpt/33demos_675_775/record_2025-10-27_01-08-29_0.735m_v1.npz...
2026-03-26 19:13:36.795 | INFO     | groot.rl.utils.teleop_reset_lib.motion_loader_wsppt:__init__:116 - Motion loaded: duration: 10.02 sec, frames: 502
2026-03-26 19:13:36.795 | INFO     | groot.rl.utils.teleop_reset_lib.motion_loader_wsppt:from_file:122 - Loading motion from groot/rl/data/motions/g1_wsdpt/33demos_675_775/record_2025-10-26_23-10-12_0.695_v1.npz...
2026-03-26 19:13:36.799 | INFO     | groot.rl.utils.teleop_reset_lib.motion_loader_wsppt:__init__:116 - Motion loaded: duration: 12.84 sec, frames: 643
2026-03-26 19:13:36.799 | INFO     | groot.rl.utils.teleop_reset_lib.motion_loader_wsppt:from_file:122 - Loading motion from groot/rl/data/motions/g1_wsdpt/33demos_675_775/record_2025-10-31_04-08-50_0.724m.npz...
2026-03-26 19:13:36.803 | INFO     | groot.rl.utils.teleop_reset_lib.motion_loader_wsppt:__init__:116 - Motion loaded: duration: 13.3 sec, frames: 666
2026-03-26 19:13:36.803 | INFO     | groot.rl.utils.teleop_reset_lib.motion_loader_wsppt:from_file:122 - Loading motion from groot/rl/data/motions/g1_wsdpt/33demos_675_775/record_2025-10-14_21-45-00_0.700m.npz...
2026-03-26 19:13:36.806 | INFO     | groot.rl.utils.teleop_reset_lib.motion_loader_wsppt:__init__:116 - Motion loaded: duration: 11.94 sec, frames: 598
2026-03-26 19:13:36.807 | INFO     | groot.rl.utils.teleop_reset_lib.motion_loader_wsppt:from_file:122 - Loading motion from groot/rl/data/motions/g1_wsdpt/33demos_675_775/record_2025-10-31_04-44-55_0.707m.npz...
2026-03-26 19:13:36.810 | INFO     | groot.rl.utils.teleop_reset_lib.motion_loader_wsppt:__init__:116 - Motion loaded: duration: 12.0 sec, frames: 601
2026-03-26 19:13:36.810 | INFO     | groot.rl.utils.teleop_reset_lib.motion_loader_wsppt:from_file:122 - Loading motion from groot/rl/data/motions/g1_wsdpt/33demos_675_775/record_2025-10-27_01-22-28_0.745m_v0.npz...
2026-03-26 19:13:36.814 | INFO     | groot.rl.utils.teleop_reset_lib.motion_loader_wsppt:__init__:116 - Motion loaded: duration: 11.84 sec, frames: 593
2026-03-26 19:13:36.814 | INFO     | groot.rl.utils.teleop_reset_lib.motion_loader_wsppt:from_file:122 - Loading motion from groot/rl/data/motions/g1_wsdpt/33demos_675_775/record_2025-10-26_22-17-27_0.675m_v1.npz...
2026-03-26 19:13:36.819 | INFO     | groot.rl.utils.teleop_reset_lib.motion_loader_wsppt:__init__:116 - Motion loaded: duration: 13.84 sec, frames: 693
2026-03-26 19:13:36.819 | INFO     | groot.rl.utils.teleop_reset_lib.motion_loader_wsppt:from_file:122 - Loading motion from groot/rl/data/motions/g1_wsdpt/33demos_675_775/record_2025-10-31_04-38-16_0.697m.npz...
2026-03-26 19:13:36.822 | INFO     | groot.rl.utils.teleop_reset_lib.motion_loader_wsppt:__init__:116 - Motion loaded: duration: 10.08 sec, frames: 505
2026-03-26 19:13:36.822 | INFO     | groot.rl.utils.teleop_reset_lib.motion_loader_wsppt:from_file:122 - Loading motion from groot/rl/data/motions/g1_wsdpt/33demos_675_775/record_2025-10-31_03-44-04_0.664m..npz...
2026-03-26 19:13:36.826 | INFO     | groot.rl.utils.teleop_reset_lib.motion_loader_wsppt:__init__:116 - Motion loaded: duration: 10.120000000000001 sec, frames: 507
2026-03-26 19:13:36.826 | INFO     | groot.rl.utils.teleop_reset_lib.motion_loader_wsppt:from_file:122 - Loading motion from groot/rl/data/motions/g1_wsdpt/33demos_675_775/record_2025-10-26_22-48-59_0.685m_v1.npz...
2026-03-26 19:13:36.830 | INFO     | groot.rl.utils.teleop_reset_lib.motion_loader_wsppt:__init__:116 - Motion loaded: duration: 13.46 sec, frames: 674
2026-03-26 19:13:36.830 | INFO     | groot.rl.utils.teleop_reset_lib.motion_loader_wsppt:from_file:122 - Loading motion from groot/rl/data/motions/g1_wsdpt/33demos_675_775/record_2025-10-14_21-43-11_0.700m.npz...
2026-03-26 19:13:36.833 | INFO     | groot.rl.utils.teleop_reset_lib.motion_loader_wsppt:__init__:116 - Motion loaded: duration: 11.8 sec, frames: 591
2026-03-26 19:13:36.834 | INFO     | groot.rl.utils.teleop_reset_lib.motion_loader_wsppt:from_file:122 - Loading motion from groot/rl/data/motions/g1_wsdpt/33demos_675_775/record_2025-10-27_00-04-47_0.715m_v1.npz...
2026-03-26 19:13:36.837 | INFO     | groot.rl.utils.teleop_reset_lib.motion_loader_wsppt:__init__:116 - Motion loaded: duration: 12.16 sec, frames: 609
2026-03-26 19:13:36.837 | INFO     | groot.rl.utils.teleop_reset_lib.motion_loader_wsppt:from_file:122 - Loading motion from groot/rl/data/motions/g1_wsdpt/33demos_675_775/record_2025-10-31_04-27-21_0.687m.npz...
2026-03-26 19:13:36.841 | INFO     | groot.rl.utils.teleop_reset_lib.motion_loader_wsppt:__init__:116 - Motion loaded: duration: 12.02 sec, frames: 602
2026-03-26 19:13:36.841 | INFO     | groot.rl.utils.teleop_reset_lib.motion_loader_wsppt:from_file:122 - Loading motion from groot/rl/data/motions/g1_wsdpt/33demos_675_775/record_2025-10-31_04-43-03_0.707m.npz...
2026-03-26 19:13:36.845 | INFO     | groot.rl.utils.teleop_reset_lib.motion_loader_wsppt:__init__:116 - Motion loaded: duration: 13.74 sec, frames: 688
2026-03-26 19:13:36.845 | INFO     | groot.rl.utils.teleop_reset_lib.motion_loader_wsppt:from_file:122 - Loading motion from groot/rl/data/motions/g1_wsdpt/33demos_675_775/record_2025-10-26_23-13-41_0.695_v1.npz...
2026-03-26 19:13:36.849 | INFO     | groot.rl.utils.teleop_reset_lib.motion_loader_wsppt:__init__:116 - Motion loaded: duration: 13.200000000000001 sec, frames: 661
2026-03-26 19:13:36.849 | INFO     | groot.rl.utils.teleop_reset_lib.motion_loader_wsppt:from_file:122 - Loading motion from groot/rl/data/motions/g1_wsdpt/33demos_675_775/record_2025-10-31_03-09-30_0.674m.npz...
2026-03-26 19:13:36.853 | INFO     | groot.rl.utils.teleop_reset_lib.motion_loader_wsppt:__init__:116 - Motion loaded: duration: 14.4 sec, frames: 721
2026-03-26 19:13:36.853 | INFO     | groot.rl.utils.teleop_reset_lib.motion_loader_wsppt:from_file:122 - Loading motion from groot/rl/data/motions/g1_wsdpt/33demos_675_775/record_2025-10-27_00-31-23_0.725m_v0.npz...
2026-03-26 19:13:36.857 | INFO     | groot.rl.utils.teleop_reset_lib.motion_loader_wsppt:__init__:116 - Motion loaded: duration: 14.94 sec, frames: 748
2026-03-26 19:13:36.857 | INFO     | groot.rl.utils.teleop_reset_lib.motion_loader_wsppt:from_file:122 - Loading motion from groot/rl/data/motions/g1_wsdpt/33demos_675_775/record_2025-10-27_01-24-12_0.745m_v0.npz...
2026-03-26 19:13:36.861 | INFO     | groot.rl.utils.teleop_reset_lib.motion_loader_wsppt:__init__:116 - Motion loaded: duration: 11.26 sec, frames: 564
2026-03-26 19:13:36.861 | INFO     | groot.rl.utils.teleop_reset_lib.motion_loader_wsppt:from_file:122 - Loading motion from groot/rl/data/motions/g1_wsdpt/33demos_675_775/record_2025-10-26_22-35-27_0.685m_v0..npz...
2026-03-26 19:13:36.865 | INFO     | groot.rl.utils.teleop_reset_lib.motion_loader_wsppt:__init__:116 - Motion loaded: duration: 13.280000000000001 sec, frames: 665
2026-03-26 19:13:36.865 | INFO     | groot.rl.utils.teleop_reset_lib.motion_loader_wsppt:from_file:122 - Loading motion from groot/rl/data/motions/g1_wsdpt/33demos_675_775/record_2025-10-31_04-38-45_0.697m.npz...
2026-03-26 19:13:36.869 | INFO     | groot.rl.utils.teleop_reset_lib.motion_loader_wsppt:__init__:116 - Motion loaded: duration: 12.02 sec, frames: 602
2026-03-26 19:13:36.869 | INFO     | groot.rl.utils.teleop_reset_lib.motion_loader_wsppt:from_file:122 - Loading motion from groot/rl/data/motions/g1_wsdpt/33demos_675_775/record_2025-10-26_22-30-56_0.685m_v0..npz...
2026-03-26 19:13:36.873 | INFO     | groot.rl.utils.teleop_reset_lib.motion_loader_wsppt:__init__:116 - Motion loaded: duration: 15.1 sec, frames: 756
2026-03-26 19:13:36.873 | INFO     | groot.rl.utils.teleop_reset_lib.motion_loader_wsppt:from_file:122 - Loading motion from groot/rl/data/motions/g1_wsdpt/33demos_675_775/record_2025-10-27_00-03-44_0.715m_v1.npz...
2026-03-26 19:13:36.877 | INFO     | groot.rl.utils.teleop_reset_lib.motion_loader_wsppt:__init__:116 - Motion loaded: duration: 11.22 sec, frames: 562
2026-03-26 19:13:36.878 | INFO     | groot.rl.utils.teleop_reset_lib.motion_loader_wsppt:from_file:122 - Loading motion from groot/rl/data/motions/g1_wsdpt/33demos_675_775/record_2025-10-26_23-21-58_0.705m_v0.npz...
2026-03-26 19:13:36.882 | INFO     | groot.rl.utils.teleop_reset_lib.motion_loader_wsppt:__init__:116 - Motion loaded: duration: 15.14 sec, frames: 758
2026-03-26 19:13:36.882 | INFO     | groot.rl.utils.teleop_reset_lib.motion_loader_wsppt:from_file:122 - Loading motion from groot/rl/data/motions/g1_wsdpt/33demos_675_775/record_2025-10-26_22-30-18_0.685m_v0.npz...
2026-03-26 19:13:36.885 | INFO     | groot.rl.utils.teleop_reset_lib.motion_loader_wsppt:__init__:116 - Motion loaded: duration: 13.4 sec, frames: 671
2026-03-26 19:13:36.886 | INFO     | groot.rl.utils.teleop_reset_lib.motion_loader_wsppt:from_file:122 - Loading motion from groot/rl/data/motions/g1_wsdpt/33demos_675_775/record_2025-10-27_01-59-11_0.775m_v0.npz...
2026-03-26 19:13:36.889 | INFO     | groot.rl.utils.teleop_reset_lib.motion_loader_wsppt:__init__:116 - Motion loaded: duration: 11.08 sec, frames: 555
2026-03-26 19:13:36.890 | INFO     | groot.rl.utils.teleop_reset_lib.motion_loader_wsppt:from_file:122 - Loading motion from groot/rl/data/motions/g1_wsdpt/33demos_675_775/record_2025-10-27_01-21-29_0.745m_v0.npz...
2026-03-26 19:13:36.893 | INFO     | groot.rl.utils.teleop_reset_lib.motion_loader_wsppt:__init__:116 - Motion loaded: duration: 10.82 sec, frames: 542
2026-03-26 19:13:36.893 | INFO     | groot.rl.utils.teleop_reset_lib.motion_loader_wsppt:from_file:122 - Loading motion from groot/rl/data/motions/g1_wsdpt/33demos_675_775/record_2025-10-26_22-02-51_0.675m_v0.npz...
2026-03-26 19:13:36.897 | INFO     | groot.rl.utils.teleop_reset_lib.motion_loader_wsppt:__init__:116 - Motion loaded: duration: 13.3 sec, frames: 666
2026-03-26 19:13:36.897 | INFO     | groot.rl.utils.teleop_reset_lib.motion_loader_wsppt:from_file:122 - Loading motion from groot/rl/data/motions/g1_wsdpt/33demos_675_775/record_2025-10-31_03-22-53_-0.714m.npz...
2026-03-26 19:13:36.901 | INFO     | groot.rl.utils.teleop_reset_lib.motion_loader_wsppt:__init__:116 - Motion loaded: duration: 12.46 sec, frames: 624
2026-03-26 19:13:36.901 | INFO     | groot.rl.utils.teleop_reset_lib.motion_loader_wsppt:from_file:122 - Loading motion from groot/rl/data/motions/g1_wsdpt/33demos_675_775/record_2025-10-27_00-37-24_0.725m_v1.npz...
2026-03-26 19:13:36.905 | INFO     | groot.rl.utils.teleop_reset_lib.motion_loader_wsppt:__init__:116 - Motion loaded: duration: 13.42 sec, frames: 672
2026-03-26 19:13:36.905 | INFO     | groot.rl.utils.teleop_reset_lib.motion_loader_wsppt:from_file:122 - Loading motion from groot/rl/data/motions/g1_wsdpt/33demos_675_775/record_2025-10-26_22-47-09_0.685m_v1.npz...
2026-03-26 19:13:36.908 | INFO     | groot.rl.utils.teleop_reset_lib.motion_loader_wsppt:__init__:116 - Motion loaded: duration: 13.040000000000001 sec, frames: 653
2026-03-26 19:13:36.908 | INFO     | groot.rl.utils.teleop_reset_lib.motion_loader_wsppt:from_file:122 - Loading motion from groot/rl/data/motions/g1_wsdpt/33demos_675_775/record_2025-10-26_23-12-01_0.695_v1.npz...
2026-03-26 19:13:36.912 | INFO     | groot.rl.utils.teleop_reset_lib.motion_loader_wsppt:__init__:116 - Motion loaded: duration: 13.24 sec, frames: 663
2026-03-26 19:13:36.912 | INFO     | groot.rl.utils.teleop_reset_lib.motion_loader_wsppt:from_file:122 - Loading motion from groot/rl/data/motions/g1_wsdpt/33demos_675_775/record_2025-10-27_00-58-26_0.735m_v0.npz...
2026-03-26 19:13:36.916 | INFO     | groot.rl.utils.teleop_reset_lib.motion_loader_wsppt:__init__:116 - Motion loaded: duration: 12.32 sec, frames: 617
2026-03-26 19:13:36.916 | INFO     | groot.rl.utils.teleop_reset_lib.motion_loader_wsppt:from_file:122 - Loading motion from groot/rl/data/motions/g1_wsdpt/33demos_675_775/record_2025-10-26_22-21-45_0.675m_v1.npz...
2026-03-26 19:13:36.920 | INFO     | groot.rl.utils.teleop_reset_lib.motion_loader_wsppt:__init__:116 - Motion loaded: duration: 13.9 sec, frames: 696
2026-03-26 19:13:36.920 | INFO     | groot.rl.utils.teleop_reset_lib.motion_loader_wsppt:from_file:122 - Loading motion from groot/rl/data/motions/g1_wsdpt/33demos_675_775/record_2025-10-26_23-39-57_0.705m_v1.npz...
2026-03-26 19:13:36.924 | INFO     | groot.rl.utils.teleop_reset_lib.motion_loader_wsppt:__init__:116 - Motion loaded: duration: 14.74 sec, frames: 738
2026-03-26 19:13:36.924 | INFO     | groot.rl.utils.teleop_reset_lib.motion_loader_wsppt:from_file:122 - Loading motion from groot/rl/data/motions/g1_wsdpt/33demos_675_775/record_2025-10-31_03-59-13_0.704m.npz...
2026-03-26 19:13:36.927 | INFO     | groot.rl.utils.teleop_reset_lib.motion_loader_wsppt:__init__:116 - Motion loaded: duration: 12.22 sec, frames: 612
2026-03-26 19:13:36.928 | INFO     | groot.rl.utils.teleop_reset_lib.motion_loader_wsppt:from_file:122 - Loading motion from groot/rl/data/motions/g1_wsdpt/33demos_675_775/record_2025-10-26_22-34-21_0.685m_v0..npz...
2026-03-26 19:13:36.931 | INFO     | groot.rl.utils.teleop_reset_lib.motion_loader_wsppt:__init__:116 - Motion loaded: duration: 12.5 sec, frames: 626
2026-03-26 19:13:36.931 | INFO     | groot.rl.utils.teleop_reset_lib.motion_loader_wsppt:from_file:122 - Loading motion from groot/rl/data/motions/g1_wsdpt/33demos_675_775/record_2025-10-31_03-38-19_0.754m.npz...
2026-03-26 19:13:36.935 | INFO     | groot.rl.utils.teleop_reset_lib.motion_loader_wsppt:__init__:116 - Motion loaded: duration: 14.4 sec, frames: 721
2026-03-26 19:13:36.936 | INFO     | groot.rl.utils.teleop_reset_lib.motion_loader_wsppt:from_file:122 - Loading motion from groot/rl/data/motions/g1_wsdpt/33demos_675_775/record_2025-10-26_23-16-53_0.695_v1.npz...
2026-03-26 19:13:36.939 | INFO     | groot.rl.utils.teleop_reset_lib.motion_loader_wsppt:__init__:116 - Motion loaded: duration: 12.14 sec, frames: 608
2026-03-26 19:13:36.939 | INFO     | groot.rl.utils.teleop_reset_lib.motion_loader_wsppt:from_file:122 - Loading motion from groot/rl/data/motions/g1_wsdpt/33demos_675_775/record_2025-10-31_03-50-10_0.684m.npz...
2026-03-26 19:13:36.942 | INFO     | groot.rl.utils.teleop_reset_lib.motion_loader_wsppt:__init__:116 - Motion loaded: duration: 11.32 sec, frames: 567
2026-03-26 19:13:36.943 | INFO     | groot.rl.utils.teleop_reset_lib.motion_loader_wsppt:from_file:122 - Loading motion from groot/rl/data/motions/g1_wsdpt/33demos_675_775/record_2025-10-26_23-02-26_0.695m_v0.npz...
2026-03-26 19:13:36.946 | INFO     | groot.rl.utils.teleop_reset_lib.motion_loader_wsppt:__init__:116 - Motion loaded: duration: 12.780000000000001 sec, frames: 640
2026-03-26 19:13:36.947 | INFO     | groot.rl.utils.teleop_reset_lib.motion_loader_wsppt:from_file:122 - Loading motion from groot/rl/data/motions/g1_wsdpt/33demos_675_775/record_2025-10-26_22-13-37_0.675m_v0.npz...
2026-03-26 19:13:36.950 | INFO     | groot.rl.utils.teleop_reset_lib.motion_loader_wsppt:__init__:116 - Motion loaded: duration: 13.02 sec, frames: 652
2026-03-26 19:13:36.950 | INFO     | groot.rl.utils.teleop_reset_lib.motion_loader_wsppt:from_file:122 - Loading motion from groot/rl/data/motions/g1_wsdpt/33demos_675_775/record_2025-10-14_21-46-10_0.700m.npz...
2026-03-26 19:13:36.953 | INFO     | groot.rl.utils.teleop_reset_lib.motion_loader_wsppt:__init__:116 - Motion loaded: duration: 9.68 sec, frames: 485
2026-03-26 19:13:36.954 | INFO     | groot.rl.utils.teleop_reset_lib.motion_loader_wsppt:from_file:122 - Loading motion from groot/rl/data/motions/g1_wsdpt/33demos_675_775/record_2025-10-26_22-38-09_0.685m_v0..npz...
2026-03-26 19:13:36.957 | INFO     | groot.rl.utils.teleop_reset_lib.motion_loader_wsppt:__init__:116 - Motion loaded: duration: 16.44 sec, frames: 823
2026-03-26 19:13:36.958 | INFO     | groot.rl.utils.teleop_reset_lib.motion_loader_wsppt:from_file:122 - Loading motion from groot/rl/data/motions/g1_wsdpt/33demos_675_775/record_2025-10-26_22-44-19_0.685m_v1.npz...
2026-03-26 19:13:36.961 | INFO     | groot.rl.utils.teleop_reset_lib.motion_loader_wsppt:__init__:116 - Motion loaded: duration: 13.18 sec, frames: 660
2026-03-26 19:13:36.962 | INFO     | groot.rl.utils.teleop_reset_lib.motion_loader_wsppt:from_file:122 - Loading motion from groot/rl/data/motions/g1_wsdpt/33demos_675_775/record_2025-10-31_04-06-35_0.724m.npz...
2026-03-26 19:13:36.966 | INFO     | groot.rl.utils.teleop_reset_lib.motion_loader_wsppt:__init__:116 - Motion loaded: duration: 10.96 sec, frames: 549
2026-03-26 19:13:36.966 | INFO     | groot.rl.utils.teleop_reset_lib.motion_loader_wsppt:from_file:122 - Loading motion from groot/rl/data/motions/g1_wsdpt/33demos_675_775/record_2025-10-27_00-41-06_0.725m_v1.npz...
2026-03-26 19:13:36.969 | INFO     | groot.rl.utils.teleop_reset_lib.motion_loader_wsppt:__init__:116 - Motion loaded: duration: 12.84 sec, frames: 643
2026-03-26 19:13:36.970 | INFO     | groot.rl.utils.teleop_reset_lib.motion_loader_wsppt:from_file:122 - Loading motion from groot/rl/data/motions/g1_wsdpt/33demos_675_775/record_2025-10-26_23-24-41_0.705m_v0.npz...
2026-03-26 19:13:36.973 | INFO     | groot.rl.utils.teleop_reset_lib.motion_loader_wsppt:__init__:116 - Motion loaded: duration: 13.24 sec, frames: 663
2026-03-26 19:13:36.973 | INFO     | groot.rl.utils.teleop_reset_lib.motion_loader_wsppt:from_file:122 - Loading motion from groot/rl/data/motions/g1_wsdpt/33demos_675_775/record_2025-10-27_00-54-56_0.735m_v0.npz...
2026-03-26 19:13:36.977 | INFO     | groot.rl.utils.teleop_reset_lib.motion_loader_wsppt:__init__:116 - Motion loaded: duration: 16.38 sec, frames: 820
2026-03-26 19:13:36.977 | INFO     | groot.rl.utils.teleop_reset_lib.motion_loader_wsppt:from_file:122 - Loading motion from groot/rl/data/motions/g1_wsdpt/33demos_675_775/record_2025-10-27_01-19-35_0.745m_v0.npz...
2026-03-26 19:13:36.981 | INFO     | groot.rl.utils.teleop_reset_lib.motion_loader_wsppt:__init__:116 - Motion loaded: duration: 11.06 sec, frames: 554
2026-03-26 19:13:36.981 | INFO     | groot.rl.utils.teleop_reset_lib.motion_loader_wsppt:from_file:122 - Loading motion from groot/rl/data/motions/g1_wsdpt/33demos_675_775/record_2025-10-27_01-58-32_0.775m_v0.npz...
2026-03-26 19:13:36.985 | INFO     | groot.rl.utils.teleop_reset_lib.motion_loader_wsppt:__init__:116 - Motion loaded: duration: 11.38 sec, frames: 570
2026-03-26 19:13:36.985 | INFO     | groot.rl.utils.teleop_reset_lib.motion_loader_wsppt:from_file:122 - Loading motion from groot/rl/data/motions/g1_wsdpt/33demos_675_775/record_2025-10-31_03-31-38_0.734m.npz...
2026-03-26 19:13:36.989 | INFO     | groot.rl.utils.teleop_reset_lib.motion_loader_wsppt:__init__:116 - Motion loaded: duration: 13.98 sec, frames: 700
2026-03-26 19:13:36.989 | INFO     | groot.rl.utils.teleop_reset_lib.motion_loader_wsppt:from_file:122 - Loading motion from groot/rl/data/motions/g1_wsdpt/33demos_675_775/record_2025-10-31_03-15-04_0.694m.npz...
2026-03-26 19:13:36.993 | INFO     | groot.rl.utils.teleop_reset_lib.motion_loader_wsppt:__init__:116 - Motion loaded: duration: 12.64 sec, frames: 633
2026-03-26 19:13:36.993 | INFO     | groot.rl.utils.teleop_reset_lib.motion_loader_wsppt:from_file:122 - Loading motion from groot/rl/data/motions/g1_wsdpt/33demos_675_775/record_2025-10-14_22-05-04_0.750m.npz...
2026-03-26 19:13:36.996 | INFO     | groot.rl.utils.teleop_reset_lib.motion_loader_wsppt:__init__:116 - Motion loaded: duration: 9.68 sec, frames: 485
2026-03-26 19:13:36.996 | INFO     | groot.rl.utils.teleop_reset_lib.motion_loader_wsppt:from_file:122 - Loading motion from groot/rl/data/motions/g1_wsdpt/33demos_675_775/record_2025-10-26_23-27-47_0.705m_v0.npz...
2026-03-26 19:13:37.000 | INFO     | groot.rl.utils.teleop_reset_lib.motion_loader_wsppt:__init__:116 - Motion loaded: duration: 13.14 sec, frames: 658
2026-03-26 19:13:37.000 | INFO     | groot.rl.utils.teleop_reset_lib.motion_loader_wsppt:from_file:122 - Loading motion from groot/rl/data/motions/g1_wsdpt/33demos_675_775/record_2025-10-27_01-31-24_0.755m_v0.npz...
2026-03-26 19:13:37.004 | INFO     | groot.rl.utils.teleop_reset_lib.motion_loader_wsppt:__init__:116 - Motion loaded: duration: 10.78 sec, frames: 540
2026-03-26 19:13:37.004 | INFO     | groot.rl.utils.teleop_reset_lib.motion_loader_wsppt:from_file:122 - Loading motion from groot/rl/data/motions/g1_wsdpt/33demos_675_775/record_2025-10-31_04-15-39_0.667m.npz...
2026-03-26 19:13:37.007 | INFO     | groot.rl.utils.teleop_reset_lib.motion_loader_wsppt:__init__:116 - Motion loaded: duration: 10.48 sec, frames: 525
2026-03-26 19:13:37.007 | INFO     | groot.rl.utils.teleop_reset_lib.motion_loader_wsppt:from_file:122 - Loading motion from groot/rl/data/motions/g1_wsdpt/33demos_675_775/record_2025-10-27_01-37-10_0.755m_v1.npz...
2026-03-26 19:13:37.011 | INFO     | groot.rl.utils.teleop_reset_lib.motion_loader_wsppt:__init__:116 - Motion loaded: duration: 10.28 sec, frames: 515
2026-03-26 19:13:37.011 | INFO     | groot.rl.utils.teleop_reset_lib.motion_loader_wsppt:from_file:122 - Loading motion from groot/rl/data/motions/g1_wsdpt/33demos_675_775/record_2025-10-31_04-48-56_0.717m.npz...
2026-03-26 19:13:37.015 | INFO     | groot.rl.utils.teleop_reset_lib.motion_loader_wsppt:__init__:116 - Motion loaded: duration: 10.72 sec, frames: 537
2026-03-26 19:13:37.015 | INFO     | groot.rl.utils.teleop_reset_lib.motion_loader_wsppt:from_file:122 - Loading motion from groot/rl/data/motions/g1_wsdpt/33demos_675_775/record_2025-10-27_00-42-45_0.725m_v1.npz...
2026-03-26 19:13:37.019 | INFO     | groot.rl.utils.teleop_reset_lib.motion_loader_wsppt:__init__:116 - Motion loaded: duration: 13.44 sec, frames: 673
2026-03-26 19:13:37.019 | INFO     | groot.rl.utils.teleop_reset_lib.motion_loader_wsppt:from_file:122 - Loading motion from groot/rl/data/motions/g1_wsdpt/33demos_675_775/record_2025-10-31_03-44-51_0.664m..npz...
2026-03-26 19:13:37.022 | INFO     | groot.rl.utils.teleop_reset_lib.motion_loader_wsppt:__init__:116 - Motion loaded: duration: 13.1 sec, frames: 656
2026-03-26 19:13:37.023 | INFO     | groot.rl.utils.teleop_reset_lib.motion_loader_wsppt:from_file:122 - Loading motion from groot/rl/data/motions/g1_wsdpt/33demos_675_775/record_2025-10-31_03-45-35_0.664m..npz...
2026-03-26 19:13:37.026 | INFO     | groot.rl.utils.teleop_reset_lib.motion_loader_wsppt:__init__:116 - Motion loaded: duration: 14.26 sec, frames: 714
2026-03-26 19:13:37.026 | INFO     | groot.rl.utils.teleop_reset_lib.motion_loader_wsppt:from_file:122 - Loading motion from groot/rl/data/motions/g1_wsdpt/33demos_675_775/record_2025-10-26_22-37-24_0.685m_v0..npz...
2026-03-26 19:13:37.030 | INFO     | groot.rl.utils.teleop_reset_lib.motion_loader_wsppt:__init__:116 - Motion loaded: duration: 12.42 sec, frames: 622
2026-03-26 19:13:37.030 | INFO     | groot.rl.utils.teleop_reset_lib.motion_loader_wsppt:from_file:122 - Loading motion from groot/rl/data/motions/g1_wsdpt/33demos_675_775/record_2025-10-26_23-12-34_0.695_v1.npz...
2026-03-26 19:13:37.033 | INFO     | groot.rl.utils.teleop_reset_lib.motion_loader_wsppt:__init__:116 - Motion loaded: duration: 13.5 sec, frames: 676
2026-03-26 19:13:37.034 | INFO     | groot.rl.utils.teleop_reset_lib.motion_loader_wsppt:from_file:122 - Loading motion from groot/rl/data/motions/g1_wsdpt/33demos_675_775/record_2025-10-14_21-49-13_0.725m.npz...
2026-03-26 19:13:37.037 | INFO     | groot.rl.utils.teleop_reset_lib.motion_loader_wsppt:__init__:116 - Motion loaded: duration: 8.48 sec, frames: 425
2026-03-26 19:13:37.037 | INFO     | groot.rl.utils.teleop_reset_lib.motion_loader_wsppt:from_file:122 - Loading motion from groot/rl/data/motions/g1_wsdpt/33demos_675_775/record_2025-10-27_01-41-00_0.755m_v1.npz...
2026-03-26 19:13:37.040 | INFO     | groot.rl.utils.teleop_reset_lib.motion_loader_wsppt:__init__:116 - Motion loaded: duration: 11.46 sec, frames: 574
2026-03-26 19:13:37.040 | INFO     | groot.rl.utils.teleop_reset_lib.motion_loader_wsppt:from_file:122 - Loading motion from groot/rl/data/motions/g1_wsdpt/33demos_675_775/record_2025-10-31_04-02-03_0.704m.npz...
2026-03-26 19:13:37.044 | INFO     | groot.rl.utils.teleop_reset_lib.motion_loader_wsppt:__init__:116 - Motion loaded: duration: 10.66 sec, frames: 534
2026-03-26 19:13:37.044 | INFO     | groot.rl.utils.teleop_reset_lib.motion_loader_wsppt:from_file:122 - Loading motion from groot/rl/data/motions/g1_wsdpt/33demos_675_775/record_2025-10-31_03-52-05_0.684m.npz...
2026-03-26 19:13:37.048 | INFO     | groot.rl.utils.teleop_reset_lib.motion_loader_wsppt:__init__:116 - Motion loaded: duration: 11.52 sec, frames: 577
2026-03-26 19:13:37.048 | INFO     | groot.rl.utils.teleop_reset_lib.motion_loader_wsppt:from_file:122 - Loading motion from groot/rl/data/motions/g1_wsdpt/33demos_675_775/record_2025-10-26_22-43-46_0.685m_v1.npz...
2026-03-26 19:13:37.052 | INFO     | groot.rl.utils.teleop_reset_lib.motion_loader_wsppt:__init__:116 - Motion loaded: duration: 11.84 sec, frames: 593
2026-03-26 19:13:37.052 | INFO     | groot.rl.utils.teleop_reset_lib.motion_loader_wsppt:from_file:122 - Loading motion from groot/rl/data/motions/g1_wsdpt/33demos_675_775/record_2025-10-26_23-05-23_0.695m_v0.npz...
2026-03-26 19:13:37.055 | INFO     | groot.rl.utils.teleop_reset_lib.motion_loader_wsppt:__init__:116 - Motion loaded: duration: 12.32 sec, frames: 617
2026-03-26 19:13:37.056 | INFO     | groot.rl.utils.teleop_reset_lib.motion_loader_wsppt:from_file:122 - Loading motion from groot/rl/data/motions/g1_wsdpt/33demos_675_775/record_2025-10-27_00-02-14_0.715m_v1.npz...
2026-03-26 19:13:37.059 | INFO     | groot.rl.utils.teleop_reset_lib.motion_loader_wsppt:__init__:116 - Motion loaded: duration: 12.48 sec, frames: 625
2026-03-26 19:13:37.059 | INFO     | groot.rl.utils.teleop_reset_lib.motion_loader_wsppt:from_file:122 - Loading motion from groot/rl/data/motions/g1_wsdpt/33demos_675_775/record_2025-10-27_00-27-52_0.725m_v0.npz...
2026-03-26 19:13:37.063 | INFO     | groot.rl.utils.teleop_reset_lib.motion_loader_wsppt:__init__:116 - Motion loaded: duration: 13.88 sec, frames: 695
2026-03-26 19:13:37.063 | INFO     | groot.rl.utils.teleop_reset_lib.motion_loader_wsppt:from_file:122 - Loading motion from groot/rl/data/motions/g1_wsdpt/33demos_675_775/record_2025-10-14_22-00-53_0.750m.npz...
2026-03-26 19:13:37.066 | INFO     | groot.rl.utils.teleop_reset_lib.motion_loader_wsppt:__init__:116 - Motion loaded: duration: 10.64 sec, frames: 533
2026-03-26 19:13:37.067 | INFO     | groot.rl.utils.teleop_reset_lib.motion_loader_wsppt:from_file:122 - Loading motion from groot/rl/data/motions/g1_wsdpt/33demos_675_775/record_2025-10-26_23-29-10_0.705m_v0.npz...
2026-03-26 19:13:37.070 | INFO     | groot.rl.utils.teleop_reset_lib.motion_loader_wsppt:__init__:116 - Motion loaded: duration: 10.92 sec, frames: 547
2026-03-26 19:13:37.070 | INFO     | groot.rl.utils.teleop_reset_lib.motion_loader_wsppt:from_file:122 - Loading motion from groot/rl/data/motions/g1_wsdpt/33demos_675_775/record_2025-10-27_01-08-56_0.735m_v1.npz...
2026-03-26 19:13:37.074 | INFO     | groot.rl.utils.teleop_reset_lib.motion_loader_wsppt:__init__:116 - Motion loaded: duration: 14.1 sec, frames: 706
2026-03-26 19:13:37.074 | INFO     | groot.rl.utils.teleop_reset_lib.motion_loader_wsppt:from_file:122 - Loading motion from groot/rl/data/motions/g1_wsdpt/33demos_675_775/record_2025-10-26_23-42-08_0.705m_v1.npz...
2026-03-26 19:13:37.078 | INFO     | groot.rl.utils.teleop_reset_lib.motion_loader_wsppt:__init__:116 - Motion loaded: duration: 12.14 sec, frames: 608
2026-03-26 19:13:37.078 | INFO     | groot.rl.utils.teleop_reset_lib.motion_loader_wsppt:from_file:122 - Loading motion from groot/rl/data/motions/g1_wsdpt/33demos_675_775/record_2025-10-31_04-11-04_0.744m.npz...
2026-03-26 19:13:37.081 | INFO     | groot.rl.utils.teleop_reset_lib.motion_loader_wsppt:__init__:116 - Motion loaded: duration: 10.26 sec, frames: 514
2026-03-26 19:13:37.081 | INFO     | groot.rl.utils.teleop_reset_lib.motion_loader_wsppt:from_file:122 - Loading motion from groot/rl/data/motions/g1_wsdpt/33demos_675_775/record_2025-10-26_22-55-27_0.695m_v0.npz...
2026-03-26 19:13:37.085 | INFO     | groot.rl.utils.teleop_reset_lib.motion_loader_wsppt:__init__:116 - Motion loaded: duration: 13.620000000000001 sec, frames: 682
2026-03-26 19:13:37.085 | INFO     | groot.rl.utils.teleop_reset_lib.motion_loader_wsppt:from_file:122 - Loading motion from groot/rl/data/motions/g1_wsdpt/33demos_675_775/record_2025-10-26_22-25-27_0.675m_v1.npz...
2026-03-26 19:13:37.088 | INFO     | groot.rl.utils.teleop_reset_lib.motion_loader_wsppt:__init__:116 - Motion loaded: duration: 9.76 sec, frames: 489
2026-03-26 19:13:37.088 | INFO     | groot.rl.utils.teleop_reset_lib.motion_loader_wsppt:from_file:122 - Loading motion from groot/rl/data/motions/g1_wsdpt/33demos_675_775/record_2025-10-27_01-21-58_0.745m_v0.npz...
2026-03-26 19:13:37.091 | INFO     | groot.rl.utils.teleop_reset_lib.motion_loader_wsppt:__init__:116 - Motion loaded: duration: 9.98 sec, frames: 500
2026-03-26 19:13:37.092 | INFO     | groot.rl.utils.teleop_reset_lib.motion_loader_wsppt:from_file:122 - Loading motion from groot/rl/data/motions/g1_wsdpt/33demos_675_775/record_2025-10-26_22-56-54_0.695m_v0.npz...
2026-03-26 19:13:37.095 | INFO     | groot.rl.utils.teleop_reset_lib.motion_loader_wsppt:__init__:116 - Motion loaded: duration: 12.6 sec, frames: 631
2026-03-26 19:13:37.095 | INFO     | groot.rl.utils.teleop_reset_lib.motion_loader_wsppt:from_file:122 - Loading motion from groot/rl/data/motions/g1_wsdpt/33demos_675_775/record_2025-10-26_22-24-37_0.675m_v1.npz...
2026-03-26 19:13:37.099 | INFO     | groot.rl.utils.teleop_reset_lib.motion_loader_wsppt:__init__:116 - Motion loaded: duration: 11.92 sec, frames: 597
2026-03-26 19:13:37.099 | INFO     | groot.rl.utils.teleop_reset_lib.motion_loader_wsppt:from_file:122 - Loading motion from groot/rl/data/motions/g1_wsdpt/33demos_675_775/record_2025-10-14_22-17-41_0.775m.npz...
2026-03-26 19:13:37.102 | INFO     | groot.rl.utils.teleop_reset_lib.motion_loader_wsppt:__init__:116 - Motion loaded: duration: 10.06 sec, frames: 504
2026-03-26 19:13:37.102 | INFO     | groot.rl.utils.teleop_reset_lib.motion_loader_wsppt:from_file:122 - Loading motion from groot/rl/data/motions/g1_wsdpt/33demos_675_775/record_2025-10-27_01-27-44_0.755m_v0.npz...
2026-03-26 19:13:37.106 | INFO     | groot.rl.utils.teleop_reset_lib.motion_loader_wsppt:__init__:116 - Motion loaded: duration: 11.5 sec, frames: 576
2026-03-26 19:13:37.106 | INFO     | groot.rl.utils.teleop_reset_lib.motion_loader_wsppt:from_file:122 - Loading motion from groot/rl/data/motions/g1_wsdpt/33demos_675_775/record_2025-10-31_03-25-16_0.714m.npz...
2026-03-26 19:13:37.109 | INFO     | groot.rl.utils.teleop_reset_lib.motion_loader_wsppt:__init__:116 - Motion loaded: duration: 12.34 sec, frames: 618
2026-03-26 19:13:37.109 | INFO     | groot.rl.utils.teleop_reset_lib.motion_loader_wsppt:from_file:122 - Loading motion from groot/rl/data/motions/g1_wsdpt/33demos_675_775/record_2025-10-27_01-29-02_0.755m_v0.npz...
2026-03-26 19:13:37.112 | INFO     | groot.rl.utils.teleop_reset_lib.motion_loader_wsppt:__init__:116 - Motion loaded: duration: 8.92 sec, frames: 447
2026-03-26 19:13:37.113 | INFO     | groot.rl.utils.teleop_reset_lib.motion_loader_wsppt:from_file:122 - Loading motion from groot/rl/data/motions/g1_wsdpt/33demos_675_775/record_2025-10-31_04-21-43_0.677m.npz...
2026-03-26 19:13:37.116 | INFO     | groot.rl.utils.teleop_reset_lib.motion_loader_wsppt:__init__:116 - Motion loaded: duration: 9.92 sec, frames: 497
2026-03-26 19:13:37.116 | INFO     | groot.rl.utils.teleop_reset_lib.motion_loader_wsppt:from_file:122 - Loading motion from groot/rl/data/motions/g1_wsdpt/33demos_675_775/record_2025-10-26_23-18-08_0.695_v1.npz...
2026-03-26 19:13:37.120 | INFO     | groot.rl.utils.teleop_reset_lib.motion_loader_wsppt:__init__:116 - Motion loaded: duration: 11.78 sec, frames: 590
2026-03-26 19:13:37.120 | INFO     | groot.rl.utils.teleop_reset_lib.dataset_wsppt:__init__:34 - number of motion loaders: 295
2026-03-26 19:13:38.768 | INFO     | __main__:main:390 - Saving config file to logs_rl/wsdpt_teacher_BTFv8q8_zi_debug/loco_manip/walk_stand_place_grasp_turn_homie_walk_stand_place_grasp_turn_homie-20260326_191306
