2026-04-12 18:35:12.517 | INFO     | __main__:main:294 - Saving wandb logs to logs_rl/wsdpt_student_debug/wsdpt_student-20260412_183504/.wandb
2026-04-12 18:35:12.519 | DEBUG    | logging:callHandlers:1706 - Using selector: EpollSelector
2026-04-12 18:35:12.538 | DEBUG    | logging:callHandlers:1706 - Popen(['git', 'version'], cwd=/home/ziwang/projects/GR00T-VisualSim2Real, stdin=None, shell=False, universal_newlines=False)
2026-04-12 18:35:12.541 | DEBUG    | logging:callHandlers:1706 - Popen(['git', 'version'], cwd=/home/ziwang/projects/GR00T-VisualSim2Real, stdin=None, shell=False, universal_newlines=False)
2026-04-12 18:35:12.543 | DEBUG    | logging:callHandlers:1706 - sys.platform='linux', git_executable='git'
2026-04-12 18:35:12.544 | DEBUG    | logging:callHandlers:1706 - Popen(['git', 'rev-parse', '--show-toplevel'], cwd=/home/ziwang/projects/GR00T-VisualSim2Real, stdin=None, shell=False, universal_newlines=False)
2026-04-12 18:35:12.550 | DEBUG    | logging:callHandlers:1706 - Starting new HTTPS connection (1): api.wandb.ai:443
2026-04-12 18:35:12.651 | DEBUG    | logging:callHandlers:1706 - https://api.wandb.ai:443 "POST /graphql HTTP/1.1" 200 None
2026-04-12 18:35:12.748 | DEBUG    | logging:callHandlers:1706 - https://api.wandb.ai:443 "POST /graphql HTTP/1.1" 200 None
2026-04-12 18:35:13.022 | DEBUG    | logging:callHandlers:1706 - sys.platform='linux', git_executable='git'
2026-04-12 18:35:13.023 | DEBUG    | logging:callHandlers:1706 - Popen(['git', 'cat-file', '--batch-check'], cwd=/home/ziwang/projects/GR00T-VisualSim2Real, stdin=<valid stream>, shell=False, universal_newlines=False)
2026-04-12 18:35:13.901 | INFO     | gr00t.rl.utils.helpers:pre_process_config:49 - obs_dims: {'base_lin_vel': 3, 'base_ang_vel': 3, 'projected_gravity': 3, 'actions': 31, 'stage': 5, 'delta_actions': 11, 'dof_pos': 43, 'dof_vel': 43, 'dof_pos_wo_finger': 29, 'dof_vel_wo_finger': 29, 'placement_pos': 2, 'table_pelvis_transform': 9, 'hold_fingers_tips_force': 12, 'hold_obj_transform': 9, 'hold_hand_object_transform': 9, 'target_place_pos': 3, 'grasp_fingers_tips_force': 12, 'grasp_obj_transform': 9, 'grasp_hand_object_transform': 9, 'target_lift_pos': 3, 'rgb_image': '108*192*3', 'rgb_image_delayed': '108*192*3', 'target_obj_pos': 3, 'b_homie_commands': 7, 'e_homie_dof_pos': 29, 'f_homie_dof_vel': 29, 'c_homie_base_ang_vel': 3, 'd_homie_projected_gravity': 3, 'homie_torso_ang_vel': 3, 'homie_torso_projected_gravity': 3, 'g_homie_body_actions': 15}
2026-04-12 18:35:13.917 | INFO     | gr00t.rl.utils.helpers:pre_process_config:68 - auxiliary_obs_dims: {'rgb_delay_buffer': 311040, 'history_long': 3285, 'a_history_homie': 430, 'history_short': 219}
2026-04-12 18:35:13.918 | INFO     | gr00t.rl.utils.helpers:pre_process_config:78 - actor_obs: base_ang_vel has dim: 3
2026-04-12 18:35:13.919 | INFO     | gr00t.rl.utils.helpers:pre_process_config:78 - actor_obs: projected_gravity has dim: 3
2026-04-12 18:35:13.920 | INFO     | gr00t.rl.utils.helpers:pre_process_config:78 - actor_obs: actions has dim: 31
2026-04-12 18:35:13.921 | INFO     | gr00t.rl.utils.helpers:pre_process_config:78 - actor_obs: dof_pos_wo_finger has dim: 29
2026-04-12 18:35:13.922 | INFO     | gr00t.rl.utils.helpers:pre_process_config:78 - actor_obs: dof_vel_wo_finger has dim: 29
2026-04-12 18:35:13.923 | INFO     | gr00t.rl.utils.helpers:pre_process_config:78 - actor_obs: delta_actions has dim: 11
2026-04-12 18:35:13.924 | INFO     | gr00t.rl.utils.helpers:pre_process_config:78 - actor_obs: b_homie_commands has dim: 7
2026-04-12 18:35:13.925 | INFO     | gr00t.rl.utils.helpers:pre_process_config:78 - vision_obs: rgb_image_delayed has dim: 62208
2026-04-12 18:35:13.926 | INFO     | gr00t.rl.utils.helpers:pre_process_config:78 - teacher_obs: base_lin_vel has dim: 3
2026-04-12 18:35:13.927 | INFO     | gr00t.rl.utils.helpers:pre_process_config:78 - teacher_obs: base_ang_vel has dim: 3
2026-04-12 18:35:13.928 | INFO     | gr00t.rl.utils.helpers:pre_process_config:78 - teacher_obs: projected_gravity has dim: 3
2026-04-12 18:35:13.928 | INFO     | gr00t.rl.utils.helpers:pre_process_config:78 - teacher_obs: actions has dim: 31
2026-04-12 18:35:13.929 | INFO     | gr00t.rl.utils.helpers:pre_process_config:78 - teacher_obs: stage has dim: 5
2026-04-12 18:35:13.930 | INFO     | gr00t.rl.utils.helpers:pre_process_config:78 - teacher_obs: delta_actions has dim: 11
2026-04-12 18:35:13.931 | INFO     | gr00t.rl.utils.helpers:pre_process_config:78 - teacher_obs: dof_pos has dim: 43
2026-04-12 18:35:13.932 | INFO     | gr00t.rl.utils.helpers:pre_process_config:78 - teacher_obs: dof_vel has dim: 43
2026-04-12 18:35:13.933 | INFO     | gr00t.rl.utils.helpers:pre_process_config:78 - teacher_obs: placement_pos has dim: 2
2026-04-12 18:35:13.934 | INFO     | gr00t.rl.utils.helpers:pre_process_config:78 - teacher_obs: table_pelvis_transform has dim: 9
2026-04-12 18:35:13.934 | INFO     | gr00t.rl.utils.helpers:pre_process_config:78 - teacher_obs: hold_fingers_tips_force has dim: 12
2026-04-12 18:35:13.935 | INFO     | gr00t.rl.utils.helpers:pre_process_config:78 - teacher_obs: hold_obj_transform has dim: 9
2026-04-12 18:35:13.936 | INFO     | gr00t.rl.utils.helpers:pre_process_config:78 - teacher_obs: hold_hand_object_transform has dim: 9
2026-04-12 18:35:13.937 | INFO     | gr00t.rl.utils.helpers:pre_process_config:78 - teacher_obs: target_place_pos has dim: 3
2026-04-12 18:35:13.938 | INFO     | gr00t.rl.utils.helpers:pre_process_config:78 - teacher_obs: grasp_fingers_tips_force has dim: 12
2026-04-12 18:35:13.939 | INFO     | gr00t.rl.utils.helpers:pre_process_config:78 - teacher_obs: grasp_obj_transform has dim: 9
2026-04-12 18:35:13.940 | INFO     | gr00t.rl.utils.helpers:pre_process_config:78 - teacher_obs: grasp_hand_object_transform has dim: 9
2026-04-12 18:35:13.941 | INFO     | gr00t.rl.utils.helpers:pre_process_config:78 - teacher_obs: target_lift_pos has dim: 3
2026-04-12 18:35:13.942 | INFO     | gr00t.rl.utils.helpers:pre_process_config:78 - teacher_obs: b_homie_commands has dim: 7
2026-04-12 18:35:13.942 | INFO     | gr00t.rl.utils.helpers:pre_process_config:78 - gt_obj_pos: target_obj_pos has dim: 3
2026-04-12 18:35:13.943 | INFO     | gr00t.rl.utils.helpers:pre_process_config:78 - critic_obs: base_lin_vel has dim: 3
2026-04-12 18:35:13.944 | INFO     | gr00t.rl.utils.helpers:pre_process_config:78 - critic_obs: base_ang_vel has dim: 3
2026-04-12 18:35:13.945 | INFO     | gr00t.rl.utils.helpers:pre_process_config:78 - critic_obs: projected_gravity has dim: 3
2026-04-12 18:35:13.946 | INFO     | gr00t.rl.utils.helpers:pre_process_config:78 - critic_obs: actions has dim: 31
2026-04-12 18:35:13.947 | INFO     | gr00t.rl.utils.helpers:pre_process_config:78 - critic_obs: stage has dim: 5
2026-04-12 18:35:13.947 | INFO     | gr00t.rl.utils.helpers:pre_process_config:78 - critic_obs: delta_actions has dim: 11
2026-04-12 18:35:13.948 | INFO     | gr00t.rl.utils.helpers:pre_process_config:78 - critic_obs: dof_pos has dim: 43
2026-04-12 18:35:13.949 | INFO     | gr00t.rl.utils.helpers:pre_process_config:78 - critic_obs: dof_vel has dim: 43
2026-04-12 18:35:13.950 | INFO     | gr00t.rl.utils.helpers:pre_process_config:78 - critic_obs: placement_pos has dim: 2
2026-04-12 18:35:13.951 | INFO     | gr00t.rl.utils.helpers:pre_process_config:78 - critic_obs: table_pelvis_transform has dim: 9
2026-04-12 18:35:13.952 | INFO     | gr00t.rl.utils.helpers:pre_process_config:78 - critic_obs: hold_fingers_tips_force has dim: 12
2026-04-12 18:35:13.953 | INFO     | gr00t.rl.utils.helpers:pre_process_config:78 - critic_obs: hold_obj_transform has dim: 9
2026-04-12 18:35:13.953 | INFO     | gr00t.rl.utils.helpers:pre_process_config:78 - critic_obs: hold_hand_object_transform has dim: 9
2026-04-12 18:35:13.954 | INFO     | gr00t.rl.utils.helpers:pre_process_config:78 - critic_obs: target_place_pos has dim: 3
2026-04-12 18:35:13.955 | INFO     | gr00t.rl.utils.helpers:pre_process_config:78 - critic_obs: grasp_fingers_tips_force has dim: 12
2026-04-12 18:35:13.956 | INFO     | gr00t.rl.utils.helpers:pre_process_config:78 - critic_obs: grasp_obj_transform has dim: 9
2026-04-12 18:35:13.957 | INFO     | gr00t.rl.utils.helpers:pre_process_config:78 - critic_obs: grasp_hand_object_transform has dim: 9
2026-04-12 18:35:13.958 | INFO     | gr00t.rl.utils.helpers:pre_process_config:78 - critic_obs: target_lift_pos has dim: 3
2026-04-12 18:35:13.959 | INFO     | gr00t.rl.utils.helpers:pre_process_config:78 - critic_obs: b_homie_commands has dim: 7
2026-04-12 18:35:13.959 | INFO     | gr00t.rl.utils.helpers:pre_process_config:81 - homie_obs: a_history_homie has dim: 430
2026-04-12 18:35:13.960 | INFO     | gr00t.rl.utils.helpers:pre_process_config:78 - homie_obs: b_homie_commands has dim: 7
2026-04-12 18:35:13.961 | INFO     | gr00t.rl.utils.helpers:pre_process_config:78 - homie_obs: c_homie_base_ang_vel has dim: 3
2026-04-12 18:35:13.962 | INFO     | gr00t.rl.utils.helpers:pre_process_config:78 - homie_obs: d_homie_projected_gravity has dim: 3
2026-04-12 18:35:13.962 | INFO     | gr00t.rl.utils.helpers:pre_process_config:78 - homie_obs: e_homie_dof_pos has dim: 29
2026-04-12 18:35:13.963 | INFO     | gr00t.rl.utils.helpers:pre_process_config:78 - homie_obs: f_homie_dof_vel has dim: 29
2026-04-12 18:35:13.964 | INFO     | gr00t.rl.utils.helpers:pre_process_config:78 - homie_obs: g_homie_body_actions has dim: 15
2026-04-12 18:35:13.965 | INFO     | gr00t.rl.utils.helpers:pre_process_config:89 - algo_obs_dim_dict: {'actor_obs': 113, 'vision_obs': 62208, 'teacher_obs': 226, 'gt_obj_pos': 3, 'critic_obs': 226, 'homie_obs': 516}
2026-04-12 18:35:13.965 | DEBUG    | gr00t.rl.utils.helpers:pre_process_config:100 - PPO CONFIG
2026-04-12 18:35:13.966 | DEBUG    | gr00t.rl.utils.helpers:pre_process_config:102 - {'encoder': {'input_dim': ['vision_obs'], 'output_dim': ['vision_feature_dim'], 'layer_config': {'type': 'CNN', 'channel_dims': [16, 32, 32], 'activation': 'ELU', 'norm_config': {'use_batch_norm': True}, 'layers': [{'type': 'conv', 'kernel_size': 3, 'stride': 1, 'padding': 1}, {'type': 'pool', 'kernel_size': 2, 'stride': 2}, {'type': 'conv', 'kernel_size': 3, 'stride': 1, 'padding': 1}, {'type': 'pool', 'kernel_size': 2, 'stride': 2}, {'type': 'conv', 'kernel_size': 3, 'stride': 1, 'padding': 1}]}}, 'actor': {'input_dim': ['actor_obs', 'vision_feature_dim'], 'output_dim': ['robot_action_dim'], 'layer_config': {'type': 'MLP', 'hidden_dims': [512, 256, 128], 'activation': 'ELU'}}, 'teacher_actor': {'input_dim': ['teacher_obs'], 'output_dim': ['robot_action_dim'], 'layer_config': {'type': 'MLP', 'hidden_dims': [512, 256, 128], 'activation': 'ELU'}}}
2026-04-12 18:35:14.136 | INFO     | gr00t.rl.simulator.isaacsim.isaacsim:__init__:178 - [TELEMETRY] Rank 0: Entering IsaacSim.__init__ on device cuda:0
2026-04-12 18:35:14.136 | INFO     | gr00t.rl.simulator.isaacsim.isaacsim:__init__:183 - [TELEMETRY] Rank 0: CUDA device idx=0, name=NVIDIA RTX 5880 Ada Generation, memory reserved=2.1MB, memory allocated=0.0MB
2026-04-12 18:35:14.160 | INFO     | gr00t.rl.simulator.isaacsim.isaacsim:__init__:231 - IsaacSim initialized.
2026-04-12 18:35:14.160 | INFO     | gr00t.rl.simulator.isaacsim.isaacsim:__init__:233 - [INFO]: Base environment:
2026-04-12 18:35:14.160 | INFO     | gr00t.rl.simulator.isaacsim.isaacsim:__init__:234 - 	Environment device    : cuda:0
2026-04-12 18:35:14.160 | INFO     | gr00t.rl.simulator.isaacsim.isaacsim:__init__:235 - 	Physics step-size     : 0.005
2026-04-12 18:35:14.161 | INFO     | gr00t.rl.simulator.isaacsim.isaacsim:__init__:236 - 	Rendering step-size   : 0.005
2026-04-12 18:35:14.161 | WARNING  | gr00t.rl.simulator.isaacsim.isaacsim:__init__:246 - The render interval (1) is smaller than the decimation (4). Multiple render calls will happen for each environment step.If this is not intended, set the render interval to be equal to the decimation.
2026-04-12 18:35:14.166 | INFO     | gr00t.rl.simulator.isaacsim.isaacsim:_setup_scene:668 - [TELEMETRY] Rank 0: _setup_scene started
2026-04-12 18:35:14.167 | WARNING  | gr00t.rl.simulator.isaacsim.isaacsim:_setup_scene:682 - num_position_iterations: 8
2026-04-12 18:35:14.167 | WARNING  | gr00t.rl.simulator.isaacsim.isaacsim:_setup_scene:685 - num_velocity_iterations: 4
2026-04-12 18:35:14.178 | WARNING  | gr00t.rl.simulator.isaacsim.isaacsim:_setup_scene:827 - dof_armature_list [0.01017752004, 0.025101925, 0.01017752004, 0.025101925, 0.00721945, 0.00721945, 0.01017752004, 0.025101925, 0.01017752004, 0.025101925, 0.00721945, 0.00721945, 0.01017752004, 0.00721945, 0.00721945, 0.003609725, 0.003609725, 0.003609725, 0.003609725, 0.003609725, 0.00425, 0.00425, 0.01, 0.01, 0.01, 0.01, 0.01, 0.01, 0.01, 0.003609725, 0.003609725, 0.003609725, 0.003609725, 0.003609725, 0.00425, 0.00425, 0.01, 0.01, 0.01, 0.01, 0.01, 0.01, 0.01]
2026-04-12 18:35:14.178 | WARNING  | gr00t.rl.simulator.isaacsim.isaacsim:_setup_scene:828 - dof_joint_friction_list [0.0, 0.0, 0.0, 0.0, 0.0, 0.0, 0.0, 0.0, 0.0, 0.0, 0.0, 0.0, 0.0, 0.0, 0.0, 0.0, 0.0, 0.0, 0.0, 0.0, 0.0, 0.0, 0.0, 0.0, 0.0, 0.0, 0.0, 0.0, 0.0, 0.0, 0.0, 0.0, 0.0, 0.0, 0.0, 0.0, 0.0, 0.0, 0.0, 0.0, 0.0, 0.0, 0.0]
2026-04-12 18:35:16.069 | INFO     | gr00t.rl.simulator.isaacsim.isaacsim:_setup_scene:998 - camera_types: ['rgb']
2026-04-12 18:35:17.311 | INFO     | walk_stand_place_grasp_turn_homie:_init_usd_path_list:158 - Found 1 USD files in /home/ziwang/projects/GR00T-VisualSim2Real/gr00t/rl/data/objects/grab
2026-04-12 18:35:17.311 | INFO     | walk_stand_place_grasp_turn_homie:_init_usd_path_list:159 - Object classes: ['bottle']
2026-04-12 18:35:17.311 | INFO     | walk_stand_place_grasp_turn_homie:_init_usd_path_list:160 - USD_PATH_LIST: 
2026-04-12 18:35:17.313 | INFO     | gr00t.rl.utils.teleop_reset_lib.motion_loader_wsppt:from_file:184 - Loading motion from gr00t/rl/data/motions/g1_wsdpt/33demos_675_775/record_2025-10-27_01-54-32_0.765m_v0.npz...
2026-04-12 18:35:17.320 | INFO     | gr00t.rl.utils.teleop_reset_lib.motion_loader_wsppt:__init__:178 - Motion loaded: duration: 11.620000000000001 sec, frames: 582
2026-04-12 18:35:17.322 | INFO     | gr00t.rl.utils.teleop_reset_lib.motion_loader_wsppt:from_file:184 - Loading motion from gr00t/rl/data/motions/g1_wsdpt/33demos_675_775/record_2025-10-27_01-40-00_0.755m_v1.npz...
2026-04-12 18:35:17.327 | INFO     | gr00t.rl.utils.teleop_reset_lib.motion_loader_wsppt:__init__:178 - Motion loaded: duration: 10.26 sec, frames: 514
2026-04-12 18:35:17.328 | INFO     | gr00t.rl.utils.teleop_reset_lib.motion_loader_wsppt:from_file:184 - Loading motion from gr00t/rl/data/motions/g1_wsdpt/33demos_675_775/record_2025-10-31_04-32-21_0.687m.npz...
2026-04-12 18:35:17.331 | INFO     | gr00t.rl.utils.teleop_reset_lib.motion_loader_wsppt:__init__:178 - Motion loaded: duration: 9.98 sec, frames: 500
2026-04-12 18:35:17.333 | INFO     | gr00t.rl.utils.teleop_reset_lib.motion_loader_wsppt:from_file:184 - Loading motion from gr00t/rl/data/motions/g1_wsdpt/33demos_675_775/record_2025-10-26_23-05-56_0.695m_v0.npz...
2026-04-12 18:35:17.337 | INFO     | gr00t.rl.utils.teleop_reset_lib.motion_loader_wsppt:__init__:178 - Motion loaded: duration: 11.72 sec, frames: 587
2026-04-12 18:35:17.338 | INFO     | gr00t.rl.utils.teleop_reset_lib.motion_loader_wsppt:from_file:184 - Loading motion from gr00t/rl/data/motions/g1_wsdpt/33demos_675_775/record_2025-10-14_22-06-43_0.750m.npz...
2026-04-12 18:35:17.342 | INFO     | gr00t.rl.utils.teleop_reset_lib.motion_loader_wsppt:__init__:178 - Motion loaded: duration: 10.08 sec, frames: 505
2026-04-12 18:35:17.343 | INFO     | gr00t.rl.utils.teleop_reset_lib.motion_loader_wsppt:from_file:184 - Loading motion from gr00t/rl/data/motions/g1_wsdpt/33demos_675_775/record_2025-10-26_22-36-28_0.685m_v0..npz...
2026-04-12 18:35:17.346 | INFO     | gr00t.rl.utils.teleop_reset_lib.motion_loader_wsppt:__init__:178 - Motion loaded: duration: 11.42 sec, frames: 572
2026-04-12 18:35:17.347 | INFO     | gr00t.rl.utils.teleop_reset_lib.motion_loader_wsppt:from_file:184 - Loading motion from gr00t/rl/data/motions/g1_wsdpt/33demos_675_775/record_2025-10-26_23-06-50_0.695m_v0.npz...
2026-04-12 18:35:17.352 | INFO     | gr00t.rl.utils.teleop_reset_lib.motion_loader_wsppt:__init__:178 - Motion loaded: duration: 12.16 sec, frames: 609
2026-04-12 18:35:17.353 | INFO     | gr00t.rl.utils.teleop_reset_lib.motion_loader_wsppt:from_file:184 - Loading motion from gr00t/rl/data/motions/g1_wsdpt/33demos_675_775/record_2025-10-27_00-01-05_0.715m_v1.npz...
2026-04-12 18:35:17.358 | INFO     | gr00t.rl.utils.teleop_reset_lib.motion_loader_wsppt:__init__:178 - Motion loaded: duration: 13.540000000000001 sec, frames: 678
2026-04-12 18:35:17.381 | INFO     | gr00t.rl.simulator.isaacsim.isaacsim:_setup_scene:1183 - Object class distribution across 24 environments:
2026-04-12 18:35:17.382 | INFO     | gr00t.rl.simulator.isaacsim.isaacsim:_setup_scene:1187 -   bottle: 24 environments (100.0%)
2026-04-12 18:35:20.270 | WARNING  | gr00t.rl.simulator.isaacsim.isaacsim:_setup_scene:1434 - Failed to get table top positions with RigidPrim method: 'IsaacSim' object has no attribute 'get_all_table_top_positions'
2026-04-12 18:35:20.271 | INFO     | gr00t.rl.simulator.isaacsim.isaacsim:_setup_scene:1438 - Successfully retrieved table top positions using USD method for 8 environments
2026-04-12 18:35:20.277 | INFO     | gr00t.rl.simulator.isaacsim.isaacsim:_setup_scene:1550 - [TELEMETRY] Rank 0: _setup_scene completed all assets and sensors initialization
2026-04-12 18:35:20.279 | INFO     | gr00t.rl.simulator.isaacsim.isaacsim:__init__:269 - Starting the simulation. This may take a few seconds. Please wait...
2026-04-12 18:35:29.335 | INFO     | gr00t.rl.simulator.isaacsim.isaacsim:__init__:644 - Completed setting up the environment...
2026-04-12 18:35:29.335 | INFO     | gr00t.rl.simulator.isaacsim.isaacsim:__init__:647 - [TELEMETRY] Rank 0: _setup_scene finished
2026-04-12 18:35:29.601 | INFO     | gr00t.rl.simulator.isaacsim.isaacsim:__init__:653 - Material randomization memory optimization completed
2026-04-12 18:35:29.621 | INFO     | gr00t.rl.simulator.isaacsim.isaacsim:load_assets:1622 - Camera attached link: d435_link, Camera body id: [14]
2026-04-12 18:35:29.621 | WARNING  | gr00t.rl.simulator.isaacsim.isaacsim:load_assets:1646 - The order of the joint_names in the robot_config does not match the order of the joint_ids in IsaacSim.
2026-04-12 18:35:29.809 | DEBUG    | gr00t.rl.envs.legged_base_task.legged_robot_base:_init_buffers:202 - PD gain of joint left_hip_pitch_joint were defined, setting them to 150.0 and 2.0
2026-04-12 18:35:29.810 | DEBUG    | gr00t.rl.envs.legged_base_task.legged_robot_base:_init_buffers:202 - PD gain of joint left_hip_roll_joint were defined, setting them to 150.0 and 2.0
2026-04-12 18:35:29.811 | DEBUG    | gr00t.rl.envs.legged_base_task.legged_robot_base:_init_buffers:202 - PD gain of joint left_hip_yaw_joint were defined, setting them to 150.0 and 2.0
2026-04-12 18:35:29.812 | DEBUG    | gr00t.rl.envs.legged_base_task.legged_robot_base:_init_buffers:202 - PD gain of joint left_knee_joint were defined, setting them to 200.0 and 4.0
2026-04-12 18:35:29.813 | DEBUG    | gr00t.rl.envs.legged_base_task.legged_robot_base:_init_buffers:202 - PD gain of joint left_ankle_pitch_joint were defined, setting them to 40.0 and 2.0
2026-04-12 18:35:29.813 | DEBUG    | gr00t.rl.envs.legged_base_task.legged_robot_base:_init_buffers:202 - PD gain of joint left_ankle_roll_joint were defined, setting them to 40.0 and 2.0
2026-04-12 18:35:29.814 | DEBUG    | gr00t.rl.envs.legged_base_task.legged_robot_base:_init_buffers:202 - PD gain of joint right_hip_pitch_joint were defined, setting them to 150.0 and 2.0
2026-04-12 18:35:29.815 | DEBUG    | gr00t.rl.envs.legged_base_task.legged_robot_base:_init_buffers:202 - PD gain of joint right_hip_roll_joint were defined, setting them to 150.0 and 2.0
2026-04-12 18:35:29.816 | DEBUG    | gr00t.rl.envs.legged_base_task.legged_robot_base:_init_buffers:202 - PD gain of joint right_hip_yaw_joint were defined, setting them to 150.0 and 2.0
2026-04-12 18:35:29.816 | DEBUG    | gr00t.rl.envs.legged_base_task.legged_robot_base:_init_buffers:202 - PD gain of joint right_knee_joint were defined, setting them to 200.0 and 4.0
2026-04-12 18:35:29.817 | DEBUG    | gr00t.rl.envs.legged_base_task.legged_robot_base:_init_buffers:202 - PD gain of joint right_ankle_pitch_joint were defined, setting them to 40.0 and 2.0
2026-04-12 18:35:29.818 | DEBUG    | gr00t.rl.envs.legged_base_task.legged_robot_base:_init_buffers:202 - PD gain of joint right_ankle_roll_joint were defined, setting them to 40.0 and 2.0
2026-04-12 18:35:29.819 | DEBUG    | gr00t.rl.envs.legged_base_task.legged_robot_base:_init_buffers:202 - PD gain of joint waist_yaw_joint were defined, setting them to 250.0 and 5.0
2026-04-12 18:35:29.820 | DEBUG    | gr00t.rl.envs.legged_base_task.legged_robot_base:_init_buffers:202 - PD gain of joint waist_roll_joint were defined, setting them to 250.0 and 5.0
2026-04-12 18:35:29.820 | DEBUG    | gr00t.rl.envs.legged_base_task.legged_robot_base:_init_buffers:202 - PD gain of joint waist_pitch_joint were defined, setting them to 250.0 and 5.0
2026-04-12 18:35:29.821 | DEBUG    | gr00t.rl.envs.legged_base_task.legged_robot_base:_init_buffers:202 - PD gain of joint left_shoulder_pitch_joint were defined, setting them to 100.0 and 5.0
2026-04-12 18:35:29.822 | DEBUG    | gr00t.rl.envs.legged_base_task.legged_robot_base:_init_buffers:202 - PD gain of joint left_shoulder_roll_joint were defined, setting them to 100.0 and 5.0
2026-04-12 18:35:29.823 | DEBUG    | gr00t.rl.envs.legged_base_task.legged_robot_base:_init_buffers:202 - PD gain of joint left_shoulder_yaw_joint were defined, setting them to 40.0 and 2.0
2026-04-12 18:35:29.823 | DEBUG    | gr00t.rl.envs.legged_base_task.legged_robot_base:_init_buffers:202 - PD gain of joint left_elbow_joint were defined, setting them to 40.0 and 2.0
2026-04-12 18:35:29.824 | DEBUG    | gr00t.rl.envs.legged_base_task.legged_robot_base:_init_buffers:202 - PD gain of joint left_wrist_roll_joint were defined, setting them to 20.0 and 2.0
2026-04-12 18:35:29.825 | DEBUG    | gr00t.rl.envs.legged_base_task.legged_robot_base:_init_buffers:202 - PD gain of joint left_wrist_pitch_joint were defined, setting them to 20.0 and 2.0
2026-04-12 18:35:29.826 | DEBUG    | gr00t.rl.envs.legged_base_task.legged_robot_base:_init_buffers:202 - PD gain of joint left_wrist_yaw_joint were defined, setting them to 20.0 and 2.0
2026-04-12 18:35:29.826 | DEBUG    | gr00t.rl.envs.legged_base_task.legged_robot_base:_init_buffers:202 - PD gain of joint right_shoulder_pitch_joint were defined, setting them to 100.0 and 5.0
2026-04-12 18:35:29.827 | DEBUG    | gr00t.rl.envs.legged_base_task.legged_robot_base:_init_buffers:202 - PD gain of joint right_shoulder_roll_joint were defined, setting them to 100.0 and 5.0
2026-04-12 18:35:29.828 | DEBUG    | gr00t.rl.envs.legged_base_task.legged_robot_base:_init_buffers:202 - PD gain of joint right_shoulder_yaw_joint were defined, setting them to 40.0 and 2.0
2026-04-12 18:35:29.829 | DEBUG    | gr00t.rl.envs.legged_base_task.legged_robot_base:_init_buffers:202 - PD gain of joint right_elbow_joint were defined, setting them to 40.0 and 2.0
2026-04-12 18:35:29.830 | DEBUG    | gr00t.rl.envs.legged_base_task.legged_robot_base:_init_buffers:202 - PD gain of joint right_wrist_roll_joint were defined, setting them to 20.0 and 2.0
2026-04-12 18:35:29.830 | DEBUG    | gr00t.rl.envs.legged_base_task.legged_robot_base:_init_buffers:202 - PD gain of joint right_wrist_pitch_joint were defined, setting them to 20.0 and 2.0
2026-04-12 18:35:29.831 | DEBUG    | gr00t.rl.envs.legged_base_task.legged_robot_base:_init_buffers:202 - PD gain of joint right_wrist_yaw_joint were defined, setting them to 20.0 and 2.0
2026-04-12 18:35:29.832 | DEBUG    | gr00t.rl.envs.legged_base_task.legged_robot_base:_init_buffers:202 - PD gain of joint left_hand_index_0_joint were defined, setting them to 0.5 and 0.10000000149011612
2026-04-12 18:35:29.833 | DEBUG    | gr00t.rl.envs.legged_base_task.legged_robot_base:_init_buffers:202 - PD gain of joint left_hand_middle_0_joint were defined, setting them to 0.5 and 0.10000000149011612
2026-04-12 18:35:29.833 | DEBUG    | gr00t.rl.envs.legged_base_task.legged_robot_base:_init_buffers:202 - PD gain of joint left_hand_thumb_0_joint were defined, setting them to 2.0 and 0.10000000149011612
2026-04-12 18:35:29.834 | DEBUG    | gr00t.rl.envs.legged_base_task.legged_robot_base:_init_buffers:202 - PD gain of joint right_hand_index_0_joint were defined, setting them to 0.5 and 0.10000000149011612
2026-04-12 18:35:29.835 | DEBUG    | gr00t.rl.envs.legged_base_task.legged_robot_base:_init_buffers:202 - PD gain of joint right_hand_middle_0_joint were defined, setting them to 0.5 and 0.10000000149011612
2026-04-12 18:35:29.836 | DEBUG    | gr00t.rl.envs.legged_base_task.legged_robot_base:_init_buffers:202 - PD gain of joint right_hand_thumb_0_joint were defined, setting them to 2.0 and 0.10000000149011612
2026-04-12 18:35:29.836 | DEBUG    | gr00t.rl.envs.legged_base_task.legged_robot_base:_init_buffers:202 - PD gain of joint left_hand_index_1_joint were defined, setting them to 0.5 and 0.10000000149011612
2026-04-12 18:35:29.837 | DEBUG    | gr00t.rl.envs.legged_base_task.legged_robot_base:_init_buffers:202 - PD gain of joint left_hand_middle_1_joint were defined, setting them to 0.5 and 0.10000000149011612
2026-04-12 18:35:29.838 | DEBUG    | gr00t.rl.envs.legged_base_task.legged_robot_base:_init_buffers:202 - PD gain of joint left_hand_thumb_1_joint were defined, setting them to 0.5 and 0.10000000149011612
2026-04-12 18:35:29.838 | DEBUG    | gr00t.rl.envs.legged_base_task.legged_robot_base:_init_buffers:202 - PD gain of joint right_hand_index_1_joint were defined, setting them to 0.5 and 0.10000000149011612
2026-04-12 18:35:29.839 | DEBUG    | gr00t.rl.envs.legged_base_task.legged_robot_base:_init_buffers:202 - PD gain of joint right_hand_middle_1_joint were defined, setting them to 0.5 and 0.10000000149011612
2026-04-12 18:35:29.840 | DEBUG    | gr00t.rl.envs.legged_base_task.legged_robot_base:_init_buffers:202 - PD gain of joint right_hand_thumb_1_joint were defined, setting them to 0.5 and 0.10000000149011612
2026-04-12 18:35:29.841 | DEBUG    | gr00t.rl.envs.legged_base_task.legged_robot_base:_init_buffers:202 - PD gain of joint left_hand_thumb_2_joint were defined, setting them to 0.5 and 0.10000000149011612
2026-04-12 18:35:29.842 | DEBUG    | gr00t.rl.envs.legged_base_task.legged_robot_base:_init_buffers:202 - PD gain of joint right_hand_thumb_2_joint were defined, setting them to 0.5 and 0.10000000149011612
2026-04-12 18:35:29.851 | INFO     | gr00t.rl.envs.legged_base_task.legged_robot_base:_prepare_reward_function:367 - [32mTairan set reward on 20251002[0m
2026-04-12 18:35:29.852 | INFO     | gr00t.rl.envs.legged_base_task.legged_robot_base:_prepare_reward_function:377 - Scale: termination = -2000.0
2026-04-12 18:35:29.852 | INFO     | gr00t.rl.envs.legged_base_task.legged_robot_base:_prepare_reward_function:377 - Scale: penalty_upfront_heading = -10000.0
2026-04-12 18:35:29.852 | INFO     | gr00t.rl.envs.legged_base_task.legged_robot_base:_prepare_reward_function:377 - Scale: penalty_bottle_in_middle = -1.0
2026-04-12 18:35:29.852 | INFO     | gr00t.rl.envs.legged_base_task.legged_robot_base:_prepare_reward_function:377 - Scale: penalty_delta_action_rate = -0.01
2026-04-12 18:35:29.852 | INFO     | gr00t.rl.envs.legged_base_task.legged_robot_base:_prepare_reward_function:377 - Scale: penalty_dof_vel = -0.5
2026-04-12 18:35:29.852 | INFO     | gr00t.rl.envs.legged_base_task.legged_robot_base:_prepare_reward_function:377 - Scale: penalty_dof_acc = -3e-06
2026-04-12 18:35:29.853 | INFO     | gr00t.rl.envs.legged_base_task.legged_robot_base:_prepare_reward_function:377 - Scale: penalty_torques = -0.001
2026-04-12 18:35:29.853 | INFO     | gr00t.rl.envs.legged_base_task.legged_robot_base:_prepare_reward_function:377 - Scale: penalty_output_smoothness = -9.0
2026-04-12 18:35:29.853 | INFO     | gr00t.rl.envs.legged_base_task.legged_robot_base:_prepare_reward_function:377 - Scale: penalty_finger_primitive_limit = -20.0
2026-04-12 18:35:29.853 | INFO     | gr00t.rl.envs.legged_base_task.legged_robot_base:_prepare_reward_function:377 - Scale: penalty_command_large_linvel_x = -20.0
2026-04-12 18:35:29.853 | INFO     | gr00t.rl.envs.legged_base_task.legged_robot_base:_prepare_reward_function:377 - Scale: penalty_command_large_linvel_y = -20.0
2026-04-12 18:35:29.853 | INFO     | gr00t.rl.envs.legged_base_task.legged_robot_base:_prepare_reward_function:377 - Scale: penalty_command_large_angvel = -20.0
2026-04-12 18:35:29.853 | INFO     | gr00t.rl.envs.legged_base_task.legged_robot_base:_prepare_reward_function:377 - Scale: penalty_command_large_upper_body_actions = -10.0
2026-04-12 18:35:29.854 | INFO     | gr00t.rl.envs.legged_base_task.legged_robot_base:_prepare_reward_function:377 - Scale: penalty_zero_linvel_x_y = -10.0
2026-04-12 18:35:29.854 | INFO     | gr00t.rl.envs.legged_base_task.legged_robot_base:_prepare_reward_function:377 - Scale: task_robot_distance_to_box = 2.0
2026-04-12 18:35:29.854 | INFO     | gr00t.rl.envs.legged_base_task.legged_robot_base:_prepare_reward_function:377 - Scale: penalty_upper_body_actions = -1.0
2026-04-12 18:35:29.854 | INFO     | gr00t.rl.envs.legged_base_task.legged_robot_base:_prepare_reward_function:377 - Scale: penalty_keep_hand_closed = 9.0
2026-04-12 18:35:29.854 | INFO     | gr00t.rl.envs.legged_base_task.legged_robot_base:_prepare_reward_function:377 - Scale: penalty_hand_predrop_pos_distance = -10000.0
2026-04-12 18:35:29.854 | INFO     | gr00t.rl.envs.legged_base_task.legged_robot_base:_prepare_reward_function:377 - Scale: hand_object_distance = 20
2026-04-12 18:35:29.854 | INFO     | gr00t.rl.envs.legged_base_task.legged_robot_base:_prepare_reward_function:377 - Scale: grasp_based_on_obj_finger_dir = 5.0
2026-04-12 18:35:29.855 | INFO     | gr00t.rl.envs.legged_base_task.legged_robot_base:_prepare_reward_function:377 - Scale: grasp_force = 1.0
2026-04-12 18:35:29.855 | INFO     | gr00t.rl.envs.legged_base_task.legged_robot_base:_prepare_reward_function:377 - Scale: lift_goal_distance = 10
2026-04-12 18:35:29.855 | INFO     | gr00t.rl.envs.legged_base_task.legged_robot_base:_prepare_reward_function:377 - Scale: lift_z = 200
2026-04-12 18:35:29.855 | INFO     | gr00t.rl.envs.legged_base_task.legged_robot_base:_prepare_reward_function:377 - Scale: release_bottle = -1.0
2026-04-12 18:35:29.855 | INFO     | gr00t.rl.envs.legged_base_task.legged_robot_base:_prepare_reward_function:377 - Scale: task_turn_around = 15
2026-04-12 18:35:29.855 | INFO     | gr00t.rl.envs.legged_base_task.legged_robot_base:_prepare_reward_function:377 - Scale: holding_object = 1.0
2026-04-12 18:35:29.855 | INFO     | gr00t.rl.envs.legged_base_task.legged_robot_base:_prepare_reward_function:377 - Scale: right_arm_qpos_tracking_hold_object = 5.0
2026-04-12 18:35:29.855 | INFO     | gr00t.rl.envs.legged_base_task.legged_robot_base:_prepare_reward_function:377 - Scale: right_arm_qpos_tracking_front_object = 25.0
2026-04-12 18:35:29.856 | INFO     | gr00t.rl.envs.legged_base_task.legged_robot_base:_prepare_reward_function:377 - Scale: penalty_fast_right_arm_qvel = -80.0
2026-04-12 18:35:29.856 | INFO     | gr00t.rl.envs.legged_base_task.legged_robot_base:_prepare_reward_function:377 - Scale: zero_XY_Ang_velocity_command_during_drop_and_pick = 0.0
2026-04-12 18:35:29.856 | INFO     | gr00t.rl.envs.legged_base_task.legged_robot_base:_prepare_reward_function:377 - Scale: zero_XY_velocity_command_during_tuning = 0.0
2026-04-12 18:35:29.856 | INFO     | gr00t.rl.envs.legged_base_task.legged_robot_base:_prepare_reward_function:377 - Scale: zero_Ang_velocity_command_during_tuning = 0.0
2026-04-12 18:35:29.856 | INFO     | gr00t.rl.envs.legged_base_task.legged_robot_base:_prepare_reward_function:377 - Scale: finger_qvel_during_right_arm_qvel = 15.0
2026-04-12 18:35:29.856 | INFO     | gr00t.rl.envs.legged_base_task.legged_robot_base:_prepare_reward_function:377 - Scale: penalty_finger_qvel_during_single_foot_contact = -315.0
2026-04-12 18:35:29.856 | INFO     | gr00t.rl.envs.legged_base_task.legged_robot_base:_prepare_reward_function:377 - Scale: penalty_arm_qvel_during_single_foot_contact = -1300.0
2026-04-12 18:35:29.856 | INFO     | gr00t.rl.envs.legged_base_task.legged_robot_base:_prepare_reward_function:377 - Scale: penalty_standing_still_abs = -0.0
2026-04-12 18:35:29.856 | INFO     | gr00t.rl.envs.legged_base_task.legged_robot_base:_prepare_reward_function:377 - Scale: penalty_standing_still_square = -0.0
2026-04-12 18:35:29.856 | INFO     | gr00t.rl.envs.legged_base_task.legged_robot_base:_prepare_reward_function:377 - Scale: penalty_standing_still_exp = 0.0
2026-04-12 18:35:29.857 | INFO     | gr00t.rl.envs.legged_base_task.legged_robot_base:_prepare_reward_function:377 - Scale: penalty_zero_XY_Ang_Ddp_ABS = -12.0
2026-04-12 18:35:29.857 | INFO     | gr00t.rl.envs.legged_base_task.legged_robot_base:_prepare_reward_function:377 - Scale: penalty_zero_XY_Ddpt_ABS = -4.0
2026-04-12 18:35:29.857 | INFO     | gr00t.rl.envs.legged_base_task.legged_robot_base:_prepare_reward_function:377 - Scale: penalty_zero_Ang_At_ABS = -4.0
2026-04-12 18:35:29.857 | INFO     | gr00t.rl.envs.legged_base_task.legged_robot_base:_prepare_reward_function:377 - Scale: track_xy_after_turning = 15.0
2026-04-12 18:35:29.857 | INFO     | gr00t.rl.envs.legged_base_task.legged_robot_base:_prepare_reward_function:377 - Scale: penalty_bottle_move_table_contact = -1000
2026-04-12 18:35:29.857 | INFO     | gr00t.rl.envs.legged_base_task.legged_robot_base:_prepare_reward_function:377 - Scale: penalty_bottle_relative_move = -2000.0
2026-04-12 18:35:29.858 | INFO     | gr00t.rl.envs.legged_base_task.legged_robot_base:_prepare_reward_function:392 - [32mUse Reward Penalty: 0.0[0m
2026-04-12 18:35:29.868 | INFO     | gr00t.rl.envs.env_utils.history_handler:__init__:62 - Using camera resolution from config: (108, 192, 3)
2026-04-12 18:35:29.868 | INFO     | gr00t.rl.envs.env_utils.history_handler:__init__:75 - Vision history buffer for rgb_image: shape (108, 192, 3), history length 5
2026-04-12 18:35:29.868 | INFO     | gr00t.rl.envs.env_utils.history_handler:__init__:78 - Total history buffer shape: torch.Size([8, 5, 108, 192, 3])
2026-04-12 18:35:29.869 | INFO     | gr00t.rl.envs.env_utils.history_handler:__init__:85 - [32mHistory Handler Initialized[0m
2026-04-12 18:35:29.869 | INFO     | gr00t.rl.envs.env_utils.history_handler:__init__:87 - Key: rgb_image, Value: 5
2026-04-12 18:35:29.869 | INFO     | gr00t.rl.envs.env_utils.history_handler:__init__:87 - Key: base_lin_vel, Value: 15
2026-04-12 18:35:29.869 | INFO     | gr00t.rl.envs.env_utils.history_handler:__init__:87 - Key: base_ang_vel, Value: 15
2026-04-12 18:35:29.869 | INFO     | gr00t.rl.envs.env_utils.history_handler:__init__:87 - Key: projected_gravity, Value: 15
2026-04-12 18:35:29.869 | INFO     | gr00t.rl.envs.env_utils.history_handler:__init__:87 - Key: actions, Value: 15
2026-04-12 18:35:29.869 | INFO     | gr00t.rl.envs.env_utils.history_handler:__init__:87 - Key: stage, Value: 15
2026-04-12 18:35:29.869 | INFO     | gr00t.rl.envs.env_utils.history_handler:__init__:87 - Key: delta_actions, Value: 15
2026-04-12 18:35:29.869 | INFO     | gr00t.rl.envs.env_utils.history_handler:__init__:87 - Key: dof_pos, Value: 15
2026-04-12 18:35:29.870 | INFO     | gr00t.rl.envs.env_utils.history_handler:__init__:87 - Key: dof_vel, Value: 15
2026-04-12 18:35:29.870 | INFO     | gr00t.rl.envs.env_utils.history_handler:__init__:87 - Key: placement_pos, Value: 15
2026-04-12 18:35:29.870 | INFO     | gr00t.rl.envs.env_utils.history_handler:__init__:87 - Key: table_pelvis_transform, Value: 15
2026-04-12 18:35:29.870 | INFO     | gr00t.rl.envs.env_utils.history_handler:__init__:87 - Key: hold_fingers_tips_force, Value: 15
2026-04-12 18:35:29.870 | INFO     | gr00t.rl.envs.env_utils.history_handler:__init__:87 - Key: hold_obj_transform, Value: 15
2026-04-12 18:35:29.870 | INFO     | gr00t.rl.envs.env_utils.history_handler:__init__:87 - Key: hold_hand_object_transform, Value: 15
2026-04-12 18:35:29.870 | INFO     | gr00t.rl.envs.env_utils.history_handler:__init__:87 - Key: target_place_pos, Value: 15
2026-04-12 18:35:29.870 | INFO     | gr00t.rl.envs.env_utils.history_handler:__init__:87 - Key: grasp_fingers_tips_force, Value: 15
2026-04-12 18:35:29.870 | INFO     | gr00t.rl.envs.env_utils.history_handler:__init__:87 - Key: grasp_obj_transform, Value: 15
2026-04-12 18:35:29.870 | INFO     | gr00t.rl.envs.env_utils.history_handler:__init__:87 - Key: grasp_hand_object_transform, Value: 15
2026-04-12 18:35:29.870 | INFO     | gr00t.rl.envs.env_utils.history_handler:__init__:87 - Key: target_lift_pos, Value: 15
2026-04-12 18:35:29.870 | INFO     | gr00t.rl.envs.env_utils.history_handler:__init__:87 - Key: b_homie_commands, Value: 5
2026-04-12 18:35:29.870 | INFO     | gr00t.rl.envs.env_utils.history_handler:__init__:87 - Key: c_homie_base_ang_vel, Value: 5
2026-04-12 18:35:29.870 | INFO     | gr00t.rl.envs.env_utils.history_handler:__init__:87 - Key: d_homie_projected_gravity, Value: 5
2026-04-12 18:35:29.871 | INFO     | gr00t.rl.envs.env_utils.history_handler:__init__:87 - Key: e_homie_dof_pos, Value: 5
2026-04-12 18:35:29.871 | INFO     | gr00t.rl.envs.env_utils.history_handler:__init__:87 - Key: f_homie_dof_vel, Value: 5
2026-04-12 18:35:29.871 | INFO     | gr00t.rl.envs.env_utils.history_handler:__init__:87 - Key: g_homie_body_actions, Value: 5
2026-04-12 18:35:29.872 | INFO     | gr00t.rl.utils.teleop_reset_lib.dataset_wsppt:__init__:31 - number of motion files under dir gr00t/rl/data/motions/g1_wsdpt/33demos_675_775: 295
2026-04-12 18:35:29.872 | INFO     | gr00t.rl.utils.teleop_reset_lib.dataset_wsppt:__init__:34 - motion files: ['gr00t/rl/data/motions/g1_wsdpt/33demos_675_775/record_2025-10-27_01-54-32_0.765m_v0.npz', 'gr00t/rl/data/motions/g1_wsdpt/33demos_675_775/record_2025-10-27_01-40-00_0.755m_v1.npz', 'gr00t/rl/data/motions/g1_wsdpt/33demos_675_775/record_2025-10-31_04-32-21_0.687m.npz', 'gr00t/rl/data/motions/g1_wsdpt/33demos_675_775/record_2025-10-26_23-05-56_0.695m_v0.npz', 'gr00t/rl/data/motions/g1_wsdpt/33demos_675_775/record_2025-10-14_22-06-43_0.750m.npz', 'gr00t/rl/data/motions/g1_wsdpt/33demos_675_775/record_2025-10-26_22-36-28_0.685m_v0..npz', 'gr00t/rl/data/motions/g1_wsdpt/33demos_675_775/record_2025-10-26_23-06-50_0.695m_v0.npz', 'gr00t/rl/data/motions/g1_wsdpt/33demos_675_775/record_2025-10-27_00-01-05_0.715m_v1.npz', 'gr00t/rl/data/motions/g1_wsdpt/33demos_675_775/record_2025-10-26_22-46-35_0.685m_v1.npz', 'gr00t/rl/data/motions/g1_wsdpt/33demos_675_775/record_2025-10-26_23-01-43_0.695m_v0.npz', 'gr00t/rl/data/motions/g1_wsdpt/33demos_675_775/record_2025-10-27_00-28-35_0.725m_v0.npz', 'gr00t/rl/data/motions/g1_wsdpt/33demos_675_775/record_2025-10-31_03-32-46_0.734m.npz', 'gr00t/rl/data/motions/g1_wsdpt/33demos_675_775/record_2025-10-26_22-05-19_0.675m_v0.npz', 'gr00t/rl/data/motions/g1_wsdpt/33demos_675_775/record_2025-10-27_01-11-57_0.735m_v1.npz', 'gr00t/rl/data/motions/g1_wsdpt/33demos_675_775/record_2025-10-31_03-36-45_0.754m.npz', 'gr00t/rl/data/motions/g1_wsdpt/33demos_675_775/record_2025-10-26_23-29-39_0.705m_v0.npz', 'gr00t/rl/data/motions/g1_wsdpt/33demos_675_775/record_2025-10-26_23-37-22_0.705m_v1.npz', 'gr00t/rl/data/motions/g1_wsdpt/33demos_675_775/record_2025-10-14_22-03-48_0.750m.npz', 'gr00t/rl/data/motions/g1_wsdpt/33demos_675_775/record_2025-10-26_23-58-03_0.715m_v1.npz', 'gr00t/rl/data/motions/g1_wsdpt/33demos_675_775/record_2025-10-31_04-21-05_0.677m.npz', 'gr00t/rl/data/motions/g1_wsdpt/33demos_675_775/record_2025-10-31_04-35-06_0.697m.npz', 'gr00t/rl/data/motions/g1_wsdpt/33demos_675_775/record_2025-10-26_23-48-32_0.715m_v0.npz', 'gr00t/rl/data/motions/g1_wsdpt/33demos_675_775/record_2025-10-26_23-56-56_0.715m_v1.npz', 'gr00t/rl/data/motions/g1_wsdpt/33demos_675_775/record_2025-10-26_22-07-48_0.675m_v0.npz', 'gr00t/rl/data/motions/g1_wsdpt/33demos_675_775/record_2025-10-26_23-25-41_0.705m_v0.npz', 'gr00t/rl/data/motions/g1_wsdpt/33demos_675_775/record_2025-10-26_22-09-16_0.675m_v0.npz', 'gr00t/rl/data/motions/g1_wsdpt/33demos_675_775/record_2025-10-31_03-07-29_0.674m.npz', 'gr00t/rl/data/motions/g1_wsdpt/33demos_675_775/record_2025-10-31_04-12-43_0.744m.npz', 'gr00t/rl/data/motions/g1_wsdpt/33demos_675_775/record_2025-10-14_21-33-23_0.675m.npz', 'gr00t/rl/data/motions/g1_wsdpt/33demos_675_775/record_2025-10-27_01-38-47_0.755m_v1.npz', 'gr00t/rl/data/motions/g1_wsdpt/33demos_675_775/record_2025-10-27_00-03-08_0.715m_v1.npz', 'gr00t/rl/data/motions/g1_wsdpt/33demos_675_775/record_2025-10-14_22-16-50_0.775m.npz', 'gr00t/rl/data/motions/g1_wsdpt/33demos_675_775/record_2025-10-31_04-39-26_0.697m.npz', 'gr00t/rl/data/motions/g1_wsdpt/33demos_675_775/record_2025-10-26_23-33-48_0.705m_v1.npz', 'gr00t/rl/data/motions/g1_wsdpt/33demos_675_775/record_2025-10-14_21-51-12_0.725m.npz', 'gr00t/rl/data/motions/g1_wsdpt/33demos_675_775/record_2025-10-31_03-30-31_0.734m.npz', 'gr00t/rl/data/motions/g1_wsdpt/33demos_675_775/record_2025-10-27_00-46-34_0.725m_v1.npz', 'gr00t/rl/data/motions/g1_wsdpt/33demos_675_775/record_2025-10-31_04-07-20_0.724m.npz', 'gr00t/rl/data/motions/g1_wsdpt/33demos_675_775/record_2025-10-27_02-07-07_0.775m_v0.npz', 'gr00t/rl/data/motions/g1_wsdpt/33demos_675_775/record_2025-10-27_01-31-54_0.755m_v0.npz', 'gr00t/rl/data/motions/g1_wsdpt/33demos_675_775/record_2025-10-26_22-42-17_0.685m_v1.npz', 'gr00t/rl/data/motions/g1_wsdpt/33demos_675_775/record_2025-10-31_04-42-33_0.707m.npz', 'gr00t/rl/data/motions/g1_wsdpt/33demos_675_775/record_2025-10-27_01-24-46_0.745m_v0.npz', 'gr00t/rl/data/motions/g1_wsdpt/33demos_675_775/record_2025-10-26_22-33-48_0.685m_v0..npz', 'gr00t/rl/data/motions/g1_wsdpt/33demos_675_775/record_2025-10-26_22-41-06_0.685m_v1.npz', 'gr00t/rl/data/motions/g1_wsdpt/33demos_675_775/record_2025-10-26_23-34-27_0.705m_v1.npz', 'gr00t/rl/data/motions/g1_wsdpt/33demos_675_775/record_2025-10-26_22-57-48_0.695m_v0.npz', 'gr00t/rl/data/motions/g1_wsdpt/33demos_675_775/record_2025-10-31_03-51-20_0.684m.npz', 'gr00t/rl/data/motions/g1_wsdpt/33demos_675_775/record_2025-10-27_01-38-10_0.755m_v1.npz', 'gr00t/rl/data/motions/g1_wsdpt/33demos_675_775/record_2025-10-26_23-51-22_0.715m_v0.npz', 'gr00t/rl/data/motions/g1_wsdpt/33demos_675_775/record_2025-10-31_04-08-10_0.724m.npz', 'gr00t/rl/data/motions/g1_wsdpt/33demos_675_775/record_2025-10-31_04-04-10_0.704m.npz', 'gr00t/rl/data/motions/g1_wsdpt/33demos_675_775/record_2025-10-27_00-27-02_0.725m_v0.npz', 'gr00t/rl/data/motions/g1_wsdpt/33demos_675_775/record_2025-10-26_23-49-21_0.715m_v0.npz', 'gr00t/rl/data/motions/g1_wsdpt/33demos_675_775/record_2025-10-27_01-07-19_0.735m_v1.npz', 'gr00t/rl/data/motions/g1_wsdpt/33demos_675_775/record_2025-10-26_23-51-58_0.715m_v0.npz', 'gr00t/rl/data/motions/g1_wsdpt/33demos_675_775/record_2025-10-26_22-22-47_0.675m_v1.npz', 'gr00t/rl/data/motions/g1_wsdpt/33demos_675_775/record_2025-10-14_21-30-39_0.675m.npz', 'gr00t/rl/data/motions/g1_wsdpt/33demos_675_775/record_2025-10-27_02-03-15_0.775m_v0.npz', 'gr00t/rl/data/motions/g1_wsdpt/33demos_675_775/record_2025-10-31_04-00-02_0.704m.npz', 'gr00t/rl/data/motions/g1_wsdpt/33demos_675_775/record_2025-10-26_22-12-40_0.675m_v0.npz', 'gr00t/rl/data/motions/g1_wsdpt/33demos_675_775/record_2025-10-27_01-23-34_0.745m_v0.npz', 'gr00t/rl/data/motions/g1_wsdpt/33demos_675_775/record_2025-10-27_00-52-15_0.735m_v0.npz', 'gr00t/rl/data/motions/g1_wsdpt/33demos_675_775/record_2025-10-14_21-49-40_0.725m.npz', 'gr00t/rl/data/motions/g1_wsdpt/33demos_675_775/record_2025-10-31_04-16-28_0.667m..npz', 'gr00t/rl/data/motions/g1_wsdpt/33demos_675_775/record_2025-10-14_22-18-36_0.775m.npz', 'gr00t/rl/data/motions/g1_wsdpt/33demos_675_775/record_2025-10-27_01-28-19_0.755m_v0.npz', 'gr00t/rl/data/motions/g1_wsdpt/33demos_675_775/record_2025-10-27_01-32-39_0.755m_v0.npz', 'gr00t/rl/data/motions/g1_wsdpt/33demos_675_775/record_2025-10-27_01-39-22_0.755m_v1.npz', 'gr00t/rl/data/motions/g1_wsdpt/33demos_675_775/record_2025-10-14_22-07-55_0.750m.npz', 'gr00t/rl/data/motions/g1_wsdpt/33demos_675_775/record_2025-10-27_00-33-29_0.725m_v0.npz', 'gr00t/rl/data/motions/g1_wsdpt/33demos_675_775/record_2025-10-26_23-41-32_0.705m_v1.npz', 'gr00t/rl/data/motions/g1_wsdpt/33demos_675_775/record_2025-10-27_02-04-02_0.775m_v0.npz', 'gr00t/rl/data/motions/g1_wsdpt/33demos_675_775/record_2025-10-26_22-48-04_0.685m_v1.npz', 'gr00t/rl/data/motions/g1_wsdpt/33demos_675_775/record_2025-10-26_23-35-05_0.705m_v1.npz', 'gr00t/rl/data/motions/g1_wsdpt/33demos_675_775/record_2025-10-26_23-18-45_0.695_v1.npz', 'gr00t/rl/data/motions/g1_wsdpt/33demos_675_775/record_2025-10-27_02-04-35_0.775m_v0.npz', 'gr00t/rl/data/motions/g1_wsdpt/33demos_675_775/record_2025-10-26_23-11-23_0.695_v1.npz', 'gr00t/rl/data/motions/g1_wsdpt/33demos_675_775/record_2025-10-27_02-01-46_0.775m_v0.npz', 'gr00t/rl/data/motions/g1_wsdpt/33demos_675_775/record_2025-10-31_04-47-5_0.717m.npz', 'gr00t/rl/data/motions/g1_wsdpt/33demos_675_775/record_2025-10-26_23-39-18_0.705m_v1.npz', 'gr00t/rl/data/motions/g1_wsdpt/33demos_675_775/record_2025-10-31_04-37-37_0.697m.npz', 'gr00t/rl/data/motions/g1_wsdpt/33demos_675_775/record_2025-10-27_01-27-12_0.755m_v0.npz', 'gr00t/rl/data/motions/g1_wsdpt/33demos_675_775/record_2025-10-26_23-22-41_0.705m_v0.npz', 'gr00t/rl/data/motions/g1_wsdpt/33demos_675_775/record_2025-10-31_03-39-18_0.754m.npz', 'gr00t/rl/data/motions/g1_wsdpt/33demos_675_775/record_2025-10-27_00-38-25_0.725m_v1.npz', 'gr00t/rl/data/motions/g1_wsdpt/33demos_675_775/record_2025-10-27_01-33-23_0.755m_v0.npz', 'gr00t/rl/data/motions/g1_wsdpt/33demos_675_775/record_2025-10-26_23-17-29_0.695_v1.npz', 'gr00t/rl/data/motions/g1_wsdpt/33demos_675_775/record_2025-10-26_23-36-40_0.705m_v1.npz', 'gr00t/rl/data/motions/g1_wsdpt/33demos_675_775/record_2025-10-26_23-47-57_0.715m_v0.npz', 'gr00t/rl/data/motions/g1_wsdpt/33demos_675_775/record_2025-10-26_23-58-32_0.715m_v1.npz', 'gr00t/rl/data/motions/g1_wsdpt/33demos_675_775/record_2025-10-14_22-14-58_0.775m.npz', 'gr00t/rl/data/motions/g1_wsdpt/33demos_675_775/record_2025-10-31_04-29-53_0.687m.npz', 'gr00t/rl/data/motions/g1_wsdpt/33demos_675_775/record_2025-10-31_03-23-49_0.714m.npz', 'gr00t/rl/data/motions/g1_wsdpt/33demos_675_775/record_2025-10-26_22-31-34_0.685m_v0..npz', 'gr00t/rl/data/motions/g1_wsdpt/33demos_675_775/record_2025-10-27_00-34-03_0.725m_v0.npz', 'gr00t/rl/data/motions/g1_wsdpt/33demos_675_775/record_2025-10-31_04-11-42_0.744m.npz', 'gr00t/rl/data/motions/g1_wsdpt/33demos_675_775/record_2025-10-27_00-06-02_0.715m_v1.npz', 'gr00t/rl/data/motions/g1_wsdpt/33demos_675_775/record_2025-10-26_23-21-03_0.705m_v0.npz', 'gr00t/rl/data/motions/g1_wsdpt/33demos_675_775/record_2025-10-27_00-38-59_0.725m_v1.npz', 'gr00t/rl/data/motions/g1_wsdpt/33demos_675_775/record_2025-10-31_03-58-27_0.704m.npz', 'gr00t/rl/data/motions/g1_wsdpt/33demos_675_775/record_2025-10-31_04-50-31_0.717m.npz', 'gr00t/rl/data/motions/g1_wsdpt/33demos_675_775/record_2025-10-27_00-53-37_0.735m_v0.npz', 'gr00t/rl/data/motions/g1_wsdpt/33demos_675_775/record_2025-10-31_03-39-58_0.754m.npz', 'gr00t/rl/data/motions/g1_wsdpt/33demos_675_775/record_2025-10-14_21-29-22_0.675m.npz', 'gr00t/rl/data/motions/g1_wsdpt/33demos_675_775/record_2025-10-27_00-25-17_0.725m_v0.npz', 'gr00t/rl/data/motions/g1_wsdpt/33demos_675_775/record_2025-10-14_21-42-14_0.700m.npz', 'gr00t/rl/data/motions/g1_wsdpt/33demos_675_775/record_2025-10-27_01-49-18_0.765m_v0.npz', 'gr00t/rl/data/motions/g1_wsdpt/33demos_675_775/record_2025-10-31_04-24-26_0.677m.npz', 'gr00t/rl/data/motions/g1_wsdpt/33demos_675_775/record_2025-10-14_21-28-47_0.675m.npz', 'gr00t/rl/data/motions/g1_wsdpt/33demos_675_775/record_2025-10-27_02-05-40_0.775m_v0.npz', 'gr00t/rl/data/motions/g1_wsdpt/33demos_675_775/record_2025-10-27_01-16-52_0.745m_v0.npz', 'gr00t/rl/data/motions/g1_wsdpt/33demos_675_775/record_2025-10-27_01-43-11_0.755m_v1.npz', 'gr00t/rl/data/motions/g1_wsdpt/33demos_675_775/record_2025-10-14_22-16-23_0.775m.npz', 'gr00t/rl/data/motions/g1_wsdpt/33demos_675_775/record_2025-10-14_21-51-45_0.725m.npz', 'gr00t/rl/data/motions/g1_wsdpt/33demos_675_775/record_2025-10-26_22-45-08_0.685m_v1.npz', 'gr00t/rl/data/motions/g1_wsdpt/33demos_675_775/record_2025-10-26_23-42-41_0.705m_v1.npz', 'gr00t/rl/data/motions/g1_wsdpt/33demos_675_775/record_2025-10-26_23-09-38_0.695_v1.npz', 'gr00t/rl/data/motions/g1_wsdpt/33demos_675_775/record_2025-10-31_03-28-48_0.734m.npz', 'gr00t/rl/data/motions/g1_wsdpt/33demos_675_775/record_2025-10-14_21-35-38_0.675m.npz', 'gr00t/rl/data/motions/g1_wsdpt/33demos_675_775/record_2025-10-26_23-49-56_0.715m_v0.npz', 'gr00t/rl/data/motions/g1_wsdpt/33demos_675_775/record_2025-10-27_01-47-36_0.765m_v0.npz', 'gr00t/rl/data/motions/g1_wsdpt/33demos_675_775/record_2025-10-14_22-05-35_0.750m.npz', 'gr00t/rl/data/motions/g1_wsdpt/33demos_675_775/record_2025-10-26_22-10-53_0.675m_v0.npz', 'gr00t/rl/data/motions/g1_wsdpt/33demos_675_775/record_2025-10-31_04-43-50_0.707m.npz', 'gr00t/rl/data/motions/g1_wsdpt/33demos_675_775/record_2025-10-26_23-26-49_0.705m_v0.npz', 'gr00t/rl/data/motions/g1_wsdpt/33demos_675_775/record_2025-10-27_01-17-23_0.745m_v0.npz', 'gr00t/rl/data/motions/g1_wsdpt/33demos_675_775/record_2025-10-31_04-17-12_0.667m..npz', 'gr00t/rl/data/motions/g1_wsdpt/33demos_675_775/record_2025-10-31_04-49-49_0.717m.npz', 'gr00t/rl/data/motions/g1_wsdpt/33demos_675_775/record_2025-10-31_03-49-30_0.684m.npz', 'gr00t/rl/data/motions/g1_wsdpt/33demos_675_775/record_2025-10-31_03-43-06_0.664m.npz', 'gr00t/rl/data/motions/g1_wsdpt/33demos_675_775/record_2025-10-27_00-45-05_0.725m_v1.npz', 'gr00t/rl/data/motions/g1_wsdpt/33demos_675_775/record_2025-10-31_03-15-45_0.694m.npz', 'gr00t/rl/data/motions/g1_wsdpt/33demos_675_775/record_2025-10-27_00-00-22_0.715m_v1.npz', 'gr00t/rl/data/motions/g1_wsdpt/33demos_675_775/record_2025-10-14_22-19-17_0.775m.npz', 'gr00t/rl/data/motions/g1_wsdpt/33demos_675_775/record_2025-10-31_04-23-16_0.677m.npz', 'gr00t/rl/data/motions/g1_wsdpt/33demos_675_775/record_2025-10-27_01-19-04_0.745m_v0.npz', 'gr00t/rl/data/motions/g1_wsdpt/33demos_675_775/record_2025-10-26_23-46-37_0.715m_v0.npz', 'gr00t/rl/data/motions/g1_wsdpt/33demos_675_775/record_2025-10-27_00-39-36_0.725m_v1.npz', 'gr00t/rl/data/motions/g1_wsdpt/33demos_675_775/record_2025-10-31_03-10-40_0.674m.npz', 'gr00t/rl/data/motions/g1_wsdpt/33demos_675_775/record_2025-10-27_02-01-18_0.775m_v0.npz', 'gr00t/rl/data/motions/g1_wsdpt/33demos_675_775/record_2025-10-31_04-42-00_0.707m.npz', 'gr00t/rl/data/motions/g1_wsdpt/33demos_675_775/record_2025-10-27_00-55-59_0.735m_v0.npz', 'gr00t/rl/data/motions/g1_wsdpt/33demos_675_775/record_2025-10-26_23-38-02_0.705m_v1.npz', 'gr00t/rl/data/motions/g1_wsdpt/33demos_675_775/record_2025-10-27_01-16-17_0.745m_v0.npz', 'gr00t/rl/data/motions/g1_wsdpt/33demos_675_775/record_2025-10-27_00-50-57_0.735m_v0.npz', 'gr00t/rl/data/motions/g1_wsdpt/33demos_675_775/record_2025-10-27_01-55-09_0.765m_v0.npz', 'gr00t/rl/data/motions/g1_wsdpt/33demos_675_775/record_2025-10-14_21-50-22_0.725m.npz', 'gr00t/rl/data/motions/g1_wsdpt/33demos_675_775/record_2025-10-26_22-33-07_0.685m_v0..npz', 'gr00t/rl/data/motions/g1_wsdpt/33demos_675_775/record_2025-10-26_23-47-18_0.715m_v0.npz', 'gr00t/rl/data/motions/g1_wsdpt/33demos_675_775/record_2025-10-31_03-48-50_0.684m.npz', 'gr00t/rl/data/motions/g1_wsdpt/33demos_675_775/record_2025-10-27_00-32-31_0.725m_v0.npz', 'gr00t/rl/data/motions/g1_wsdpt/33demos_675_775/record_2025-10-27_00-44-34_0.725m_v1.npz', 'gr00t/rl/data/motions/g1_wsdpt/33demos_675_775/record_2025-10-27_01-51-57_0.765m_v0.npz', 'gr00t/rl/data/motions/g1_wsdpt/33demos_675_775/record_2025-10-27_01-10-59_0.735m_v1.npz', 'gr00t/rl/data/motions/g1_wsdpt/33demos_675_775/record_2025-10-31_03-16-47_0.694m.npz', 'gr00t/rl/data/motions/g1_wsdpt/33demos_675_775/record_2025-10-26_22-59-06_0.695m_v0.npz', 'gr00t/rl/data/motions/g1_wsdpt/33demos_675_775/record_2025-10-27_01-50-06_0.765m_v0.npz', 'gr00t/rl/data/motions/g1_wsdpt/33demos_675_775/record_2025-10-26_23-45-04_0.715m_v0.npz', 'gr00t/rl/data/motions/g1_wsdpt/33demos_675_775/record_2025-10-26_22-34-53_0.685m_v0..npz', 'gr00t/rl/data/motions/g1_wsdpt/33demos_675_775/record_2025-10-27_01-34-07_0.755m_v0.npz', 'gr00t/rl/data/motions/g1_wsdpt/33demos_675_775/record_2025-10-26_23-26-13_0.705m_v0.npz', 'gr00t/rl/data/motions/g1_wsdpt/33demos_675_775/record_2025-10-14_21-44-20_0.700m.npz', 'gr00t/rl/data/motions/g1_wsdpt/33demos_675_775/record_2025-10-27_02-06-17_0.775m_v0.npz', 'gr00t/rl/data/motions/g1_wsdpt/33demos_675_775/record_2025-10-27_01-30-43_0.755m_v0.npz', 'gr00t/rl/data/motions/g1_wsdpt/33demos_675_775/record_2025-10-26_22-45-52_0.685m_v1.npz', 'gr00t/rl/data/motions/g1_wsdpt/33demos_675_775/record_2025-10-27_01-18-08_0.745m_v0.npz', 'gr00t/rl/data/motions/g1_wsdpt/33demos_675_775/record_2025-10-26_23-03-22_0.695m_v0.npz', 'gr00t/rl/data/motions/g1_wsdpt/33demos_675_775/record_2025-10-31_04-33-06_0.687m.npz', 'gr00t/rl/data/motions/g1_wsdpt/33demos_675_775/record_2025-10-26_22-18-09_0.675m_v1.npz', 'gr00t/rl/data/motions/g1_wsdpt/33demos_675_775/record_2025-10-27_00-40-17_0.725m_v1.npz', 'gr00t/rl/data/motions/g1_wsdpt/33demos_675_775/record_2025-10-27_01-02-28_0.735m_v0.npz', 'gr00t/rl/data/motions/g1_wsdpt/33demos_675_775/record_2025-10-31_04-18-01_0.667m..npz', 'gr00t/rl/data/motions/g1_wsdpt/33demos_675_775/record_2025-10-26_22-11-32_0.675m_v0.npz', 'gr00t/rl/data/motions/g1_wsdpt/33demos_675_775/record_2025-10-14_21-52-25_0.725m.npz', 'gr00t/rl/data/motions/g1_wsdpt/33demos_675_775/record_2025-10-27_01-52-58_0.765m_v0.npz', 'gr00t/rl/data/motions/g1_wsdpt/33demos_675_775/record_2025-10-26_22-16-54_0.675m_v1.npz', 'gr00t/rl/data/motions/g1_wsdpt/33demos_675_775/record_2025-10-27_01-41-35_0.755m_v1.npz', 'gr00t/rl/data/motions/g1_wsdpt/33demos_675_775/record_2025-10-26_23-45-49_0.715m_v0.npz', 'gr00t/rl/data/motions/g1_wsdpt/33demos_675_775/record_2025-10-26_23-28-38_0.705m_v0.npz', 'gr00t/rl/data/motions/g1_wsdpt/33demos_675_775/record_2025-10-27_01-01-55_0.735m_v0.npz', 'gr00t/rl/data/motions/g1_wsdpt/33demos_675_775/record_2025-10-27_00-57-19_0.735m_v0.npz', 'gr00t/rl/data/motions/g1_wsdpt/33demos_675_775/record_2025-10-27_00-25-51_0.725m_v0.npz', 'gr00t/rl/data/motions/g1_wsdpt/33demos_675_775/record_2025-10-27_01-53-52_0.765m_v0.npz', 'gr00t/rl/data/motions/g1_wsdpt/33demos_675_775/record_2025-10-27_00-59-03_0.735m_v0.npz', 'gr00t/rl/data/motions/g1_wsdpt/33demos_675_775/record_2025-10-27_00-43-44_0.725m_v1.npz', 'gr00t/rl/data/motions/g1_wsdpt/33demos_675_775/record_2025-10-27_01-29-35_0.755m_v0.npz', 'gr00t/rl/data/motions/g1_wsdpt/33demos_675_775/record_2025-10-27_01-52-25_0.765m_v0.npz', 'gr00t/rl/data/motions/g1_wsdpt/33demos_675_775/record_2025-10-27_01-40-26_0.755m_v1.npz', 'gr00t/rl/data/motions/g1_wsdpt/33demos_675_775/record_2025-10-26_23-36-02_0.705m_v1.npz', 'gr00t/rl/data/motions/g1_wsdpt/33demos_675_775/record_2025-10-26_22-09-58_0.675m_v0.npz', 'gr00t/rl/data/motions/g1_wsdpt/33demos_675_775/record_2025-10-26_23-14-50_0.695_v1.npz', 'gr00t/rl/data/motions/g1_wsdpt/33demos_675_775/record_2025-10-26_22-32-35_0.685m_v0..npz', 'gr00t/rl/data/motions/g1_wsdpt/33demos_675_775/record_2025-10-14_22-15-49_0.775m.npz', 'gr00t/rl/data/motions/g1_wsdpt/33demos_675_775/record_2025-10-27_02-02-41_0.775m_v0.npz', 'gr00t/rl/data/motions/g1_wsdpt/33demos_675_775/record_2025-10-14_21-32-36_0.675m.npz', 'gr00t/rl/data/motions/g1_wsdpt/33demos_675_775/record_2025-10-26_22-21-05_0.675m_v1.npz', 'gr00t/rl/data/motions/g1_wsdpt/33demos_675_775/record_2025-10-26_23-52-39_0.715m_v0.npz', 'gr00t/rl/data/motions/g1_wsdpt/33demos_675_775/record_2025-10-26_22-03-30_0.675m_v0.npz', 'gr00t/rl/data/motions/g1_wsdpt/33demos_675_775/record_2025-10-27_00-47-07_0.725m_v1.npz', 'gr00t/rl/data/motions/g1_wsdpt/33demos_675_775/record_2025-10-27_01-55-35_0.765m_v0.npz', 'gr00t/rl/data/motions/g1_wsdpt/33demos_675_775/record_2025-10-26_23-01-01_0.695m_v0.npz', 'gr00t/rl/data/motions/g1_wsdpt/33demos_675_775/record_2025-10-14_22-13-48_0.775m.npz', 'gr00t/rl/data/motions/g1_wsdpt/33demos_675_775/record_2025-10-14_22-03-00_0.750m.npz', 'gr00t/rl/data/motions/g1_wsdpt/33demos_675_775/record_2025-10-26_22-06-43_0.675m_v0.npz', 'gr00t/rl/data/motions/g1_wsdpt/33demos_675_775/record_2025-10-27_01-01-13_0.735m_v0.npz', 'gr00t/rl/data/motions/g1_wsdpt/33demos_675_775/record_2025-10-26_22-23-29_0.675m_v1.npz', 'gr00t/rl/data/motions/g1_wsdpt/33demos_675_775/record_2025-10-14_21-41-26_0.700m.npz', 'gr00t/rl/data/motions/g1_wsdpt/33demos_675_775/record_2025-10-27_01-08-29_0.735m_v1.npz', 'gr00t/rl/data/motions/g1_wsdpt/33demos_675_775/record_2025-10-26_23-10-12_0.695_v1.npz', 'gr00t/rl/data/motions/g1_wsdpt/33demos_675_775/record_2025-10-31_04-08-50_0.724m.npz', 'gr00t/rl/data/motions/g1_wsdpt/33demos_675_775/record_2025-10-14_21-45-00_0.700m.npz', 'gr00t/rl/data/motions/g1_wsdpt/33demos_675_775/record_2025-10-31_04-44-55_0.707m.npz', 'gr00t/rl/data/motions/g1_wsdpt/33demos_675_775/record_2025-10-27_01-22-28_0.745m_v0.npz', 'gr00t/rl/data/motions/g1_wsdpt/33demos_675_775/record_2025-10-26_22-17-27_0.675m_v1.npz', 'gr00t/rl/data/motions/g1_wsdpt/33demos_675_775/record_2025-10-31_04-38-16_0.697m.npz', 'gr00t/rl/data/motions/g1_wsdpt/33demos_675_775/record_2025-10-31_03-44-04_0.664m..npz', 'gr00t/rl/data/motions/g1_wsdpt/33demos_675_775/record_2025-10-26_22-48-59_0.685m_v1.npz', 'gr00t/rl/data/motions/g1_wsdpt/33demos_675_775/record_2025-10-14_21-43-11_0.700m.npz', 'gr00t/rl/data/motions/g1_wsdpt/33demos_675_775/record_2025-10-27_00-04-47_0.715m_v1.npz', 'gr00t/rl/data/motions/g1_wsdpt/33demos_675_775/record_2025-10-31_04-27-21_0.687m.npz', 'gr00t/rl/data/motions/g1_wsdpt/33demos_675_775/record_2025-10-31_04-43-03_0.707m.npz', 'gr00t/rl/data/motions/g1_wsdpt/33demos_675_775/record_2025-10-26_23-13-41_0.695_v1.npz', 'gr00t/rl/data/motions/g1_wsdpt/33demos_675_775/record_2025-10-31_03-09-30_0.674m.npz', 'gr00t/rl/data/motions/g1_wsdpt/33demos_675_775/record_2025-10-27_00-31-23_0.725m_v0.npz', 'gr00t/rl/data/motions/g1_wsdpt/33demos_675_775/record_2025-10-27_01-24-12_0.745m_v0.npz', 'gr00t/rl/data/motions/g1_wsdpt/33demos_675_775/record_2025-10-26_22-35-27_0.685m_v0..npz', 'gr00t/rl/data/motions/g1_wsdpt/33demos_675_775/record_2025-10-31_04-38-45_0.697m.npz', 'gr00t/rl/data/motions/g1_wsdpt/33demos_675_775/record_2025-10-26_22-30-56_0.685m_v0..npz', 'gr00t/rl/data/motions/g1_wsdpt/33demos_675_775/record_2025-10-27_00-03-44_0.715m_v1.npz', 'gr00t/rl/data/motions/g1_wsdpt/33demos_675_775/record_2025-10-26_23-21-58_0.705m_v0.npz', 'gr00t/rl/data/motions/g1_wsdpt/33demos_675_775/record_2025-10-26_22-30-18_0.685m_v0.npz', 'gr00t/rl/data/motions/g1_wsdpt/33demos_675_775/record_2025-10-27_01-59-11_0.775m_v0.npz', 'gr00t/rl/data/motions/g1_wsdpt/33demos_675_775/record_2025-10-27_01-21-29_0.745m_v0.npz', 'gr00t/rl/data/motions/g1_wsdpt/33demos_675_775/record_2025-10-26_22-02-51_0.675m_v0.npz', 'gr00t/rl/data/motions/g1_wsdpt/33demos_675_775/record_2025-10-31_03-22-53_-0.714m.npz', 'gr00t/rl/data/motions/g1_wsdpt/33demos_675_775/record_2025-10-27_00-37-24_0.725m_v1.npz', 'gr00t/rl/data/motions/g1_wsdpt/33demos_675_775/record_2025-10-26_22-47-09_0.685m_v1.npz', 'gr00t/rl/data/motions/g1_wsdpt/33demos_675_775/record_2025-10-26_23-12-01_0.695_v1.npz', 'gr00t/rl/data/motions/g1_wsdpt/33demos_675_775/record_2025-10-27_00-58-26_0.735m_v0.npz', 'gr00t/rl/data/motions/g1_wsdpt/33demos_675_775/record_2025-10-26_22-21-45_0.675m_v1.npz', 'gr00t/rl/data/motions/g1_wsdpt/33demos_675_775/record_2025-10-26_23-39-57_0.705m_v1.npz', 'gr00t/rl/data/motions/g1_wsdpt/33demos_675_775/record_2025-10-31_03-59-13_0.704m.npz', 'gr00t/rl/data/motions/g1_wsdpt/33demos_675_775/record_2025-10-26_22-34-21_0.685m_v0..npz', 'gr00t/rl/data/motions/g1_wsdpt/33demos_675_775/record_2025-10-31_03-38-19_0.754m.npz', 'gr00t/rl/data/motions/g1_wsdpt/33demos_675_775/record_2025-10-26_23-16-53_0.695_v1.npz', 'gr00t/rl/data/motions/g1_wsdpt/33demos_675_775/record_2025-10-31_03-50-10_0.684m.npz', 'gr00t/rl/data/motions/g1_wsdpt/33demos_675_775/record_2025-10-26_23-02-26_0.695m_v0.npz', 'gr00t/rl/data/motions/g1_wsdpt/33demos_675_775/record_2025-10-26_22-13-37_0.675m_v0.npz', 'gr00t/rl/data/motions/g1_wsdpt/33demos_675_775/record_2025-10-14_21-46-10_0.700m.npz', 'gr00t/rl/data/motions/g1_wsdpt/33demos_675_775/record_2025-10-26_22-38-09_0.685m_v0..npz', 'gr00t/rl/data/motions/g1_wsdpt/33demos_675_775/record_2025-10-26_22-44-19_0.685m_v1.npz', 'gr00t/rl/data/motions/g1_wsdpt/33demos_675_775/record_2025-10-31_04-06-35_0.724m.npz', 'gr00t/rl/data/motions/g1_wsdpt/33demos_675_775/record_2025-10-27_00-41-06_0.725m_v1.npz', 'gr00t/rl/data/motions/g1_wsdpt/33demos_675_775/record_2025-10-26_23-24-41_0.705m_v0.npz', 'gr00t/rl/data/motions/g1_wsdpt/33demos_675_775/record_2025-10-27_00-54-56_0.735m_v0.npz', 'gr00t/rl/data/motions/g1_wsdpt/33demos_675_775/record_2025-10-27_01-19-35_0.745m_v0.npz', 'gr00t/rl/data/motions/g1_wsdpt/33demos_675_775/record_2025-10-27_01-58-32_0.775m_v0.npz', 'gr00t/rl/data/motions/g1_wsdpt/33demos_675_775/record_2025-10-31_03-31-38_0.734m.npz', 'gr00t/rl/data/motions/g1_wsdpt/33demos_675_775/record_2025-10-31_03-15-04_0.694m.npz', 'gr00t/rl/data/motions/g1_wsdpt/33demos_675_775/record_2025-10-14_22-05-04_0.750m.npz', 'gr00t/rl/data/motions/g1_wsdpt/33demos_675_775/record_2025-10-26_23-27-47_0.705m_v0.npz', 'gr00t/rl/data/motions/g1_wsdpt/33demos_675_775/record_2025-10-27_01-31-24_0.755m_v0.npz', 'gr00t/rl/data/motions/g1_wsdpt/33demos_675_775/record_2025-10-31_04-15-39_0.667m.npz', 'gr00t/rl/data/motions/g1_wsdpt/33demos_675_775/record_2025-10-27_01-37-10_0.755m_v1.npz', 'gr00t/rl/data/motions/g1_wsdpt/33demos_675_775/record_2025-10-31_04-48-56_0.717m.npz', 'gr00t/rl/data/motions/g1_wsdpt/33demos_675_775/record_2025-10-27_00-42-45_0.725m_v1.npz', 'gr00t/rl/data/motions/g1_wsdpt/33demos_675_775/record_2025-10-31_03-44-51_0.664m..npz', 'gr00t/rl/data/motions/g1_wsdpt/33demos_675_775/record_2025-10-31_03-45-35_0.664m..npz', 'gr00t/rl/data/motions/g1_wsdpt/33demos_675_775/record_2025-10-26_22-37-24_0.685m_v0..npz', 'gr00t/rl/data/motions/g1_wsdpt/33demos_675_775/record_2025-10-26_23-12-34_0.695_v1.npz', 'gr00t/rl/data/motions/g1_wsdpt/33demos_675_775/record_2025-10-14_21-49-13_0.725m.npz', 'gr00t/rl/data/motions/g1_wsdpt/33demos_675_775/record_2025-10-27_01-41-00_0.755m_v1.npz', 'gr00t/rl/data/motions/g1_wsdpt/33demos_675_775/record_2025-10-31_04-02-03_0.704m.npz', 'gr00t/rl/data/motions/g1_wsdpt/33demos_675_775/record_2025-10-31_03-52-05_0.684m.npz', 'gr00t/rl/data/motions/g1_wsdpt/33demos_675_775/record_2025-10-26_22-43-46_0.685m_v1.npz', 'gr00t/rl/data/motions/g1_wsdpt/33demos_675_775/record_2025-10-26_23-05-23_0.695m_v0.npz', 'gr00t/rl/data/motions/g1_wsdpt/33demos_675_775/record_2025-10-27_00-02-14_0.715m_v1.npz', 'gr00t/rl/data/motions/g1_wsdpt/33demos_675_775/record_2025-10-27_00-27-52_0.725m_v0.npz', 'gr00t/rl/data/motions/g1_wsdpt/33demos_675_775/record_2025-10-14_22-00-53_0.750m.npz', 'gr00t/rl/data/motions/g1_wsdpt/33demos_675_775/record_2025-10-26_23-29-10_0.705m_v0.npz', 'gr00t/rl/data/motions/g1_wsdpt/33demos_675_775/record_2025-10-27_01-08-56_0.735m_v1.npz', 'gr00t/rl/data/motions/g1_wsdpt/33demos_675_775/record_2025-10-26_23-42-08_0.705m_v1.npz', 'gr00t/rl/data/motions/g1_wsdpt/33demos_675_775/record_2025-10-31_04-11-04_0.744m.npz', 'gr00t/rl/data/motions/g1_wsdpt/33demos_675_775/record_2025-10-26_22-55-27_0.695m_v0.npz', 'gr00t/rl/data/motions/g1_wsdpt/33demos_675_775/record_2025-10-26_22-25-27_0.675m_v1.npz', 'gr00t/rl/data/motions/g1_wsdpt/33demos_675_775/record_2025-10-27_01-21-58_0.745m_v0.npz', 'gr00t/rl/data/motions/g1_wsdpt/33demos_675_775/record_2025-10-26_22-56-54_0.695m_v0.npz', 'gr00t/rl/data/motions/g1_wsdpt/33demos_675_775/record_2025-10-26_22-24-37_0.675m_v1.npz', 'gr00t/rl/data/motions/g1_wsdpt/33demos_675_775/record_2025-10-14_22-17-41_0.775m.npz', 'gr00t/rl/data/motions/g1_wsdpt/33demos_675_775/record_2025-10-27_01-27-44_0.755m_v0.npz', 'gr00t/rl/data/motions/g1_wsdpt/33demos_675_775/record_2025-10-31_03-25-16_0.714m.npz', 'gr00t/rl/data/motions/g1_wsdpt/33demos_675_775/record_2025-10-27_01-29-02_0.755m_v0.npz', 'gr00t/rl/data/motions/g1_wsdpt/33demos_675_775/record_2025-10-31_04-21-43_0.677m.npz', 'gr00t/rl/data/motions/g1_wsdpt/33demos_675_775/record_2025-10-26_23-18-08_0.695_v1.npz']
2026-04-12 18:35:29.872 | INFO     | gr00t.rl.utils.teleop_reset_lib.dataset_wsppt:__init__:35 - overriding motion files with motion files under dir gr00t/rl/data/motions/g1_wsdpt/33demos_675_775
2026-04-12 18:35:29.872 | INFO     | gr00t.rl.utils.teleop_reset_lib.motion_loader_wsppt:from_file:184 - Loading motion from gr00t/rl/data/motions/g1_wsdpt/33demos_675_775/record_2025-10-27_01-54-32_0.765m_v0.npz...
2026-04-12 18:35:29.878 | INFO     | gr00t.rl.utils.teleop_reset_lib.motion_loader_wsppt:__init__:178 - Motion loaded: duration: 11.620000000000001 sec, frames: 582
2026-04-12 18:35:29.878 | INFO     | gr00t.rl.utils.teleop_reset_lib.motion_loader_wsppt:from_file:184 - Loading motion from gr00t/rl/data/motions/g1_wsdpt/33demos_675_775/record_2025-10-27_01-40-00_0.755m_v1.npz...
2026-04-12 18:35:29.882 | INFO     | gr00t.rl.utils.teleop_reset_lib.motion_loader_wsppt:__init__:178 - Motion loaded: duration: 10.26 sec, frames: 514
2026-04-12 18:35:29.883 | INFO     | gr00t.rl.utils.teleop_reset_lib.motion_loader_wsppt:from_file:184 - Loading motion from gr00t/rl/data/motions/g1_wsdpt/33demos_675_775/record_2025-10-31_04-32-21_0.687m.npz...
2026-04-12 18:35:29.887 | INFO     | gr00t.rl.utils.teleop_reset_lib.motion_loader_wsppt:__init__:178 - Motion loaded: duration: 9.98 sec, frames: 500
2026-04-12 18:35:29.887 | INFO     | gr00t.rl.utils.teleop_reset_lib.motion_loader_wsppt:from_file:184 - Loading motion from gr00t/rl/data/motions/g1_wsdpt/33demos_675_775/record_2025-10-26_23-05-56_0.695m_v0.npz...
2026-04-12 18:35:29.891 | INFO     | gr00t.rl.utils.teleop_reset_lib.motion_loader_wsppt:__init__:178 - Motion loaded: duration: 11.72 sec, frames: 587
2026-04-12 18:35:29.891 | INFO     | gr00t.rl.utils.teleop_reset_lib.motion_loader_wsppt:from_file:184 - Loading motion from gr00t/rl/data/motions/g1_wsdpt/33demos_675_775/record_2025-10-14_22-06-43_0.750m.npz...
2026-04-12 18:35:29.894 | INFO     | gr00t.rl.utils.teleop_reset_lib.motion_loader_wsppt:__init__:178 - Motion loaded: duration: 10.08 sec, frames: 505
2026-04-12 18:35:29.895 | INFO     | gr00t.rl.utils.teleop_reset_lib.motion_loader_wsppt:from_file:184 - Loading motion from gr00t/rl/data/motions/g1_wsdpt/33demos_675_775/record_2025-10-26_22-36-28_0.685m_v0..npz...
2026-04-12 18:35:29.899 | INFO     | gr00t.rl.utils.teleop_reset_lib.motion_loader_wsppt:__init__:178 - Motion loaded: duration: 11.42 sec, frames: 572
2026-04-12 18:35:29.899 | INFO     | gr00t.rl.utils.teleop_reset_lib.motion_loader_wsppt:from_file:184 - Loading motion from gr00t/rl/data/motions/g1_wsdpt/33demos_675_775/record_2025-10-26_23-06-50_0.695m_v0.npz...
2026-04-12 18:35:29.903 | INFO     | gr00t.rl.utils.teleop_reset_lib.motion_loader_wsppt:__init__:178 - Motion loaded: duration: 12.16 sec, frames: 609
2026-04-12 18:35:29.903 | INFO     | gr00t.rl.utils.teleop_reset_lib.motion_loader_wsppt:from_file:184 - Loading motion from gr00t/rl/data/motions/g1_wsdpt/33demos_675_775/record_2025-10-27_00-01-05_0.715m_v1.npz...
2026-04-12 18:35:29.908 | INFO     | gr00t.rl.utils.teleop_reset_lib.motion_loader_wsppt:__init__:178 - Motion loaded: duration: 13.540000000000001 sec, frames: 678
2026-04-12 18:35:29.908 | INFO     | gr00t.rl.utils.teleop_reset_lib.motion_loader_wsppt:from_file:184 - Loading motion from gr00t/rl/data/motions/g1_wsdpt/33demos_675_775/record_2025-10-26_22-46-35_0.685m_v1.npz...
2026-04-12 18:35:29.912 | INFO     | gr00t.rl.utils.teleop_reset_lib.motion_loader_wsppt:__init__:178 - Motion loaded: duration: 11.72 sec, frames: 587
2026-04-12 18:35:29.912 | INFO     | gr00t.rl.utils.teleop_reset_lib.motion_loader_wsppt:from_file:184 - Loading motion from gr00t/rl/data/motions/g1_wsdpt/33demos_675_775/record_2025-10-26_23-01-43_0.695m_v0.npz...
2026-04-12 18:35:29.916 | INFO     | gr00t.rl.utils.teleop_reset_lib.motion_loader_wsppt:__init__:178 - Motion loaded: duration: 13.24 sec, frames: 663
2026-04-12 18:35:29.917 | INFO     | gr00t.rl.utils.teleop_reset_lib.motion_loader_wsppt:from_file:184 - Loading motion from gr00t/rl/data/motions/g1_wsdpt/33demos_675_775/record_2025-10-27_00-28-35_0.725m_v0.npz...
2026-04-12 18:35:29.921 | INFO     | gr00t.rl.utils.teleop_reset_lib.motion_loader_wsppt:__init__:178 - Motion loaded: duration: 13.64 sec, frames: 683
2026-04-12 18:35:29.921 | INFO     | gr00t.rl.utils.teleop_reset_lib.motion_loader_wsppt:from_file:184 - Loading motion from gr00t/rl/data/motions/g1_wsdpt/33demos_675_775/record_2025-10-31_03-32-46_0.734m.npz...
2026-04-12 18:35:29.926 | INFO     | gr00t.rl.utils.teleop_reset_lib.motion_loader_wsppt:__init__:178 - Motion loaded: duration: 12.14 sec, frames: 608
2026-04-12 18:35:29.926 | INFO     | gr00t.rl.utils.teleop_reset_lib.motion_loader_wsppt:from_file:184 - Loading motion from gr00t/rl/data/motions/g1_wsdpt/33demos_675_775/record_2025-10-26_22-05-19_0.675m_v0.npz...
2026-04-12 18:35:29.930 | INFO     | gr00t.rl.utils.teleop_reset_lib.motion_loader_wsppt:__init__:178 - Motion loaded: duration: 13.5 sec, frames: 676
2026-04-12 18:35:29.931 | INFO     | gr00t.rl.utils.teleop_reset_lib.motion_loader_wsppt:from_file:184 - Loading motion from gr00t/rl/data/motions/g1_wsdpt/33demos_675_775/record_2025-10-27_01-11-57_0.735m_v1.npz...
2026-04-12 18:35:29.934 | INFO     | gr00t.rl.utils.teleop_reset_lib.motion_loader_wsppt:__init__:178 - Motion loaded: duration: 11.1 sec, frames: 556
2026-04-12 18:35:29.935 | INFO     | gr00t.rl.utils.teleop_reset_lib.motion_loader_wsppt:from_file:184 - Loading motion from gr00t/rl/data/motions/g1_wsdpt/33demos_675_775/record_2025-10-31_03-36-45_0.754m.npz...
2026-04-12 18:35:29.938 | INFO     | gr00t.rl.utils.teleop_reset_lib.motion_loader_wsppt:__init__:178 - Motion loaded: duration: 11.88 sec, frames: 595
2026-04-12 18:35:29.939 | INFO     | gr00t.rl.utils.teleop_reset_lib.motion_loader_wsppt:from_file:184 - Loading motion from gr00t/rl/data/motions/g1_wsdpt/33demos_675_775/record_2025-10-26_23-29-39_0.705m_v0.npz...
2026-04-12 18:35:29.943 | INFO     | gr00t.rl.utils.teleop_reset_lib.motion_loader_wsppt:__init__:178 - Motion loaded: duration: 14.14 sec, frames: 708
2026-04-12 18:35:29.943 | INFO     | gr00t.rl.utils.teleop_reset_lib.motion_loader_wsppt:from_file:184 - Loading motion from gr00t/rl/data/motions/g1_wsdpt/33demos_675_775/record_2025-10-26_23-37-22_0.705m_v1.npz...
2026-04-12 18:35:29.948 | INFO     | gr00t.rl.utils.teleop_reset_lib.motion_loader_wsppt:__init__:178 - Motion loaded: duration: 12.700000000000001 sec, frames: 636
2026-04-12 18:35:29.948 | INFO     | gr00t.rl.utils.teleop_reset_lib.motion_loader_wsppt:from_file:184 - Loading motion from gr00t/rl/data/motions/g1_wsdpt/33demos_675_775/record_2025-10-14_22-03-48_0.750m.npz...
2026-04-12 18:35:29.952 | INFO     | gr00t.rl.utils.teleop_reset_lib.motion_loader_wsppt:__init__:178 - Motion loaded: duration: 8.76 sec, frames: 439
2026-04-12 18:35:29.952 | INFO     | gr00t.rl.utils.teleop_reset_lib.motion_loader_wsppt:from_file:184 - Loading motion from gr00t/rl/data/motions/g1_wsdpt/33demos_675_775/record_2025-10-26_23-58-03_0.715m_v1.npz...
2026-04-12 18:35:29.955 | INFO     | gr00t.rl.utils.teleop_reset_lib.motion_loader_wsppt:__init__:178 - Motion loaded: duration: 10.74 sec, frames: 538
2026-04-12 18:35:29.956 | INFO     | gr00t.rl.utils.teleop_reset_lib.motion_loader_wsppt:from_file:184 - Loading motion from gr00t/rl/data/motions/g1_wsdpt/33demos_675_775/record_2025-10-31_04-21-05_0.677m.npz...
2026-04-12 18:35:29.959 | INFO     | gr00t.rl.utils.teleop_reset_lib.motion_loader_wsppt:__init__:178 - Motion loaded: duration: 10.98 sec, frames: 550
2026-04-12 18:35:29.960 | INFO     | gr00t.rl.utils.teleop_reset_lib.motion_loader_wsppt:from_file:184 - Loading motion from gr00t/rl/data/motions/g1_wsdpt/33demos_675_775/record_2025-10-31_04-35-06_0.697m.npz...
2026-04-12 18:35:29.963 | INFO     | gr00t.rl.utils.teleop_reset_lib.motion_loader_wsppt:__init__:178 - Motion loaded: duration: 10.5 sec, frames: 526
2026-04-12 18:35:29.964 | INFO     | gr00t.rl.utils.teleop_reset_lib.motion_loader_wsppt:from_file:184 - Loading motion from gr00t/rl/data/motions/g1_wsdpt/33demos_675_775/record_2025-10-26_23-48-32_0.715m_v0.npz...
2026-04-12 18:35:29.968 | INFO     | gr00t.rl.utils.teleop_reset_lib.motion_loader_wsppt:__init__:178 - Motion loaded: duration: 13.14 sec, frames: 658
2026-04-12 18:35:29.969 | INFO     | gr00t.rl.utils.teleop_reset_lib.motion_loader_wsppt:from_file:184 - Loading motion from gr00t/rl/data/motions/g1_wsdpt/33demos_675_775/record_2025-10-26_23-56-56_0.715m_v1.npz...
2026-04-12 18:35:29.972 | INFO     | gr00t.rl.utils.teleop_reset_lib.motion_loader_wsppt:__init__:178 - Motion loaded: duration: 12.18 sec, frames: 610
2026-04-12 18:35:29.973 | INFO     | gr00t.rl.utils.teleop_reset_lib.motion_loader_wsppt:from_file:184 - Loading motion from gr00t/rl/data/motions/g1_wsdpt/33demos_675_775/record_2025-10-26_22-07-48_0.675m_v0.npz...
2026-04-12 18:35:29.977 | INFO     | gr00t.rl.utils.teleop_reset_lib.motion_loader_wsppt:__init__:178 - Motion loaded: duration: 14.22 sec, frames: 712
2026-04-12 18:35:29.977 | INFO     | gr00t.rl.utils.teleop_reset_lib.motion_loader_wsppt:from_file:184 - Loading motion from gr00t/rl/data/motions/g1_wsdpt/33demos_675_775/record_2025-10-26_23-25-41_0.705m_v0.npz...
2026-04-12 18:35:29.981 | INFO     | gr00t.rl.utils.teleop_reset_lib.motion_loader_wsppt:__init__:178 - Motion loaded: duration: 12.94 sec, frames: 648
2026-04-12 18:35:29.981 | INFO     | gr00t.rl.utils.teleop_reset_lib.motion_loader_wsppt:from_file:184 - Loading motion from gr00t/rl/data/motions/g1_wsdpt/33demos_675_775/record_2025-10-26_22-09-16_0.675m_v0.npz...
2026-04-12 18:35:29.985 | INFO     | gr00t.rl.utils.teleop_reset_lib.motion_loader_wsppt:__init__:178 - Motion loaded: duration: 13.46 sec, frames: 674
2026-04-12 18:35:29.985 | INFO     | gr00t.rl.utils.teleop_reset_lib.motion_loader_wsppt:from_file:184 - Loading motion from gr00t/rl/data/motions/g1_wsdpt/33demos_675_775/record_2025-10-31_03-07-29_0.674m.npz...
2026-04-12 18:35:29.989 | INFO     | gr00t.rl.utils.teleop_reset_lib.motion_loader_wsppt:__init__:178 - Motion loaded: duration: 14.3 sec, frames: 716
2026-04-12 18:35:29.989 | INFO     | gr00t.rl.utils.teleop_reset_lib.motion_loader_wsppt:from_file:184 - Loading motion from gr00t/rl/data/motions/g1_wsdpt/33demos_675_775/record_2025-10-31_04-12-43_0.744m.npz...
2026-04-12 18:35:29.993 | INFO     | gr00t.rl.utils.teleop_reset_lib.motion_loader_wsppt:__init__:178 - Motion loaded: duration: 11.28 sec, frames: 565
2026-04-12 18:35:29.993 | INFO     | gr00t.rl.utils.teleop_reset_lib.motion_loader_wsppt:from_file:184 - Loading motion from gr00t/rl/data/motions/g1_wsdpt/33demos_675_775/record_2025-10-14_21-33-23_0.675m.npz...
2026-04-12 18:35:29.997 | INFO     | gr00t.rl.utils.teleop_reset_lib.motion_loader_wsppt:__init__:178 - Motion loaded: duration: 11.3 sec, frames: 566
2026-04-12 18:35:29.998 | INFO     | gr00t.rl.utils.teleop_reset_lib.motion_loader_wsppt:from_file:184 - Loading motion from gr00t/rl/data/motions/g1_wsdpt/33demos_675_775/record_2025-10-27_01-38-47_0.755m_v1.npz...
2026-04-12 18:35:30.001 | INFO     | gr00t.rl.utils.teleop_reset_lib.motion_loader_wsppt:__init__:178 - Motion loaded: duration: 9.78 sec, frames: 490
2026-04-12 18:35:30.001 | INFO     | gr00t.rl.utils.teleop_reset_lib.motion_loader_wsppt:from_file:184 - Loading motion from gr00t/rl/data/motions/g1_wsdpt/33demos_675_775/record_2025-10-27_00-03-08_0.715m_v1.npz...
2026-04-12 18:35:30.005 | INFO     | gr00t.rl.utils.teleop_reset_lib.motion_loader_wsppt:__init__:178 - Motion loaded: duration: 11.86 sec, frames: 594
2026-04-12 18:35:30.005 | INFO     | gr00t.rl.utils.teleop_reset_lib.motion_loader_wsppt:from_file:184 - Loading motion from gr00t/rl/data/motions/g1_wsdpt/33demos_675_775/record_2025-10-14_22-16-50_0.775m.npz...
2026-04-12 18:35:30.009 | INFO     | gr00t.rl.utils.teleop_reset_lib.motion_loader_wsppt:__init__:178 - Motion loaded: duration: 10.22 sec, frames: 512
2026-04-12 18:35:30.009 | INFO     | gr00t.rl.utils.teleop_reset_lib.motion_loader_wsppt:from_file:184 - Loading motion from gr00t/rl/data/motions/g1_wsdpt/33demos_675_775/record_2025-10-31_04-39-26_0.697m.npz...
2026-04-12 18:35:30.013 | INFO     | gr00t.rl.utils.teleop_reset_lib.motion_loader_wsppt:__init__:178 - Motion loaded: duration: 10.84 sec, frames: 543
2026-04-12 18:35:30.013 | INFO     | gr00t.rl.utils.teleop_reset_lib.motion_loader_wsppt:from_file:184 - Loading motion from gr00t/rl/data/motions/g1_wsdpt/33demos_675_775/record_2025-10-26_23-33-48_0.705m_v1.npz...
2026-04-12 18:35:30.017 | INFO     | gr00t.rl.utils.teleop_reset_lib.motion_loader_wsppt:__init__:178 - Motion loaded: duration: 13.780000000000001 sec, frames: 690
2026-04-12 18:35:30.018 | INFO     | gr00t.rl.utils.teleop_reset_lib.motion_loader_wsppt:from_file:184 - Loading motion from gr00t/rl/data/motions/g1_wsdpt/33demos_675_775/record_2025-10-14_21-51-12_0.725m.npz...
2026-04-12 18:35:30.021 | INFO     | gr00t.rl.utils.teleop_reset_lib.motion_loader_wsppt:__init__:178 - Motion loaded: duration: 9.94 sec, frames: 498
2026-04-12 18:35:30.021 | INFO     | gr00t.rl.utils.teleop_reset_lib.motion_loader_wsppt:from_file:184 - Loading motion from gr00t/rl/data/motions/g1_wsdpt/33demos_675_775/record_2025-10-31_03-30-31_0.734m.npz...
2026-04-12 18:35:30.026 | INFO     | gr00t.rl.utils.teleop_reset_lib.motion_loader_wsppt:__init__:178 - Motion loaded: duration: 11.46 sec, frames: 574
2026-04-12 18:35:30.026 | INFO     | gr00t.rl.utils.teleop_reset_lib.motion_loader_wsppt:from_file:184 - Loading motion from gr00t/rl/data/motions/g1_wsdpt/33demos_675_775/record_2025-10-27_00-46-34_0.725m_v1.npz...
2026-04-12 18:35:30.030 | INFO     | gr00t.rl.utils.teleop_reset_lib.motion_loader_wsppt:__init__:178 - Motion loaded: duration: 11.6 sec, frames: 581
2026-04-12 18:35:30.030 | INFO     | gr00t.rl.utils.teleop_reset_lib.motion_loader_wsppt:from_file:184 - Loading motion from gr00t/rl/data/motions/g1_wsdpt/33demos_675_775/record_2025-10-31_04-07-20_0.724m.npz...
2026-04-12 18:35:30.034 | INFO     | gr00t.rl.utils.teleop_reset_lib.motion_loader_wsppt:__init__:178 - Motion loaded: duration: 9.84 sec, frames: 493
2026-04-12 18:35:30.034 | INFO     | gr00t.rl.utils.teleop_reset_lib.motion_loader_wsppt:from_file:184 - Loading motion from gr00t/rl/data/motions/g1_wsdpt/33demos_675_775/record_2025-10-27_02-07-07_0.775m_v0.npz...
2026-04-12 18:35:30.038 | INFO     | gr00t.rl.utils.teleop_reset_lib.motion_loader_wsppt:__init__:178 - Motion loaded: duration: 10.200000000000001 sec, frames: 511
2026-04-12 18:35:30.038 | INFO     | gr00t.rl.utils.teleop_reset_lib.motion_loader_wsppt:from_file:184 - Loading motion from gr00t/rl/data/motions/g1_wsdpt/33demos_675_775/record_2025-10-27_01-31-54_0.755m_v0.npz...
2026-04-12 18:35:30.042 | INFO     | gr00t.rl.utils.teleop_reset_lib.motion_loader_wsppt:__init__:178 - Motion loaded: duration: 10.200000000000001 sec, frames: 511
2026-04-12 18:35:30.042 | INFO     | gr00t.rl.utils.teleop_reset_lib.motion_loader_wsppt:from_file:184 - Loading motion from gr00t/rl/data/motions/g1_wsdpt/33demos_675_775/record_2025-10-26_22-42-17_0.685m_v1.npz...
2026-04-12 18:35:30.047 | INFO     | gr00t.rl.utils.teleop_reset_lib.motion_loader_wsppt:__init__:178 - Motion loaded: duration: 14.22 sec, frames: 712
2026-04-12 18:35:30.047 | INFO     | gr00t.rl.utils.teleop_reset_lib.motion_loader_wsppt:from_file:184 - Loading motion from gr00t/rl/data/motions/g1_wsdpt/33demos_675_775/record_2025-10-31_04-42-33_0.707m.npz...
2026-04-12 18:35:30.051 | INFO     | gr00t.rl.utils.teleop_reset_lib.motion_loader_wsppt:__init__:178 - Motion loaded: duration: 11.540000000000001 sec, frames: 578
2026-04-12 18:35:30.051 | INFO     | gr00t.rl.utils.teleop_reset_lib.motion_loader_wsppt:from_file:184 - Loading motion from gr00t/rl/data/motions/g1_wsdpt/33demos_675_775/record_2025-10-27_01-24-46_0.745m_v0.npz...
2026-04-12 18:35:30.055 | INFO     | gr00t.rl.utils.teleop_reset_lib.motion_loader_wsppt:__init__:178 - Motion loaded: duration: 11.08 sec, frames: 555
2026-04-12 18:35:30.055 | INFO     | gr00t.rl.utils.teleop_reset_lib.motion_loader_wsppt:from_file:184 - Loading motion from gr00t/rl/data/motions/g1_wsdpt/33demos_675_775/record_2025-10-26_22-33-48_0.685m_v0..npz...
2026-04-12 18:35:30.060 | INFO     | gr00t.rl.utils.teleop_reset_lib.motion_loader_wsppt:__init__:178 - Motion loaded: duration: 12.66 sec, frames: 634
2026-04-12 18:35:30.060 | INFO     | gr00t.rl.utils.teleop_reset_lib.motion_loader_wsppt:from_file:184 - Loading motion from gr00t/rl/data/motions/g1_wsdpt/33demos_675_775/record_2025-10-26_22-41-06_0.685m_v1.npz...
2026-04-12 18:35:30.064 | INFO     | gr00t.rl.utils.teleop_reset_lib.motion_loader_wsppt:__init__:178 - Motion loaded: duration: 13.46 sec, frames: 674
2026-04-12 18:35:30.064 | INFO     | gr00t.rl.utils.teleop_reset_lib.motion_loader_wsppt:from_file:184 - Loading motion from gr00t/rl/data/motions/g1_wsdpt/33demos_675_775/record_2025-10-26_23-34-27_0.705m_v1.npz...
2026-04-12 18:35:30.068 | INFO     | gr00t.rl.utils.teleop_reset_lib.motion_loader_wsppt:__init__:178 - Motion loaded: duration: 12.08 sec, frames: 605
2026-04-12 18:35:30.068 | INFO     | gr00t.rl.utils.teleop_reset_lib.motion_loader_wsppt:from_file:184 - Loading motion from gr00t/rl/data/motions/g1_wsdpt/33demos_675_775/record_2025-10-26_22-57-48_0.695m_v0.npz...
2026-04-12 18:35:30.072 | INFO     | gr00t.rl.utils.teleop_reset_lib.motion_loader_wsppt:__init__:178 - Motion loaded: duration: 11.5 sec, frames: 576
2026-04-12 18:35:30.072 | INFO     | gr00t.rl.utils.teleop_reset_lib.motion_loader_wsppt:from_file:184 - Loading motion from gr00t/rl/data/motions/g1_wsdpt/33demos_675_775/record_2025-10-31_03-51-20_0.684m.npz...
2026-04-12 18:35:30.076 | INFO     | gr00t.rl.utils.teleop_reset_lib.motion_loader_wsppt:__init__:178 - Motion loaded: duration: 10.92 sec, frames: 547
2026-04-12 18:35:30.077 | INFO     | gr00t.rl.utils.teleop_reset_lib.motion_loader_wsppt:from_file:184 - Loading motion from gr00t/rl/data/motions/g1_wsdpt/33demos_675_775/record_2025-10-27_01-38-10_0.755m_v1.npz...
2026-04-12 18:35:30.080 | INFO     | gr00t.rl.utils.teleop_reset_lib.motion_loader_wsppt:__init__:178 - Motion loaded: duration: 11.84 sec, frames: 593
2026-04-12 18:35:30.081 | INFO     | gr00t.rl.utils.teleop_reset_lib.motion_loader_wsppt:from_file:184 - Loading motion from gr00t/rl/data/motions/g1_wsdpt/33demos_675_775/record_2025-10-26_23-51-22_0.715m_v0.npz...
2026-04-12 18:35:30.084 | INFO     | gr00t.rl.utils.teleop_reset_lib.motion_loader_wsppt:__init__:178 - Motion loaded: duration: 11.72 sec, frames: 587
2026-04-12 18:35:30.085 | INFO     | gr00t.rl.utils.teleop_reset_lib.motion_loader_wsppt:from_file:184 - Loading motion from gr00t/rl/data/motions/g1_wsdpt/33demos_675_775/record_2025-10-31_04-08-10_0.724m.npz...
2026-04-12 18:35:30.088 | INFO     | gr00t.rl.utils.teleop_reset_lib.motion_loader_wsppt:__init__:178 - Motion loaded: duration: 10.36 sec, frames: 519
2026-04-12 18:35:30.089 | INFO     | gr00t.rl.utils.teleop_reset_lib.motion_loader_wsppt:from_file:184 - Loading motion from gr00t/rl/data/motions/g1_wsdpt/33demos_675_775/record_2025-10-31_04-04-10_0.704m.npz...
2026-04-12 18:35:30.093 | INFO     | gr00t.rl.utils.teleop_reset_lib.motion_loader_wsppt:__init__:178 - Motion loaded: duration: 11.5 sec, frames: 576
2026-04-12 18:35:30.093 | INFO     | gr00t.rl.utils.teleop_reset_lib.motion_loader_wsppt:from_file:184 - Loading motion from gr00t/rl/data/motions/g1_wsdpt/33demos_675_775/record_2025-10-27_00-27-02_0.725m_v0.npz...
2026-04-12 18:35:30.098 | INFO     | gr00t.rl.utils.teleop_reset_lib.motion_loader_wsppt:__init__:178 - Motion loaded: duration: 16.3 sec, frames: 816
2026-04-12 18:35:30.098 | INFO     | gr00t.rl.utils.teleop_reset_lib.motion_loader_wsppt:from_file:184 - Loading motion from gr00t/rl/data/motions/g1_wsdpt/33demos_675_775/record_2025-10-26_23-49-21_0.715m_v0.npz...
2026-04-12 18:35:30.102 | INFO     | gr00t.rl.utils.teleop_reset_lib.motion_loader_wsppt:__init__:178 - Motion loaded: duration: 11.58 sec, frames: 580
2026-04-12 18:35:30.103 | INFO     | gr00t.rl.utils.teleop_reset_lib.motion_loader_wsppt:from_file:184 - Loading motion from gr00t/rl/data/motions/g1_wsdpt/33demos_675_775/record_2025-10-27_01-07-19_0.735m_v1.npz...
2026-04-12 18:35:30.107 | INFO     | gr00t.rl.utils.teleop_reset_lib.motion_loader_wsppt:__init__:178 - Motion loaded: duration: 11.34 sec, frames: 568
2026-04-12 18:35:30.107 | INFO     | gr00t.rl.utils.teleop_reset_lib.motion_loader_wsppt:from_file:184 - Loading motion from gr00t/rl/data/motions/g1_wsdpt/33demos_675_775/record_2025-10-26_23-51-58_0.715m_v0.npz...
2026-04-12 18:35:30.111 | INFO     | gr00t.rl.utils.teleop_reset_lib.motion_loader_wsppt:__init__:178 - Motion loaded: duration: 13.96 sec, frames: 699
2026-04-12 18:35:30.112 | INFO     | gr00t.rl.utils.teleop_reset_lib.motion_loader_wsppt:from_file:184 - Loading motion from gr00t/rl/data/motions/g1_wsdpt/33demos_675_775/record_2025-10-26_22-22-47_0.675m_v1.npz...
2026-04-12 18:35:30.116 | INFO     | gr00t.rl.utils.teleop_reset_lib.motion_loader_wsppt:__init__:178 - Motion loaded: duration: 12.14 sec, frames: 608
2026-04-12 18:35:30.116 | INFO     | gr00t.rl.utils.teleop_reset_lib.motion_loader_wsppt:from_file:184 - Loading motion from gr00t/rl/data/motions/g1_wsdpt/33demos_675_775/record_2025-10-14_21-30-39_0.675m.npz...
2026-04-12 18:35:30.120 | INFO     | gr00t.rl.utils.teleop_reset_lib.motion_loader_wsppt:__init__:178 - Motion loaded: duration: 13.48 sec, frames: 675
2026-04-12 18:35:30.120 | INFO     | gr00t.rl.utils.teleop_reset_lib.motion_loader_wsppt:from_file:184 - Loading motion from gr00t/rl/data/motions/g1_wsdpt/33demos_675_775/record_2025-10-27_02-03-15_0.775m_v0.npz...
2026-04-12 18:35:30.124 | INFO     | gr00t.rl.utils.teleop_reset_lib.motion_loader_wsppt:__init__:178 - Motion loaded: duration: 11.18 sec, frames: 560
2026-04-12 18:35:30.124 | INFO     | gr00t.rl.utils.teleop_reset_lib.motion_loader_wsppt:from_file:184 - Loading motion from gr00t/rl/data/motions/g1_wsdpt/33demos_675_775/record_2025-10-31_04-00-02_0.704m.npz...
2026-04-12 18:35:30.128 | INFO     | gr00t.rl.utils.teleop_reset_lib.motion_loader_wsppt:__init__:178 - Motion loaded: duration: 12.24 sec, frames: 613
2026-04-12 18:35:30.129 | INFO     | gr00t.rl.utils.teleop_reset_lib.motion_loader_wsppt:from_file:184 - Loading motion from gr00t/rl/data/motions/g1_wsdpt/33demos_675_775/record_2025-10-26_22-12-40_0.675m_v0.npz...
2026-04-12 18:35:30.132 | INFO     | gr00t.rl.utils.teleop_reset_lib.motion_loader_wsppt:__init__:178 - Motion loaded: duration: 10.18 sec, frames: 510
2026-04-12 18:35:30.133 | INFO     | gr00t.rl.utils.teleop_reset_lib.motion_loader_wsppt:from_file:184 - Loading motion from gr00t/rl/data/motions/g1_wsdpt/33demos_675_775/record_2025-10-27_01-23-34_0.745m_v0.npz...
2026-04-12 18:35:30.136 | INFO     | gr00t.rl.utils.teleop_reset_lib.motion_loader_wsppt:__init__:178 - Motion loaded: duration: 10.24 sec, frames: 513
2026-04-12 18:35:30.137 | INFO     | gr00t.rl.utils.teleop_reset_lib.motion_loader_wsppt:from_file:184 - Loading motion from gr00t/rl/data/motions/g1_wsdpt/33demos_675_775/record_2025-10-27_00-52-15_0.735m_v0.npz...
2026-04-12 18:35:30.141 | INFO     | gr00t.rl.utils.teleop_reset_lib.motion_loader_wsppt:__init__:178 - Motion loaded: duration: 14.84 sec, frames: 743
2026-04-12 18:35:30.141 | INFO     | gr00t.rl.utils.teleop_reset_lib.motion_loader_wsppt:from_file:184 - Loading motion from gr00t/rl/data/motions/g1_wsdpt/33demos_675_775/record_2025-10-14_21-49-40_0.725m.npz...
2026-04-12 18:35:30.145 | INFO     | gr00t.rl.utils.teleop_reset_lib.motion_loader_wsppt:__init__:178 - Motion loaded: duration: 12.24 sec, frames: 613
2026-04-12 18:35:30.146 | INFO     | gr00t.rl.utils.teleop_reset_lib.motion_loader_wsppt:from_file:184 - Loading motion from gr00t/rl/data/motions/g1_wsdpt/33demos_675_775/record_2025-10-31_04-16-28_0.667m..npz...
2026-04-12 18:35:30.149 | INFO     | gr00t.rl.utils.teleop_reset_lib.motion_loader_wsppt:__init__:178 - Motion loaded: duration: 10.94 sec, frames: 548
2026-04-12 18:35:30.149 | INFO     | gr00t.rl.utils.teleop_reset_lib.motion_loader_wsppt:from_file:184 - Loading motion from gr00t/rl/data/motions/g1_wsdpt/33demos_675_775/record_2025-10-14_22-18-36_0.775m.npz...
2026-04-12 18:35:30.153 | INFO     | gr00t.rl.utils.teleop_reset_lib.motion_loader_wsppt:__init__:178 - Motion loaded: duration: 10.68 sec, frames: 535
2026-04-12 18:35:30.153 | INFO     | gr00t.rl.utils.teleop_reset_lib.motion_loader_wsppt:from_file:184 - Loading motion from gr00t/rl/data/motions/g1_wsdpt/33demos_675_775/record_2025-10-27_01-28-19_0.755m_v0.npz...
2026-04-12 18:35:30.157 | INFO     | gr00t.rl.utils.teleop_reset_lib.motion_loader_wsppt:__init__:178 - Motion loaded: duration: 10.26 sec, frames: 514
2026-04-12 18:35:30.157 | INFO     | gr00t.rl.utils.teleop_reset_lib.motion_loader_wsppt:from_file:184 - Loading motion from gr00t/rl/data/motions/g1_wsdpt/33demos_675_775/record_2025-10-27_01-32-39_0.755m_v0.npz...
2026-04-12 18:35:30.162 | INFO     | gr00t.rl.utils.teleop_reset_lib.motion_loader_wsppt:__init__:178 - Motion loaded: duration: 13.48 sec, frames: 675
2026-04-12 18:35:30.162 | INFO     | gr00t.rl.utils.teleop_reset_lib.motion_loader_wsppt:from_file:184 - Loading motion from gr00t/rl/data/motions/g1_wsdpt/33demos_675_775/record_2025-10-27_01-39-22_0.755m_v1.npz...
2026-04-12 18:35:30.166 | INFO     | gr00t.rl.utils.teleop_reset_lib.motion_loader_wsppt:__init__:178 - Motion loaded: duration: 11.64 sec, frames: 583
2026-04-12 18:35:30.166 | INFO     | gr00t.rl.utils.teleop_reset_lib.motion_loader_wsppt:from_file:184 - Loading motion from gr00t/rl/data/motions/g1_wsdpt/33demos_675_775/record_2025-10-14_22-07-55_0.750m.npz...
2026-04-12 18:35:30.170 | INFO     | gr00t.rl.utils.teleop_reset_lib.motion_loader_wsppt:__init__:178 - Motion loaded: duration: 11.44 sec, frames: 573
2026-04-12 18:35:30.170 | INFO     | gr00t.rl.utils.teleop_reset_lib.motion_loader_wsppt:from_file:184 - Loading motion from gr00t/rl/data/motions/g1_wsdpt/33demos_675_775/record_2025-10-27_00-33-29_0.725m_v0.npz...
2026-04-12 18:35:30.174 | INFO     | gr00t.rl.utils.teleop_reset_lib.motion_loader_wsppt:__init__:178 - Motion loaded: duration: 13.280000000000001 sec, frames: 665
2026-04-12 18:35:30.174 | INFO     | gr00t.rl.utils.teleop_reset_lib.motion_loader_wsppt:from_file:184 - Loading motion from gr00t/rl/data/motions/g1_wsdpt/33demos_675_775/record_2025-10-26_23-41-32_0.705m_v1.npz...
2026-04-12 18:35:30.178 | INFO     | gr00t.rl.utils.teleop_reset_lib.motion_loader_wsppt:__init__:178 - Motion loaded: duration: 13.46 sec, frames: 674
2026-04-12 18:35:30.179 | INFO     | gr00t.rl.utils.teleop_reset_lib.motion_loader_wsppt:from_file:184 - Loading motion from gr00t/rl/data/motions/g1_wsdpt/33demos_675_775/record_2025-10-27_02-04-02_0.775m_v0.npz...
2026-04-12 18:35:30.183 | INFO     | gr00t.rl.utils.teleop_reset_lib.motion_loader_wsppt:__init__:178 - Motion loaded: duration: 11.86 sec, frames: 594
2026-04-12 18:35:30.183 | INFO     | gr00t.rl.utils.teleop_reset_lib.motion_loader_wsppt:from_file:184 - Loading motion from gr00t/rl/data/motions/g1_wsdpt/33demos_675_775/record_2025-10-26_22-48-04_0.685m_v1.npz...
2026-04-12 18:35:30.187 | INFO     | gr00t.rl.utils.teleop_reset_lib.motion_loader_wsppt:__init__:178 - Motion loaded: duration: 13.42 sec, frames: 672
2026-04-12 18:35:30.187 | INFO     | gr00t.rl.utils.teleop_reset_lib.motion_loader_wsppt:from_file:184 - Loading motion from gr00t/rl/data/motions/g1_wsdpt/33demos_675_775/record_2025-10-26_23-35-05_0.705m_v1.npz...
2026-04-12 18:35:30.191 | INFO     | gr00t.rl.utils.teleop_reset_lib.motion_loader_wsppt:__init__:178 - Motion loaded: duration: 10.9 sec, frames: 546
2026-04-12 18:35:30.191 | INFO     | gr00t.rl.utils.teleop_reset_lib.motion_loader_wsppt:from_file:184 - Loading motion from gr00t/rl/data/motions/g1_wsdpt/33demos_675_775/record_2025-10-26_23-18-45_0.695_v1.npz...
2026-04-12 18:35:30.195 | INFO     | gr00t.rl.utils.teleop_reset_lib.motion_loader_wsppt:__init__:178 - Motion loaded: duration: 12.36 sec, frames: 619
2026-04-12 18:35:30.196 | INFO     | gr00t.rl.utils.teleop_reset_lib.motion_loader_wsppt:from_file:184 - Loading motion from gr00t/rl/data/motions/g1_wsdpt/33demos_675_775/record_2025-10-27_02-04-35_0.775m_v0.npz...
2026-04-12 18:35:30.200 | INFO     | gr00t.rl.utils.teleop_reset_lib.motion_loader_wsppt:__init__:178 - Motion loaded: duration: 10.94 sec, frames: 548
2026-04-12 18:35:30.200 | INFO     | gr00t.rl.utils.teleop_reset_lib.motion_loader_wsppt:from_file:184 - Loading motion from gr00t/rl/data/motions/g1_wsdpt/33demos_675_775/record_2025-10-26_23-11-23_0.695_v1.npz...
2026-04-12 18:35:30.204 | INFO     | gr00t.rl.utils.teleop_reset_lib.motion_loader_wsppt:__init__:178 - Motion loaded: duration: 15.18 sec, frames: 760
2026-04-12 18:35:30.204 | INFO     | gr00t.rl.utils.teleop_reset_lib.motion_loader_wsppt:from_file:184 - Loading motion from gr00t/rl/data/motions/g1_wsdpt/33demos_675_775/record_2025-10-27_02-01-46_0.775m_v0.npz...
2026-04-12 18:35:30.209 | INFO     | gr00t.rl.utils.teleop_reset_lib.motion_loader_wsppt:__init__:178 - Motion loaded: duration: 11.56 sec, frames: 579
2026-04-12 18:35:30.209 | INFO     | gr00t.rl.utils.teleop_reset_lib.motion_loader_wsppt:from_file:184 - Loading motion from gr00t/rl/data/motions/g1_wsdpt/33demos_675_775/record_2025-10-31_04-47-5_0.717m.npz...
2026-04-12 18:35:30.213 | INFO     | gr00t.rl.utils.teleop_reset_lib.motion_loader_wsppt:__init__:178 - Motion loaded: duration: 10.52 sec, frames: 527
2026-04-12 18:35:30.213 | INFO     | gr00t.rl.utils.teleop_reset_lib.motion_loader_wsppt:from_file:184 - Loading motion from gr00t/rl/data/motions/g1_wsdpt/33demos_675_775/record_2025-10-26_23-39-18_0.705m_v1.npz...
2026-04-12 18:35:30.217 | INFO     | gr00t.rl.utils.teleop_reset_lib.motion_loader_wsppt:__init__:178 - Motion loaded: duration: 11.6 sec, frames: 581
2026-04-12 18:35:30.218 | INFO     | gr00t.rl.utils.teleop_reset_lib.motion_loader_wsppt:from_file:184 - Loading motion from gr00t/rl/data/motions/g1_wsdpt/33demos_675_775/record_2025-10-31_04-37-37_0.697m.npz...
2026-04-12 18:35:30.221 | INFO     | gr00t.rl.utils.teleop_reset_lib.motion_loader_wsppt:__init__:178 - Motion loaded: duration: 10.32 sec, frames: 517
2026-04-12 18:35:30.222 | INFO     | gr00t.rl.utils.teleop_reset_lib.motion_loader_wsppt:from_file:184 - Loading motion from gr00t/rl/data/motions/g1_wsdpt/33demos_675_775/record_2025-10-27_01-27-12_0.755m_v0.npz...
2026-04-12 18:35:30.226 | INFO     | gr00t.rl.utils.teleop_reset_lib.motion_loader_wsppt:__init__:178 - Motion loaded: duration: 11.6 sec, frames: 581
2026-04-12 18:35:30.227 | INFO     | gr00t.rl.utils.teleop_reset_lib.motion_loader_wsppt:from_file:184 - Loading motion from gr00t/rl/data/motions/g1_wsdpt/33demos_675_775/record_2025-10-26_23-22-41_0.705m_v0.npz...
2026-04-12 18:35:30.230 | INFO     | gr00t.rl.utils.teleop_reset_lib.motion_loader_wsppt:__init__:178 - Motion loaded: duration: 12.48 sec, frames: 625
2026-04-12 18:35:30.231 | INFO     | gr00t.rl.utils.teleop_reset_lib.motion_loader_wsppt:from_file:184 - Loading motion from gr00t/rl/data/motions/g1_wsdpt/33demos_675_775/record_2025-10-31_03-39-18_0.754m.npz...
2026-04-12 18:35:30.235 | INFO     | gr00t.rl.utils.teleop_reset_lib.motion_loader_wsppt:__init__:178 - Motion loaded: duration: 13.32 sec, frames: 667
2026-04-12 18:35:30.235 | INFO     | gr00t.rl.utils.teleop_reset_lib.motion_loader_wsppt:from_file:184 - Loading motion from gr00t/rl/data/motions/g1_wsdpt/33demos_675_775/record_2025-10-27_00-38-25_0.725m_v1.npz...
2026-04-12 18:35:30.239 | INFO     | gr00t.rl.utils.teleop_reset_lib.motion_loader_wsppt:__init__:178 - Motion loaded: duration: 12.9 sec, frames: 646
2026-04-12 18:35:30.239 | INFO     | gr00t.rl.utils.teleop_reset_lib.motion_loader_wsppt:from_file:184 - Loading motion from gr00t/rl/data/motions/g1_wsdpt/33demos_675_775/record_2025-10-27_01-33-23_0.755m_v0.npz...
2026-04-12 18:35:30.243 | INFO     | gr00t.rl.utils.teleop_reset_lib.motion_loader_wsppt:__init__:178 - Motion loaded: duration: 12.06 sec, frames: 604
2026-04-12 18:35:30.243 | INFO     | gr00t.rl.utils.teleop_reset_lib.motion_loader_wsppt:from_file:184 - Loading motion from gr00t/rl/data/motions/g1_wsdpt/33demos_675_775/record_2025-10-26_23-17-29_0.695_v1.npz...
2026-04-12 18:35:30.248 | INFO     | gr00t.rl.utils.teleop_reset_lib.motion_loader_wsppt:__init__:178 - Motion loaded: duration: 11.28 sec, frames: 565
2026-04-12 18:35:30.248 | INFO     | gr00t.rl.utils.teleop_reset_lib.motion_loader_wsppt:from_file:184 - Loading motion from gr00t/rl/data/motions/g1_wsdpt/33demos_675_775/record_2025-10-26_23-36-40_0.705m_v1.npz...
2026-04-12 18:35:30.252 | INFO     | gr00t.rl.utils.teleop_reset_lib.motion_loader_wsppt:__init__:178 - Motion loaded: duration: 12.72 sec, frames: 637
2026-04-12 18:35:30.252 | INFO     | gr00t.rl.utils.teleop_reset_lib.motion_loader_wsppt:from_file:184 - Loading motion from gr00t/rl/data/motions/g1_wsdpt/33demos_675_775/record_2025-10-26_23-47-57_0.715m_v0.npz...
2026-04-12 18:35:30.256 | INFO     | gr00t.rl.utils.teleop_reset_lib.motion_loader_wsppt:__init__:178 - Motion loaded: duration: 11.94 sec, frames: 598
2026-04-12 18:35:30.256 | INFO     | gr00t.rl.utils.teleop_reset_lib.motion_loader_wsppt:from_file:184 - Loading motion from gr00t/rl/data/motions/g1_wsdpt/33demos_675_775/record_2025-10-26_23-58-32_0.715m_v1.npz...
2026-04-12 18:35:30.261 | INFO     | gr00t.rl.utils.teleop_reset_lib.motion_loader_wsppt:__init__:178 - Motion loaded: duration: 13.88 sec, frames: 695
2026-04-12 18:35:30.261 | INFO     | gr00t.rl.utils.teleop_reset_lib.motion_loader_wsppt:from_file:184 - Loading motion from gr00t/rl/data/motions/g1_wsdpt/33demos_675_775/record_2025-10-14_22-14-58_0.775m.npz...
2026-04-12 18:35:30.265 | INFO     | gr00t.rl.utils.teleop_reset_lib.motion_loader_wsppt:__init__:178 - Motion loaded: duration: 10.52 sec, frames: 527
2026-04-12 18:35:30.265 | INFO     | gr00t.rl.utils.teleop_reset_lib.motion_loader_wsppt:from_file:184 - Loading motion from gr00t/rl/data/motions/g1_wsdpt/33demos_675_775/record_2025-10-31_04-29-53_0.687m.npz...
2026-04-12 18:35:30.269 | INFO     | gr00t.rl.utils.teleop_reset_lib.motion_loader_wsppt:__init__:178 - Motion loaded: duration: 11.120000000000001 sec, frames: 557
2026-04-12 18:35:30.269 | INFO     | gr00t.rl.utils.teleop_reset_lib.motion_loader_wsppt:from_file:184 - Loading motion from gr00t/rl/data/motions/g1_wsdpt/33demos_675_775/record_2025-10-31_03-23-49_0.714m.npz...
2026-04-12 18:35:30.273 | INFO     | gr00t.rl.utils.teleop_reset_lib.motion_loader_wsppt:__init__:178 - Motion loaded: duration: 12.8 sec, frames: 641
2026-04-12 18:35:30.273 | INFO     | gr00t.rl.utils.teleop_reset_lib.motion_loader_wsppt:from_file:184 - Loading motion from gr00t/rl/data/motions/g1_wsdpt/33demos_675_775/record_2025-10-26_22-31-34_0.685m_v0..npz...
2026-04-12 18:35:30.277 | INFO     | gr00t.rl.utils.teleop_reset_lib.motion_loader_wsppt:__init__:178 - Motion loaded: duration: 12.32 sec, frames: 617
2026-04-12 18:35:30.277 | INFO     | gr00t.rl.utils.teleop_reset_lib.motion_loader_wsppt:from_file:184 - Loading motion from gr00t/rl/data/motions/g1_wsdpt/33demos_675_775/record_2025-10-27_00-34-03_0.725m_v0.npz...
2026-04-12 18:35:30.282 | INFO     | gr00t.rl.utils.teleop_reset_lib.motion_loader_wsppt:__init__:178 - Motion loaded: duration: 13.9 sec, frames: 696
2026-04-12 18:35:30.282 | INFO     | gr00t.rl.utils.teleop_reset_lib.motion_loader_wsppt:from_file:184 - Loading motion from gr00t/rl/data/motions/g1_wsdpt/33demos_675_775/record_2025-10-31_04-11-42_0.744m.npz...
2026-04-12 18:35:30.285 | INFO     | gr00t.rl.utils.teleop_reset_lib.motion_loader_wsppt:__init__:178 - Motion loaded: duration: 11.08 sec, frames: 555
2026-04-12 18:35:30.286 | INFO     | gr00t.rl.utils.teleop_reset_lib.motion_loader_wsppt:from_file:184 - Loading motion from gr00t/rl/data/motions/g1_wsdpt/33demos_675_775/record_2025-10-27_00-06-02_0.715m_v1.npz...
2026-04-12 18:35:30.289 | INFO     | gr00t.rl.utils.teleop_reset_lib.motion_loader_wsppt:__init__:178 - Motion loaded: duration: 9.28 sec, frames: 465
2026-04-12 18:35:30.289 | INFO     | gr00t.rl.utils.teleop_reset_lib.motion_loader_wsppt:from_file:184 - Loading motion from gr00t/rl/data/motions/g1_wsdpt/33demos_675_775/record_2025-10-26_23-21-03_0.705m_v0.npz...
2026-04-12 18:35:30.294 | INFO     | gr00t.rl.utils.teleop_reset_lib.motion_loader_wsppt:__init__:178 - Motion loaded: duration: 15.64 sec, frames: 783
2026-04-12 18:35:30.294 | INFO     | gr00t.rl.utils.teleop_reset_lib.motion_loader_wsppt:from_file:184 - Loading motion from gr00t/rl/data/motions/g1_wsdpt/33demos_675_775/record_2025-10-27_00-38-59_0.725m_v1.npz...
2026-04-12 18:35:30.298 | INFO     | gr00t.rl.utils.teleop_reset_lib.motion_loader_wsppt:__init__:178 - Motion loaded: duration: 12.68 sec, frames: 635
2026-04-12 18:35:30.298 | INFO     | gr00t.rl.utils.teleop_reset_lib.motion_loader_wsppt:from_file:184 - Loading motion from gr00t/rl/data/motions/g1_wsdpt/33demos_675_775/record_2025-10-31_03-58-27_0.704m.npz...
2026-04-12 18:35:30.302 | INFO     | gr00t.rl.utils.teleop_reset_lib.motion_loader_wsppt:__init__:178 - Motion loaded: duration: 11.5 sec, frames: 576
2026-04-12 18:35:30.302 | INFO     | gr00t.rl.utils.teleop_reset_lib.motion_loader_wsppt:from_file:184 - Loading motion from gr00t/rl/data/motions/g1_wsdpt/33demos_675_775/record_2025-10-31_04-50-31_0.717m.npz...
2026-04-12 18:35:30.306 | INFO     | gr00t.rl.utils.teleop_reset_lib.motion_loader_wsppt:__init__:178 - Motion loaded: duration: 11.92 sec, frames: 597
2026-04-12 18:35:30.306 | INFO     | gr00t.rl.utils.teleop_reset_lib.motion_loader_wsppt:from_file:184 - Loading motion from gr00t/rl/data/motions/g1_wsdpt/33demos_675_775/record_2025-10-27_00-53-37_0.735m_v0.npz...
2026-04-12 18:35:30.310 | INFO     | gr00t.rl.utils.teleop_reset_lib.motion_loader_wsppt:__init__:178 - Motion loaded: duration: 14.14 sec, frames: 708
2026-04-12 18:35:30.310 | INFO     | gr00t.rl.utils.teleop_reset_lib.motion_loader_wsppt:from_file:184 - Loading motion from gr00t/rl/data/motions/g1_wsdpt/33demos_675_775/record_2025-10-31_03-39-58_0.754m.npz...
2026-04-12 18:35:30.315 | INFO     | gr00t.rl.utils.teleop_reset_lib.motion_loader_wsppt:__init__:178 - Motion loaded: duration: 14.44 sec, frames: 723
2026-04-12 18:35:30.315 | INFO     | gr00t.rl.utils.teleop_reset_lib.motion_loader_wsppt:from_file:184 - Loading motion from gr00t/rl/data/motions/g1_wsdpt/33demos_675_775/record_2025-10-14_21-29-22_0.675m.npz...
2026-04-12 18:35:30.319 | INFO     | gr00t.rl.utils.teleop_reset_lib.motion_loader_wsppt:__init__:178 - Motion loaded: duration: 13.02 sec, frames: 652
2026-04-12 18:35:30.319 | INFO     | gr00t.rl.utils.teleop_reset_lib.motion_loader_wsppt:from_file:184 - Loading motion from gr00t/rl/data/motions/g1_wsdpt/33demos_675_775/record_2025-10-27_00-25-17_0.725m_v0.npz...
2026-04-12 18:35:30.323 | INFO     | gr00t.rl.utils.teleop_reset_lib.motion_loader_wsppt:__init__:178 - Motion loaded: duration: 12.22 sec, frames: 612
2026-04-12 18:35:30.323 | INFO     | gr00t.rl.utils.teleop_reset_lib.motion_loader_wsppt:from_file:184 - Loading motion from gr00t/rl/data/motions/g1_wsdpt/33demos_675_775/record_2025-10-14_21-42-14_0.700m.npz...
2026-04-12 18:35:30.327 | INFO     | gr00t.rl.utils.teleop_reset_lib.motion_loader_wsppt:__init__:178 - Motion loaded: duration: 12.200000000000001 sec, frames: 611
2026-04-12 18:35:30.327 | INFO     | gr00t.rl.utils.teleop_reset_lib.motion_loader_wsppt:from_file:184 - Loading motion from gr00t/rl/data/motions/g1_wsdpt/33demos_675_775/record_2025-10-27_01-49-18_0.765m_v0.npz...
2026-04-12 18:35:30.331 | INFO     | gr00t.rl.utils.teleop_reset_lib.motion_loader_wsppt:__init__:178 - Motion loaded: duration: 12.200000000000001 sec, frames: 611
2026-04-12 18:35:30.331 | INFO     | gr00t.rl.utils.teleop_reset_lib.motion_loader_wsppt:from_file:184 - Loading motion from gr00t/rl/data/motions/g1_wsdpt/33demos_675_775/record_2025-10-31_04-24-26_0.677m.npz...
2026-04-12 18:35:30.335 | INFO     | gr00t.rl.utils.teleop_reset_lib.motion_loader_wsppt:__init__:178 - Motion loaded: duration: 10.46 sec, frames: 524
2026-04-12 18:35:30.335 | INFO     | gr00t.rl.utils.teleop_reset_lib.motion_loader_wsppt:from_file:184 - Loading motion from gr00t/rl/data/motions/g1_wsdpt/33demos_675_775/record_2025-10-14_21-28-47_0.675m.npz...
2026-04-12 18:35:30.339 | INFO     | gr00t.rl.utils.teleop_reset_lib.motion_loader_wsppt:__init__:178 - Motion loaded: duration: 12.72 sec, frames: 637
2026-04-12 18:35:30.339 | INFO     | gr00t.rl.utils.teleop_reset_lib.motion_loader_wsppt:from_file:184 - Loading motion from gr00t/rl/data/motions/g1_wsdpt/33demos_675_775/record_2025-10-27_02-05-40_0.775m_v0.npz...
2026-04-12 18:35:30.343 | INFO     | gr00t.rl.utils.teleop_reset_lib.motion_loader_wsppt:__init__:178 - Motion loaded: duration: 12.700000000000001 sec, frames: 636
2026-04-12 18:35:30.344 | INFO     | gr00t.rl.utils.teleop_reset_lib.motion_loader_wsppt:from_file:184 - Loading motion from gr00t/rl/data/motions/g1_wsdpt/33demos_675_775/record_2025-10-27_01-16-52_0.745m_v0.npz...
2026-04-12 18:35:30.347 | INFO     | gr00t.rl.utils.teleop_reset_lib.motion_loader_wsppt:__init__:178 - Motion loaded: duration: 11.0 sec, frames: 551
2026-04-12 18:35:30.348 | INFO     | gr00t.rl.utils.teleop_reset_lib.motion_loader_wsppt:from_file:184 - Loading motion from gr00t/rl/data/motions/g1_wsdpt/33demos_675_775/record_2025-10-27_01-43-11_0.755m_v1.npz...
2026-04-12 18:35:30.352 | INFO     | gr00t.rl.utils.teleop_reset_lib.motion_loader_wsppt:__init__:178 - Motion loaded: duration: 10.88 sec, frames: 545
2026-04-12 18:35:30.352 | INFO     | gr00t.rl.utils.teleop_reset_lib.motion_loader_wsppt:from_file:184 - Loading motion from gr00t/rl/data/motions/g1_wsdpt/33demos_675_775/record_2025-10-14_22-16-23_0.775m.npz...
2026-04-12 18:35:30.355 | INFO     | gr00t.rl.utils.teleop_reset_lib.motion_loader_wsppt:__init__:178 - Motion loaded: duration: 9.16 sec, frames: 459
2026-04-12 18:35:30.356 | INFO     | gr00t.rl.utils.teleop_reset_lib.motion_loader_wsppt:from_file:184 - Loading motion from gr00t/rl/data/motions/g1_wsdpt/33demos_675_775/record_2025-10-14_21-51-45_0.725m.npz...
2026-04-12 18:35:30.359 | INFO     | gr00t.rl.utils.teleop_reset_lib.motion_loader_wsppt:__init__:178 - Motion loaded: duration: 9.6 sec, frames: 481
2026-04-12 18:35:30.360 | INFO     | gr00t.rl.utils.teleop_reset_lib.motion_loader_wsppt:from_file:184 - Loading motion from gr00t/rl/data/motions/g1_wsdpt/33demos_675_775/record_2025-10-26_22-45-08_0.685m_v1.npz...
2026-04-12 18:35:30.364 | INFO     | gr00t.rl.utils.teleop_reset_lib.motion_loader_wsppt:__init__:178 - Motion loaded: duration: 11.96 sec, frames: 599
2026-04-12 18:35:30.364 | INFO     | gr00t.rl.utils.teleop_reset_lib.motion_loader_wsppt:from_file:184 - Loading motion from gr00t/rl/data/motions/g1_wsdpt/33demos_675_775/record_2025-10-26_23-42-41_0.705m_v1.npz...
2026-04-12 18:35:30.368 | INFO     | gr00t.rl.utils.teleop_reset_lib.motion_loader_wsppt:__init__:178 - Motion loaded: duration: 11.34 sec, frames: 568
2026-04-12 18:35:30.368 | INFO     | gr00t.rl.utils.teleop_reset_lib.motion_loader_wsppt:from_file:184 - Loading motion from gr00t/rl/data/motions/g1_wsdpt/33demos_675_775/record_2025-10-26_23-09-38_0.695_v1.npz...
2026-04-12 18:35:30.372 | INFO     | gr00t.rl.utils.teleop_reset_lib.motion_loader_wsppt:__init__:178 - Motion loaded: duration: 13.120000000000001 sec, frames: 657
2026-04-12 18:35:30.373 | INFO     | gr00t.rl.utils.teleop_reset_lib.motion_loader_wsppt:from_file:184 - Loading motion from gr00t/rl/data/motions/g1_wsdpt/33demos_675_775/record_2025-10-31_03-28-48_0.734m.npz...
2026-04-12 18:35:30.376 | INFO     | gr00t.rl.utils.teleop_reset_lib.motion_loader_wsppt:__init__:178 - Motion loaded: duration: 12.94 sec, frames: 648
2026-04-12 18:35:30.377 | INFO     | gr00t.rl.utils.teleop_reset_lib.motion_loader_wsppt:from_file:184 - Loading motion from gr00t/rl/data/motions/g1_wsdpt/33demos_675_775/record_2025-10-14_21-35-38_0.675m.npz...
2026-04-12 18:35:30.380 | INFO     | gr00t.rl.utils.teleop_reset_lib.motion_loader_wsppt:__init__:178 - Motion loaded: duration: 11.24 sec, frames: 563
2026-04-12 18:35:30.381 | INFO     | gr00t.rl.utils.teleop_reset_lib.motion_loader_wsppt:from_file:184 - Loading motion from gr00t/rl/data/motions/g1_wsdpt/33demos_675_775/record_2025-10-26_23-49-56_0.715m_v0.npz...
2026-04-12 18:35:30.385 | INFO     | gr00t.rl.utils.teleop_reset_lib.motion_loader_wsppt:__init__:178 - Motion loaded: duration: 14.94 sec, frames: 748
2026-04-12 18:35:30.385 | INFO     | gr00t.rl.utils.teleop_reset_lib.motion_loader_wsppt:from_file:184 - Loading motion from gr00t/rl/data/motions/g1_wsdpt/33demos_675_775/record_2025-10-27_01-47-36_0.765m_v0.npz...
2026-04-12 18:35:30.389 | INFO     | gr00t.rl.utils.teleop_reset_lib.motion_loader_wsppt:__init__:178 - Motion loaded: duration: 12.46 sec, frames: 624
2026-04-12 18:35:30.389 | INFO     | gr00t.rl.utils.teleop_reset_lib.motion_loader_wsppt:from_file:184 - Loading motion from gr00t/rl/data/motions/g1_wsdpt/33demos_675_775/record_2025-10-14_22-05-35_0.750m.npz...
2026-04-12 18:35:30.393 | INFO     | gr00t.rl.utils.teleop_reset_lib.motion_loader_wsppt:__init__:178 - Motion loaded: duration: 8.58 sec, frames: 430
2026-04-12 18:35:30.393 | INFO     | gr00t.rl.utils.teleop_reset_lib.motion_loader_wsppt:from_file:184 - Loading motion from gr00t/rl/data/motions/g1_wsdpt/33demos_675_775/record_2025-10-26_22-10-53_0.675m_v0.npz...
2026-04-12 18:35:30.398 | INFO     | gr00t.rl.utils.teleop_reset_lib.motion_loader_wsppt:__init__:178 - Motion loaded: duration: 13.16 sec, frames: 659
2026-04-12 18:35:30.398 | INFO     | gr00t.rl.utils.teleop_reset_lib.motion_loader_wsppt:from_file:184 - Loading motion from gr00t/rl/data/motions/g1_wsdpt/33demos_675_775/record_2025-10-31_04-43-50_0.707m.npz...
2026-04-12 18:35:30.402 | INFO     | gr00t.rl.utils.teleop_reset_lib.motion_loader_wsppt:__init__:178 - Motion loaded: duration: 11.84 sec, frames: 593
2026-04-12 18:35:30.402 | INFO     | gr00t.rl.utils.teleop_reset_lib.motion_loader_wsppt:from_file:184 - Loading motion from gr00t/rl/data/motions/g1_wsdpt/33demos_675_775/record_2025-10-26_23-26-49_0.705m_v0.npz...
2026-04-12 18:35:30.406 | INFO     | gr00t.rl.utils.teleop_reset_lib.motion_loader_wsppt:__init__:178 - Motion loaded: duration: 12.32 sec, frames: 617
2026-04-12 18:35:30.407 | INFO     | gr00t.rl.utils.teleop_reset_lib.motion_loader_wsppt:from_file:184 - Loading motion from gr00t/rl/data/motions/g1_wsdpt/33demos_675_775/record_2025-10-27_01-17-23_0.745m_v0.npz...
2026-04-12 18:35:30.410 | INFO     | gr00t.rl.utils.teleop_reset_lib.motion_loader_wsppt:__init__:178 - Motion loaded: duration: 12.36 sec, frames: 619
2026-04-12 18:35:30.411 | INFO     | gr00t.rl.utils.teleop_reset_lib.motion_loader_wsppt:from_file:184 - Loading motion from gr00t/rl/data/motions/g1_wsdpt/33demos_675_775/record_2025-10-31_04-17-12_0.667m..npz...
2026-04-12 18:35:30.415 | INFO     | gr00t.rl.utils.teleop_reset_lib.motion_loader_wsppt:__init__:178 - Motion loaded: duration: 10.88 sec, frames: 545
2026-04-12 18:35:30.416 | INFO     | gr00t.rl.utils.teleop_reset_lib.motion_loader_wsppt:from_file:184 - Loading motion from gr00t/rl/data/motions/g1_wsdpt/33demos_675_775/record_2025-10-31_04-49-49_0.717m.npz...
2026-04-12 18:35:30.419 | INFO     | gr00t.rl.utils.teleop_reset_lib.motion_loader_wsppt:__init__:178 - Motion loaded: duration: 11.24 sec, frames: 563
2026-04-12 18:35:30.420 | INFO     | gr00t.rl.utils.teleop_reset_lib.motion_loader_wsppt:from_file:184 - Loading motion from gr00t/rl/data/motions/g1_wsdpt/33demos_675_775/record_2025-10-31_03-49-30_0.684m.npz...
2026-04-12 18:35:30.424 | INFO     | gr00t.rl.utils.teleop_reset_lib.motion_loader_wsppt:__init__:178 - Motion loaded: duration: 12.46 sec, frames: 624
2026-04-12 18:35:30.424 | INFO     | gr00t.rl.utils.teleop_reset_lib.motion_loader_wsppt:from_file:184 - Loading motion from gr00t/rl/data/motions/g1_wsdpt/33demos_675_775/record_2025-10-31_03-43-06_0.664m.npz...
2026-04-12 18:35:30.429 | INFO     | gr00t.rl.utils.teleop_reset_lib.motion_loader_wsppt:__init__:178 - Motion loaded: duration: 17.86 sec, frames: 894
2026-04-12 18:35:30.430 | INFO     | gr00t.rl.utils.teleop_reset_lib.motion_loader_wsppt:from_file:184 - Loading motion from gr00t/rl/data/motions/g1_wsdpt/33demos_675_775/record_2025-10-27_00-45-05_0.725m_v1.npz...
2026-04-12 18:35:30.433 | INFO     | gr00t.rl.utils.teleop_reset_lib.motion_loader_wsppt:__init__:178 - Motion loaded: duration: 10.78 sec, frames: 540
2026-04-12 18:35:30.433 | INFO     | gr00t.rl.utils.teleop_reset_lib.motion_loader_wsppt:from_file:184 - Loading motion from gr00t/rl/data/motions/g1_wsdpt/33demos_675_775/record_2025-10-31_03-15-45_0.694m.npz...
2026-04-12 18:35:30.437 | INFO     | gr00t.rl.utils.teleop_reset_lib.motion_loader_wsppt:__init__:178 - Motion loaded: duration: 13.540000000000001 sec, frames: 678
2026-04-12 18:35:30.438 | INFO     | gr00t.rl.utils.teleop_reset_lib.motion_loader_wsppt:from_file:184 - Loading motion from gr00t/rl/data/motions/g1_wsdpt/33demos_675_775/record_2025-10-27_00-00-22_0.715m_v1.npz...
2026-04-12 18:35:30.441 | INFO     | gr00t.rl.utils.teleop_reset_lib.motion_loader_wsppt:__init__:178 - Motion loaded: duration: 10.9 sec, frames: 546
2026-04-12 18:35:30.441 | INFO     | gr00t.rl.utils.teleop_reset_lib.motion_loader_wsppt:from_file:184 - Loading motion from gr00t/rl/data/motions/g1_wsdpt/33demos_675_775/record_2025-10-14_22-19-17_0.775m.npz...
2026-04-12 18:35:30.446 | INFO     | gr00t.rl.utils.teleop_reset_lib.motion_loader_wsppt:__init__:178 - Motion loaded: duration: 11.82 sec, frames: 592
2026-04-12 18:35:30.446 | INFO     | gr00t.rl.utils.teleop_reset_lib.motion_loader_wsppt:from_file:184 - Loading motion from gr00t/rl/data/motions/g1_wsdpt/33demos_675_775/record_2025-10-31_04-23-16_0.677m.npz...
2026-04-12 18:35:30.450 | INFO     | gr00t.rl.utils.teleop_reset_lib.motion_loader_wsppt:__init__:178 - Motion loaded: duration: 12.46 sec, frames: 624
2026-04-12 18:35:30.450 | INFO     | gr00t.rl.utils.teleop_reset_lib.motion_loader_wsppt:from_file:184 - Loading motion from gr00t/rl/data/motions/g1_wsdpt/33demos_675_775/record_2025-10-27_01-19-04_0.745m_v0.npz...
2026-04-12 18:35:30.454 | INFO     | gr00t.rl.utils.teleop_reset_lib.motion_loader_wsppt:__init__:178 - Motion loaded: duration: 11.66 sec, frames: 584
2026-04-12 18:35:30.454 | INFO     | gr00t.rl.utils.teleop_reset_lib.motion_loader_wsppt:from_file:184 - Loading motion from gr00t/rl/data/motions/g1_wsdpt/33demos_675_775/record_2025-10-26_23-46-37_0.715m_v0.npz...
2026-04-12 18:35:30.458 | INFO     | gr00t.rl.utils.teleop_reset_lib.motion_loader_wsppt:__init__:178 - Motion loaded: duration: 12.42 sec, frames: 622
2026-04-12 18:35:30.458 | INFO     | gr00t.rl.utils.teleop_reset_lib.motion_loader_wsppt:from_file:184 - Loading motion from gr00t/rl/data/motions/g1_wsdpt/33demos_675_775/record_2025-10-27_00-39-36_0.725m_v1.npz...
2026-04-12 18:35:30.462 | INFO     | gr00t.rl.utils.teleop_reset_lib.motion_loader_wsppt:__init__:178 - Motion loaded: duration: 13.66 sec, frames: 684
2026-04-12 18:35:30.462 | INFO     | gr00t.rl.utils.teleop_reset_lib.motion_loader_wsppt:from_file:184 - Loading motion from gr00t/rl/data/motions/g1_wsdpt/33demos_675_775/record_2025-10-31_03-10-40_0.674m.npz...
2026-04-12 18:35:30.467 | INFO     | gr00t.rl.utils.teleop_reset_lib.motion_loader_wsppt:__init__:178 - Motion loaded: duration: 15.46 sec, frames: 774
2026-04-12 18:35:30.467 | INFO     | gr00t.rl.utils.teleop_reset_lib.motion_loader_wsppt:from_file:184 - Loading motion from gr00t/rl/data/motions/g1_wsdpt/33demos_675_775/record_2025-10-27_02-01-18_0.775m_v0.npz...
2026-04-12 18:35:30.471 | INFO     | gr00t.rl.utils.teleop_reset_lib.motion_loader_wsppt:__init__:178 - Motion loaded: duration: 10.92 sec, frames: 547
2026-04-12 18:35:30.471 | INFO     | gr00t.rl.utils.teleop_reset_lib.motion_loader_wsppt:from_file:184 - Loading motion from gr00t/rl/data/motions/g1_wsdpt/33demos_675_775/record_2025-10-31_04-42-00_0.707m.npz...
2026-04-12 18:35:30.475 | INFO     | gr00t.rl.utils.teleop_reset_lib.motion_loader_wsppt:__init__:178 - Motion loaded: duration: 11.34 sec, frames: 568
2026-04-12 18:35:30.476 | INFO     | gr00t.rl.utils.teleop_reset_lib.motion_loader_wsppt:from_file:184 - Loading motion from gr00t/rl/data/motions/g1_wsdpt/33demos_675_775/record_2025-10-27_00-55-59_0.735m_v0.npz...
2026-04-12 18:35:30.480 | INFO     | gr00t.rl.utils.teleop_reset_lib.motion_loader_wsppt:__init__:178 - Motion loaded: duration: 14.040000000000001 sec, frames: 703
2026-04-12 18:35:30.480 | INFO     | gr00t.rl.utils.teleop_reset_lib.motion_loader_wsppt:from_file:184 - Loading motion from gr00t/rl/data/motions/g1_wsdpt/33demos_675_775/record_2025-10-26_23-38-02_0.705m_v1.npz...
2026-04-12 18:35:30.484 | INFO     | gr00t.rl.utils.teleop_reset_lib.motion_loader_wsppt:__init__:178 - Motion loaded: duration: 11.66 sec, frames: 584
2026-04-12 18:35:30.484 | INFO     | gr00t.rl.utils.teleop_reset_lib.motion_loader_wsppt:from_file:184 - Loading motion from gr00t/rl/data/motions/g1_wsdpt/33demos_675_775/record_2025-10-27_01-16-17_0.745m_v0.npz...
2026-04-12 18:35:30.488 | INFO     | gr00t.rl.utils.teleop_reset_lib.motion_loader_wsppt:__init__:178 - Motion loaded: duration: 10.26 sec, frames: 514
2026-04-12 18:35:30.488 | INFO     | gr00t.rl.utils.teleop_reset_lib.motion_loader_wsppt:from_file:184 - Loading motion from gr00t/rl/data/motions/g1_wsdpt/33demos_675_775/record_2025-10-27_00-50-57_0.735m_v0.npz...
2026-04-12 18:35:30.492 | INFO     | gr00t.rl.utils.teleop_reset_lib.motion_loader_wsppt:__init__:178 - Motion loaded: duration: 13.8 sec, frames: 691
2026-04-12 18:35:30.492 | INFO     | gr00t.rl.utils.teleop_reset_lib.motion_loader_wsppt:from_file:184 - Loading motion from gr00t/rl/data/motions/g1_wsdpt/33demos_675_775/record_2025-10-27_01-55-09_0.765m_v0.npz...
2026-04-12 18:35:30.496 | INFO     | gr00t.rl.utils.teleop_reset_lib.motion_loader_wsppt:__init__:178 - Motion loaded: duration: 10.22 sec, frames: 512
2026-04-12 18:35:30.497 | INFO     | gr00t.rl.utils.teleop_reset_lib.motion_loader_wsppt:from_file:184 - Loading motion from gr00t/rl/data/motions/g1_wsdpt/33demos_675_775/record_2025-10-14_21-50-22_0.725m.npz...
2026-04-12 18:35:30.500 | INFO     | gr00t.rl.utils.teleop_reset_lib.motion_loader_wsppt:__init__:178 - Motion loaded: duration: 10.42 sec, frames: 522
2026-04-12 18:35:30.500 | INFO     | gr00t.rl.utils.teleop_reset_lib.motion_loader_wsppt:from_file:184 - Loading motion from gr00t/rl/data/motions/g1_wsdpt/33demos_675_775/record_2025-10-26_22-33-07_0.685m_v0..npz...
2026-04-12 18:35:30.505 | INFO     | gr00t.rl.utils.teleop_reset_lib.motion_loader_wsppt:__init__:178 - Motion loaded: duration: 15.76 sec, frames: 789
2026-04-12 18:35:30.505 | INFO     | gr00t.rl.utils.teleop_reset_lib.motion_loader_wsppt:from_file:184 - Loading motion from gr00t/rl/data/motions/g1_wsdpt/33demos_675_775/record_2025-10-26_23-47-18_0.715m_v0.npz...
2026-04-12 18:35:30.509 | INFO     | gr00t.rl.utils.teleop_reset_lib.motion_loader_wsppt:__init__:178 - Motion loaded: duration: 11.540000000000001 sec, frames: 578
2026-04-12 18:35:30.509 | INFO     | gr00t.rl.utils.teleop_reset_lib.motion_loader_wsppt:from_file:184 - Loading motion from gr00t/rl/data/motions/g1_wsdpt/33demos_675_775/record_2025-10-31_03-48-50_0.684m.npz...
2026-04-12 18:35:30.513 | INFO     | gr00t.rl.utils.teleop_reset_lib.motion_loader_wsppt:__init__:178 - Motion loaded: duration: 12.8 sec, frames: 641
2026-04-12 18:35:30.513 | INFO     | gr00t.rl.utils.teleop_reset_lib.motion_loader_wsppt:from_file:184 - Loading motion from gr00t/rl/data/motions/g1_wsdpt/33demos_675_775/record_2025-10-27_00-32-31_0.725m_v0.npz...
2026-04-12 18:35:30.518 | INFO     | gr00t.rl.utils.teleop_reset_lib.motion_loader_wsppt:__init__:178 - Motion loaded: duration: 14.98 sec, frames: 750
2026-04-12 18:35:30.518 | INFO     | gr00t.rl.utils.teleop_reset_lib.motion_loader_wsppt:from_file:184 - Loading motion from gr00t/rl/data/motions/g1_wsdpt/33demos_675_775/record_2025-10-27_00-44-34_0.725m_v1.npz...
2026-04-12 18:35:30.521 | INFO     | gr00t.rl.utils.teleop_reset_lib.motion_loader_wsppt:__init__:178 - Motion loaded: duration: 10.46 sec, frames: 524
2026-04-12 18:35:30.522 | INFO     | gr00t.rl.utils.teleop_reset_lib.motion_loader_wsppt:from_file:184 - Loading motion from gr00t/rl/data/motions/g1_wsdpt/33demos_675_775/record_2025-10-27_01-51-57_0.765m_v0.npz...
2026-04-12 18:35:30.525 | INFO     | gr00t.rl.utils.teleop_reset_lib.motion_loader_wsppt:__init__:178 - Motion loaded: duration: 10.48 sec, frames: 525
2026-04-12 18:35:30.526 | INFO     | gr00t.rl.utils.teleop_reset_lib.motion_loader_wsppt:from_file:184 - Loading motion from gr00t/rl/data/motions/g1_wsdpt/33demos_675_775/record_2025-10-27_01-10-59_0.735m_v1.npz...
2026-04-12 18:35:30.530 | INFO     | gr00t.rl.utils.teleop_reset_lib.motion_loader_wsppt:__init__:178 - Motion loaded: duration: 12.700000000000001 sec, frames: 636
2026-04-12 18:35:30.530 | INFO     | gr00t.rl.utils.teleop_reset_lib.motion_loader_wsppt:from_file:184 - Loading motion from gr00t/rl/data/motions/g1_wsdpt/33demos_675_775/record_2025-10-31_03-16-47_0.694m.npz...
2026-04-12 18:35:30.534 | INFO     | gr00t.rl.utils.teleop_reset_lib.motion_loader_wsppt:__init__:178 - Motion loaded: duration: 13.24 sec, frames: 663
2026-04-12 18:35:30.534 | INFO     | gr00t.rl.utils.teleop_reset_lib.motion_loader_wsppt:from_file:184 - Loading motion from gr00t/rl/data/motions/g1_wsdpt/33demos_675_775/record_2025-10-26_22-59-06_0.695m_v0.npz...
2026-04-12 18:35:30.538 | INFO     | gr00t.rl.utils.teleop_reset_lib.motion_loader_wsppt:__init__:178 - Motion loaded: duration: 12.14 sec, frames: 608
2026-04-12 18:35:30.538 | INFO     | gr00t.rl.utils.teleop_reset_lib.motion_loader_wsppt:from_file:184 - Loading motion from gr00t/rl/data/motions/g1_wsdpt/33demos_675_775/record_2025-10-27_01-50-06_0.765m_v0.npz...
2026-04-12 18:35:30.542 | INFO     | gr00t.rl.utils.teleop_reset_lib.motion_loader_wsppt:__init__:178 - Motion loaded: duration: 12.14 sec, frames: 608
2026-04-12 18:35:30.542 | INFO     | gr00t.rl.utils.teleop_reset_lib.motion_loader_wsppt:from_file:184 - Loading motion from gr00t/rl/data/motions/g1_wsdpt/33demos_675_775/record_2025-10-26_23-45-04_0.715m_v0.npz...
2026-04-12 18:35:30.546 | INFO     | gr00t.rl.utils.teleop_reset_lib.motion_loader_wsppt:__init__:178 - Motion loaded: duration: 11.94 sec, frames: 598
2026-04-12 18:35:30.546 | INFO     | gr00t.rl.utils.teleop_reset_lib.motion_loader_wsppt:from_file:184 - Loading motion from gr00t/rl/data/motions/g1_wsdpt/33demos_675_775/record_2025-10-26_22-34-53_0.685m_v0..npz...
2026-04-12 18:35:30.550 | INFO     | gr00t.rl.utils.teleop_reset_lib.motion_loader_wsppt:__init__:178 - Motion loaded: duration: 11.22 sec, frames: 562
2026-04-12 18:35:30.550 | INFO     | gr00t.rl.utils.teleop_reset_lib.motion_loader_wsppt:from_file:184 - Loading motion from gr00t/rl/data/motions/g1_wsdpt/33demos_675_775/record_2025-10-27_01-34-07_0.755m_v0.npz...
2026-04-12 18:35:30.554 | INFO     | gr00t.rl.utils.teleop_reset_lib.motion_loader_wsppt:__init__:178 - Motion loaded: duration: 11.24 sec, frames: 563
2026-04-12 18:35:30.554 | INFO     | gr00t.rl.utils.teleop_reset_lib.motion_loader_wsppt:from_file:184 - Loading motion from gr00t/rl/data/motions/g1_wsdpt/33demos_675_775/record_2025-10-26_23-26-13_0.705m_v0.npz...
2026-04-12 18:35:30.559 | INFO     | gr00t.rl.utils.teleop_reset_lib.motion_loader_wsppt:__init__:178 - Motion loaded: duration: 13.98 sec, frames: 700
2026-04-12 18:35:30.559 | INFO     | gr00t.rl.utils.teleop_reset_lib.motion_loader_wsppt:from_file:184 - Loading motion from gr00t/rl/data/motions/g1_wsdpt/33demos_675_775/record_2025-10-14_21-44-20_0.700m.npz...
2026-04-12 18:35:30.563 | INFO     | gr00t.rl.utils.teleop_reset_lib.motion_loader_wsppt:__init__:178 - Motion loaded: duration: 9.66 sec, frames: 484
2026-04-12 18:35:30.563 | INFO     | gr00t.rl.utils.teleop_reset_lib.motion_loader_wsppt:from_file:184 - Loading motion from gr00t/rl/data/motions/g1_wsdpt/33demos_675_775/record_2025-10-27_02-06-17_0.775m_v0.npz...
2026-04-12 18:35:30.566 | INFO     | gr00t.rl.utils.teleop_reset_lib.motion_loader_wsppt:__init__:178 - Motion loaded: duration: 10.540000000000001 sec, frames: 528
2026-04-12 18:35:30.567 | INFO     | gr00t.rl.utils.teleop_reset_lib.motion_loader_wsppt:from_file:184 - Loading motion from gr00t/rl/data/motions/g1_wsdpt/33demos_675_775/record_2025-10-27_01-30-43_0.755m_v0.npz...
2026-04-12 18:35:30.570 | INFO     | gr00t.rl.utils.teleop_reset_lib.motion_loader_wsppt:__init__:178 - Motion loaded: duration: 10.36 sec, frames: 519
2026-04-12 18:35:30.570 | INFO     | gr00t.rl.utils.teleop_reset_lib.motion_loader_wsppt:from_file:184 - Loading motion from gr00t/rl/data/motions/g1_wsdpt/33demos_675_775/record_2025-10-26_22-45-52_0.685m_v1.npz...
2026-04-12 18:35:30.575 | INFO     | gr00t.rl.utils.teleop_reset_lib.motion_loader_wsppt:__init__:178 - Motion loaded: duration: 12.82 sec, frames: 642
2026-04-12 18:35:30.575 | INFO     | gr00t.rl.utils.teleop_reset_lib.motion_loader_wsppt:from_file:184 - Loading motion from gr00t/rl/data/motions/g1_wsdpt/33demos_675_775/record_2025-10-27_01-18-08_0.745m_v0.npz...
2026-04-12 18:35:30.578 | INFO     | gr00t.rl.utils.teleop_reset_lib.motion_loader_wsppt:__init__:178 - Motion loaded: duration: 11.6 sec, frames: 581
2026-04-12 18:35:30.579 | INFO     | gr00t.rl.utils.teleop_reset_lib.motion_loader_wsppt:from_file:184 - Loading motion from gr00t/rl/data/motions/g1_wsdpt/33demos_675_775/record_2025-10-26_23-03-22_0.695m_v0.npz...
2026-04-12 18:35:30.583 | INFO     | gr00t.rl.utils.teleop_reset_lib.motion_loader_wsppt:__init__:178 - Motion loaded: duration: 13.58 sec, frames: 680
2026-04-12 18:35:30.583 | INFO     | gr00t.rl.utils.teleop_reset_lib.motion_loader_wsppt:from_file:184 - Loading motion from gr00t/rl/data/motions/g1_wsdpt/33demos_675_775/record_2025-10-31_04-33-06_0.687m.npz...
2026-04-12 18:35:30.587 | INFO     | gr00t.rl.utils.teleop_reset_lib.motion_loader_wsppt:__init__:178 - Motion loaded: duration: 10.44 sec, frames: 523
2026-04-12 18:35:30.587 | INFO     | gr00t.rl.utils.teleop_reset_lib.motion_loader_wsppt:from_file:184 - Loading motion from gr00t/rl/data/motions/g1_wsdpt/33demos_675_775/record_2025-10-26_22-18-09_0.675m_v1.npz...
2026-04-12 18:35:30.592 | INFO     | gr00t.rl.utils.teleop_reset_lib.motion_loader_wsppt:__init__:178 - Motion loaded: duration: 15.58 sec, frames: 780
2026-04-12 18:35:30.593 | INFO     | gr00t.rl.utils.teleop_reset_lib.motion_loader_wsppt:from_file:184 - Loading motion from gr00t/rl/data/motions/g1_wsdpt/33demos_675_775/record_2025-10-27_00-40-17_0.725m_v1.npz...
2026-04-12 18:35:30.597 | INFO     | gr00t.rl.utils.teleop_reset_lib.motion_loader_wsppt:__init__:178 - Motion loaded: duration: 13.44 sec, frames: 673
2026-04-12 18:35:30.597 | INFO     | gr00t.rl.utils.teleop_reset_lib.motion_loader_wsppt:from_file:184 - Loading motion from gr00t/rl/data/motions/g1_wsdpt/33demos_675_775/record_2025-10-27_01-02-28_0.735m_v0.npz...
2026-04-12 18:35:30.601 | INFO     | gr00t.rl.utils.teleop_reset_lib.motion_loader_wsppt:__init__:178 - Motion loaded: duration: 12.6 sec, frames: 631
2026-04-12 18:35:30.601 | INFO     | gr00t.rl.utils.teleop_reset_lib.motion_loader_wsppt:from_file:184 - Loading motion from gr00t/rl/data/motions/g1_wsdpt/33demos_675_775/record_2025-10-31_04-18-01_0.667m..npz...
2026-04-12 18:35:30.605 | INFO     | gr00t.rl.utils.teleop_reset_lib.motion_loader_wsppt:__init__:178 - Motion loaded: duration: 11.6 sec, frames: 581
2026-04-12 18:35:30.605 | INFO     | gr00t.rl.utils.teleop_reset_lib.motion_loader_wsppt:from_file:184 - Loading motion from gr00t/rl/data/motions/g1_wsdpt/33demos_675_775/record_2025-10-26_22-11-32_0.675m_v0.npz...
2026-04-12 18:35:30.609 | INFO     | gr00t.rl.utils.teleop_reset_lib.motion_loader_wsppt:__init__:178 - Motion loaded: duration: 11.96 sec, frames: 599
2026-04-12 18:35:30.609 | INFO     | gr00t.rl.utils.teleop_reset_lib.motion_loader_wsppt:from_file:184 - Loading motion from gr00t/rl/data/motions/g1_wsdpt/33demos_675_775/record_2025-10-14_21-52-25_0.725m.npz...
2026-04-12 18:35:30.613 | INFO     | gr00t.rl.utils.teleop_reset_lib.motion_loader_wsppt:__init__:178 - Motion loaded: duration: 9.9 sec, frames: 496
2026-04-12 18:35:30.614 | INFO     | gr00t.rl.utils.teleop_reset_lib.motion_loader_wsppt:from_file:184 - Loading motion from gr00t/rl/data/motions/g1_wsdpt/33demos_675_775/record_2025-10-27_01-52-58_0.765m_v0.npz...
2026-04-12 18:35:30.618 | INFO     | gr00t.rl.utils.teleop_reset_lib.motion_loader_wsppt:__init__:178 - Motion loaded: duration: 11.88 sec, frames: 595
2026-04-12 18:35:30.618 | INFO     | gr00t.rl.utils.teleop_reset_lib.motion_loader_wsppt:from_file:184 - Loading motion from gr00t/rl/data/motions/g1_wsdpt/33demos_675_775/record_2025-10-26_22-16-54_0.675m_v1.npz...
2026-04-12 18:35:30.622 | INFO     | gr00t.rl.utils.teleop_reset_lib.motion_loader_wsppt:__init__:178 - Motion loaded: duration: 11.76 sec, frames: 589
2026-04-12 18:35:30.622 | INFO     | gr00t.rl.utils.teleop_reset_lib.motion_loader_wsppt:from_file:184 - Loading motion from gr00t/rl/data/motions/g1_wsdpt/33demos_675_775/record_2025-10-27_01-41-35_0.755m_v1.npz...
2026-04-12 18:35:30.626 | INFO     | gr00t.rl.utils.teleop_reset_lib.motion_loader_wsppt:__init__:178 - Motion loaded: duration: 11.34 sec, frames: 568
2026-04-12 18:35:30.626 | INFO     | gr00t.rl.utils.teleop_reset_lib.motion_loader_wsppt:from_file:184 - Loading motion from gr00t/rl/data/motions/g1_wsdpt/33demos_675_775/record_2025-10-26_23-45-49_0.715m_v0.npz...
2026-04-12 18:35:30.630 | INFO     | gr00t.rl.utils.teleop_reset_lib.motion_loader_wsppt:__init__:178 - Motion loaded: duration: 12.02 sec, frames: 602
2026-04-12 18:35:30.631 | INFO     | gr00t.rl.utils.teleop_reset_lib.motion_loader_wsppt:from_file:184 - Loading motion from gr00t/rl/data/motions/g1_wsdpt/33demos_675_775/record_2025-10-26_23-28-38_0.705m_v0.npz...
2026-04-12 18:35:30.634 | INFO     | gr00t.rl.utils.teleop_reset_lib.motion_loader_wsppt:__init__:178 - Motion loaded: duration: 12.16 sec, frames: 609
2026-04-12 18:35:30.635 | INFO     | gr00t.rl.utils.teleop_reset_lib.motion_loader_wsppt:from_file:184 - Loading motion from gr00t/rl/data/motions/g1_wsdpt/33demos_675_775/record_2025-10-27_01-01-55_0.735m_v0.npz...
2026-04-12 18:35:30.638 | INFO     | gr00t.rl.utils.teleop_reset_lib.motion_loader_wsppt:__init__:178 - Motion loaded: duration: 9.700000000000001 sec, frames: 486
2026-04-12 18:35:30.639 | INFO     | gr00t.rl.utils.teleop_reset_lib.motion_loader_wsppt:from_file:184 - Loading motion from gr00t/rl/data/motions/g1_wsdpt/33demos_675_775/record_2025-10-27_00-57-19_0.735m_v0.npz...
2026-04-12 18:35:30.643 | INFO     | gr00t.rl.utils.teleop_reset_lib.motion_loader_wsppt:__init__:178 - Motion loaded: duration: 13.700000000000001 sec, frames: 686
2026-04-12 18:35:30.643 | INFO     | gr00t.rl.utils.teleop_reset_lib.motion_loader_wsppt:from_file:184 - Loading motion from gr00t/rl/data/motions/g1_wsdpt/33demos_675_775/record_2025-10-27_00-25-51_0.725m_v0.npz...
2026-04-12 18:35:30.649 | INFO     | gr00t.rl.utils.teleop_reset_lib.motion_loader_wsppt:__init__:178 - Motion loaded: duration: 17.64 sec, frames: 883
2026-04-12 18:35:30.649 | INFO     | gr00t.rl.utils.teleop_reset_lib.motion_loader_wsppt:from_file:184 - Loading motion from gr00t/rl/data/motions/g1_wsdpt/33demos_675_775/record_2025-10-27_01-53-52_0.765m_v0.npz...
2026-04-12 18:35:30.652 | INFO     | gr00t.rl.utils.teleop_reset_lib.motion_loader_wsppt:__init__:178 - Motion loaded: duration: 11.56 sec, frames: 579
2026-04-12 18:35:30.653 | INFO     | gr00t.rl.utils.teleop_reset_lib.motion_loader_wsppt:from_file:184 - Loading motion from gr00t/rl/data/motions/g1_wsdpt/33demos_675_775/record_2025-10-27_00-59-03_0.735m_v0.npz...
2026-04-12 18:35:30.656 | INFO     | gr00t.rl.utils.teleop_reset_lib.motion_loader_wsppt:__init__:178 - Motion loaded: duration: 10.08 sec, frames: 505
2026-04-12 18:35:30.656 | INFO     | gr00t.rl.utils.teleop_reset_lib.motion_loader_wsppt:from_file:184 - Loading motion from gr00t/rl/data/motions/g1_wsdpt/33demos_675_775/record_2025-10-27_00-43-44_0.725m_v1.npz...
2026-04-12 18:35:30.660 | INFO     | gr00t.rl.utils.teleop_reset_lib.motion_loader_wsppt:__init__:178 - Motion loaded: duration: 13.46 sec, frames: 674
2026-04-12 18:35:30.661 | INFO     | gr00t.rl.utils.teleop_reset_lib.motion_loader_wsppt:from_file:184 - Loading motion from gr00t/rl/data/motions/g1_wsdpt/33demos_675_775/record_2025-10-27_01-29-35_0.755m_v0.npz...
2026-04-12 18:35:30.664 | INFO     | gr00t.rl.utils.teleop_reset_lib.motion_loader_wsppt:__init__:178 - Motion loaded: duration: 11.0 sec, frames: 551
2026-04-12 18:35:30.665 | INFO     | gr00t.rl.utils.teleop_reset_lib.motion_loader_wsppt:from_file:184 - Loading motion from gr00t/rl/data/motions/g1_wsdpt/33demos_675_775/record_2025-10-27_01-52-25_0.765m_v0.npz...
2026-04-12 18:35:30.668 | INFO     | gr00t.rl.utils.teleop_reset_lib.motion_loader_wsppt:__init__:178 - Motion loaded: duration: 11.4 sec, frames: 571
2026-04-12 18:35:30.669 | INFO     | gr00t.rl.utils.teleop_reset_lib.motion_loader_wsppt:from_file:184 - Loading motion from gr00t/rl/data/motions/g1_wsdpt/33demos_675_775/record_2025-10-27_01-40-26_0.755m_v1.npz...
2026-04-12 18:35:30.673 | INFO     | gr00t.rl.utils.teleop_reset_lib.motion_loader_wsppt:__init__:178 - Motion loaded: duration: 12.74 sec, frames: 638
2026-04-12 18:35:30.673 | INFO     | gr00t.rl.utils.teleop_reset_lib.motion_loader_wsppt:from_file:184 - Loading motion from gr00t/rl/data/motions/g1_wsdpt/33demos_675_775/record_2025-10-26_23-36-02_0.705m_v1.npz...
2026-04-12 18:35:30.677 | INFO     | gr00t.rl.utils.teleop_reset_lib.motion_loader_wsppt:__init__:178 - Motion loaded: duration: 13.18 sec, frames: 660
2026-04-12 18:35:30.677 | INFO     | gr00t.rl.utils.teleop_reset_lib.motion_loader_wsppt:from_file:184 - Loading motion from gr00t/rl/data/motions/g1_wsdpt/33demos_675_775/record_2025-10-26_22-09-58_0.675m_v0.npz...
2026-04-12 18:35:30.681 | INFO     | gr00t.rl.utils.teleop_reset_lib.motion_loader_wsppt:__init__:178 - Motion loaded: duration: 10.46 sec, frames: 524
2026-04-12 18:35:30.681 | INFO     | gr00t.rl.utils.teleop_reset_lib.motion_loader_wsppt:from_file:184 - Loading motion from gr00t/rl/data/motions/g1_wsdpt/33demos_675_775/record_2025-10-26_23-14-50_0.695_v1.npz...
2026-04-12 18:35:30.685 | INFO     | gr00t.rl.utils.teleop_reset_lib.motion_loader_wsppt:__init__:178 - Motion loaded: duration: 12.24 sec, frames: 613
2026-04-12 18:35:30.685 | INFO     | gr00t.rl.utils.teleop_reset_lib.motion_loader_wsppt:from_file:184 - Loading motion from gr00t/rl/data/motions/g1_wsdpt/33demos_675_775/record_2025-10-26_22-32-35_0.685m_v0..npz...
2026-04-12 18:35:30.689 | INFO     | gr00t.rl.utils.teleop_reset_lib.motion_loader_wsppt:__init__:178 - Motion loaded: duration: 12.5 sec, frames: 626
2026-04-12 18:35:30.689 | INFO     | gr00t.rl.utils.teleop_reset_lib.motion_loader_wsppt:from_file:184 - Loading motion from gr00t/rl/data/motions/g1_wsdpt/33demos_675_775/record_2025-10-14_22-15-49_0.775m.npz...
2026-04-12 18:35:30.693 | INFO     | gr00t.rl.utils.teleop_reset_lib.motion_loader_wsppt:__init__:178 - Motion loaded: duration: 9.4 sec, frames: 471
2026-04-12 18:35:30.693 | INFO     | gr00t.rl.utils.teleop_reset_lib.motion_loader_wsppt:from_file:184 - Loading motion from gr00t/rl/data/motions/g1_wsdpt/33demos_675_775/record_2025-10-27_02-02-41_0.775m_v0.npz...
2026-04-12 18:35:30.697 | INFO     | gr00t.rl.utils.teleop_reset_lib.motion_loader_wsppt:__init__:178 - Motion loaded: duration: 11.46 sec, frames: 574
2026-04-12 18:35:30.697 | INFO     | gr00t.rl.utils.teleop_reset_lib.motion_loader_wsppt:from_file:184 - Loading motion from gr00t/rl/data/motions/g1_wsdpt/33demos_675_775/record_2025-10-14_21-32-36_0.675m.npz...
2026-04-12 18:35:30.701 | INFO     | gr00t.rl.utils.teleop_reset_lib.motion_loader_wsppt:__init__:178 - Motion loaded: duration: 11.9 sec, frames: 596
2026-04-12 18:35:30.701 | INFO     | gr00t.rl.utils.teleop_reset_lib.motion_loader_wsppt:from_file:184 - Loading motion from gr00t/rl/data/motions/g1_wsdpt/33demos_675_775/record_2025-10-26_22-21-05_0.675m_v1.npz...
2026-04-12 18:35:30.705 | INFO     | gr00t.rl.utils.teleop_reset_lib.motion_loader_wsppt:__init__:178 - Motion loaded: duration: 13.16 sec, frames: 659
2026-04-12 18:35:30.705 | INFO     | gr00t.rl.utils.teleop_reset_lib.motion_loader_wsppt:from_file:184 - Loading motion from gr00t/rl/data/motions/g1_wsdpt/33demos_675_775/record_2025-10-26_23-52-39_0.715m_v0.npz...
2026-04-12 18:35:30.710 | INFO     | gr00t.rl.utils.teleop_reset_lib.motion_loader_wsppt:__init__:178 - Motion loaded: duration: 11.120000000000001 sec, frames: 557
2026-04-12 18:35:30.710 | INFO     | gr00t.rl.utils.teleop_reset_lib.motion_loader_wsppt:from_file:184 - Loading motion from gr00t/rl/data/motions/g1_wsdpt/33demos_675_775/record_2025-10-26_22-03-30_0.675m_v0.npz...
2026-04-12 18:35:30.714 | INFO     | gr00t.rl.utils.teleop_reset_lib.motion_loader_wsppt:__init__:178 - Motion loaded: duration: 12.58 sec, frames: 630
2026-04-12 18:35:30.714 | INFO     | gr00t.rl.utils.teleop_reset_lib.motion_loader_wsppt:from_file:184 - Loading motion from gr00t/rl/data/motions/g1_wsdpt/33demos_675_775/record_2025-10-27_00-47-07_0.725m_v1.npz...
2026-04-12 18:35:30.718 | INFO     | gr00t.rl.utils.teleop_reset_lib.motion_loader_wsppt:__init__:178 - Motion loaded: duration: 13.08 sec, frames: 655
2026-04-12 18:35:30.718 | INFO     | gr00t.rl.utils.teleop_reset_lib.motion_loader_wsppt:from_file:184 - Loading motion from gr00t/rl/data/motions/g1_wsdpt/33demos_675_775/record_2025-10-27_01-55-35_0.765m_v0.npz...
2026-04-12 18:35:30.722 | INFO     | gr00t.rl.utils.teleop_reset_lib.motion_loader_wsppt:__init__:178 - Motion loaded: duration: 11.64 sec, frames: 583
2026-04-12 18:35:30.722 | INFO     | gr00t.rl.utils.teleop_reset_lib.motion_loader_wsppt:from_file:184 - Loading motion from gr00t/rl/data/motions/g1_wsdpt/33demos_675_775/record_2025-10-26_23-01-01_0.695m_v0.npz...
2026-04-12 18:35:30.726 | INFO     | gr00t.rl.utils.teleop_reset_lib.motion_loader_wsppt:__init__:178 - Motion loaded: duration: 12.06 sec, frames: 604
2026-04-12 18:35:30.727 | INFO     | gr00t.rl.utils.teleop_reset_lib.motion_loader_wsppt:from_file:184 - Loading motion from gr00t/rl/data/motions/g1_wsdpt/33demos_675_775/record_2025-10-14_22-13-48_0.775m.npz...
2026-04-12 18:35:30.731 | INFO     | gr00t.rl.utils.teleop_reset_lib.motion_loader_wsppt:__init__:178 - Motion loaded: duration: 11.86 sec, frames: 594
2026-04-12 18:35:30.731 | INFO     | gr00t.rl.utils.teleop_reset_lib.motion_loader_wsppt:from_file:184 - Loading motion from gr00t/rl/data/motions/g1_wsdpt/33demos_675_775/record_2025-10-14_22-03-00_0.750m.npz...
2026-04-12 18:35:30.735 | INFO     | gr00t.rl.utils.teleop_reset_lib.motion_loader_wsppt:__init__:178 - Motion loaded: duration: 11.86 sec, frames: 594
2026-04-12 18:35:30.735 | INFO     | gr00t.rl.utils.teleop_reset_lib.motion_loader_wsppt:from_file:184 - Loading motion from gr00t/rl/data/motions/g1_wsdpt/33demos_675_775/record_2025-10-26_22-06-43_0.675m_v0.npz...
2026-04-12 18:35:30.739 | INFO     | gr00t.rl.utils.teleop_reset_lib.motion_loader_wsppt:__init__:178 - Motion loaded: duration: 13.120000000000001 sec, frames: 657
2026-04-12 18:35:30.740 | INFO     | gr00t.rl.utils.teleop_reset_lib.motion_loader_wsppt:from_file:184 - Loading motion from gr00t/rl/data/motions/g1_wsdpt/33demos_675_775/record_2025-10-27_01-01-13_0.735m_v0.npz...
2026-04-12 18:35:30.744 | INFO     | gr00t.rl.utils.teleop_reset_lib.motion_loader_wsppt:__init__:178 - Motion loaded: duration: 11.040000000000001 sec, frames: 553
2026-04-12 18:35:30.744 | INFO     | gr00t.rl.utils.teleop_reset_lib.motion_loader_wsppt:from_file:184 - Loading motion from gr00t/rl/data/motions/g1_wsdpt/33demos_675_775/record_2025-10-26_22-23-29_0.675m_v1.npz...
2026-04-12 18:35:30.749 | INFO     | gr00t.rl.utils.teleop_reset_lib.motion_loader_wsppt:__init__:178 - Motion loaded: duration: 13.540000000000001 sec, frames: 678
2026-04-12 18:35:30.749 | INFO     | gr00t.rl.utils.teleop_reset_lib.motion_loader_wsppt:from_file:184 - Loading motion from gr00t/rl/data/motions/g1_wsdpt/33demos_675_775/record_2025-10-14_21-41-26_0.700m.npz...
2026-04-12 18:35:30.753 | INFO     | gr00t.rl.utils.teleop_reset_lib.motion_loader_wsppt:__init__:178 - Motion loaded: duration: 14.86 sec, frames: 744
2026-04-12 18:35:30.753 | INFO     | gr00t.rl.utils.teleop_reset_lib.motion_loader_wsppt:from_file:184 - Loading motion from gr00t/rl/data/motions/g1_wsdpt/33demos_675_775/record_2025-10-27_01-08-29_0.735m_v1.npz...
2026-04-12 18:35:30.757 | INFO     | gr00t.rl.utils.teleop_reset_lib.motion_loader_wsppt:__init__:178 - Motion loaded: duration: 10.02 sec, frames: 502
2026-04-12 18:35:30.757 | INFO     | gr00t.rl.utils.teleop_reset_lib.motion_loader_wsppt:from_file:184 - Loading motion from gr00t/rl/data/motions/g1_wsdpt/33demos_675_775/record_2025-10-26_23-10-12_0.695_v1.npz...
2026-04-12 18:35:30.761 | INFO     | gr00t.rl.utils.teleop_reset_lib.motion_loader_wsppt:__init__:178 - Motion loaded: duration: 12.84 sec, frames: 643
2026-04-12 18:35:30.761 | INFO     | gr00t.rl.utils.teleop_reset_lib.motion_loader_wsppt:from_file:184 - Loading motion from gr00t/rl/data/motions/g1_wsdpt/33demos_675_775/record_2025-10-31_04-08-50_0.724m.npz...
2026-04-12 18:35:30.765 | INFO     | gr00t.rl.utils.teleop_reset_lib.motion_loader_wsppt:__init__:178 - Motion loaded: duration: 13.3 sec, frames: 666
2026-04-12 18:35:30.766 | INFO     | gr00t.rl.utils.teleop_reset_lib.motion_loader_wsppt:from_file:184 - Loading motion from gr00t/rl/data/motions/g1_wsdpt/33demos_675_775/record_2025-10-14_21-45-00_0.700m.npz...
2026-04-12 18:35:30.770 | INFO     | gr00t.rl.utils.teleop_reset_lib.motion_loader_wsppt:__init__:178 - Motion loaded: duration: 11.94 sec, frames: 598
2026-04-12 18:35:30.770 | INFO     | gr00t.rl.utils.teleop_reset_lib.motion_loader_wsppt:from_file:184 - Loading motion from gr00t/rl/data/motions/g1_wsdpt/33demos_675_775/record_2025-10-31_04-44-55_0.707m.npz...
2026-04-12 18:35:30.774 | INFO     | gr00t.rl.utils.teleop_reset_lib.motion_loader_wsppt:__init__:178 - Motion loaded: duration: 12.0 sec, frames: 601
2026-04-12 18:35:30.774 | INFO     | gr00t.rl.utils.teleop_reset_lib.motion_loader_wsppt:from_file:184 - Loading motion from gr00t/rl/data/motions/g1_wsdpt/33demos_675_775/record_2025-10-27_01-22-28_0.745m_v0.npz...
2026-04-12 18:35:30.778 | INFO     | gr00t.rl.utils.teleop_reset_lib.motion_loader_wsppt:__init__:178 - Motion loaded: duration: 11.84 sec, frames: 593
2026-04-12 18:35:30.778 | INFO     | gr00t.rl.utils.teleop_reset_lib.motion_loader_wsppt:from_file:184 - Loading motion from gr00t/rl/data/motions/g1_wsdpt/33demos_675_775/record_2025-10-26_22-17-27_0.675m_v1.npz...
2026-04-12 18:35:30.783 | INFO     | gr00t.rl.utils.teleop_reset_lib.motion_loader_wsppt:__init__:178 - Motion loaded: duration: 13.84 sec, frames: 693
2026-04-12 18:35:30.783 | INFO     | gr00t.rl.utils.teleop_reset_lib.motion_loader_wsppt:from_file:184 - Loading motion from gr00t/rl/data/motions/g1_wsdpt/33demos_675_775/record_2025-10-31_04-38-16_0.697m.npz...
2026-04-12 18:35:30.787 | INFO     | gr00t.rl.utils.teleop_reset_lib.motion_loader_wsppt:__init__:178 - Motion loaded: duration: 10.08 sec, frames: 505
2026-04-12 18:35:30.787 | INFO     | gr00t.rl.utils.teleop_reset_lib.motion_loader_wsppt:from_file:184 - Loading motion from gr00t/rl/data/motions/g1_wsdpt/33demos_675_775/record_2025-10-31_03-44-04_0.664m..npz...
2026-04-12 18:35:30.790 | INFO     | gr00t.rl.utils.teleop_reset_lib.motion_loader_wsppt:__init__:178 - Motion loaded: duration: 10.120000000000001 sec, frames: 507
2026-04-12 18:35:30.790 | INFO     | gr00t.rl.utils.teleop_reset_lib.motion_loader_wsppt:from_file:184 - Loading motion from gr00t/rl/data/motions/g1_wsdpt/33demos_675_775/record_2025-10-26_22-48-59_0.685m_v1.npz...
2026-04-12 18:35:30.795 | INFO     | gr00t.rl.utils.teleop_reset_lib.motion_loader_wsppt:__init__:178 - Motion loaded: duration: 13.46 sec, frames: 674
2026-04-12 18:35:30.795 | INFO     | gr00t.rl.utils.teleop_reset_lib.motion_loader_wsppt:from_file:184 - Loading motion from gr00t/rl/data/motions/g1_wsdpt/33demos_675_775/record_2025-10-14_21-43-11_0.700m.npz...
2026-04-12 18:35:30.799 | INFO     | gr00t.rl.utils.teleop_reset_lib.motion_loader_wsppt:__init__:178 - Motion loaded: duration: 11.8 sec, frames: 591
2026-04-12 18:35:30.799 | INFO     | gr00t.rl.utils.teleop_reset_lib.motion_loader_wsppt:from_file:184 - Loading motion from gr00t/rl/data/motions/g1_wsdpt/33demos_675_775/record_2025-10-27_00-04-47_0.715m_v1.npz...
2026-04-12 18:35:30.803 | INFO     | gr00t.rl.utils.teleop_reset_lib.motion_loader_wsppt:__init__:178 - Motion loaded: duration: 12.16 sec, frames: 609
2026-04-12 18:35:30.803 | INFO     | gr00t.rl.utils.teleop_reset_lib.motion_loader_wsppt:from_file:184 - Loading motion from gr00t/rl/data/motions/g1_wsdpt/33demos_675_775/record_2025-10-31_04-27-21_0.687m.npz...
2026-04-12 18:35:30.807 | INFO     | gr00t.rl.utils.teleop_reset_lib.motion_loader_wsppt:__init__:178 - Motion loaded: duration: 12.02 sec, frames: 602
2026-04-12 18:35:30.807 | INFO     | gr00t.rl.utils.teleop_reset_lib.motion_loader_wsppt:from_file:184 - Loading motion from gr00t/rl/data/motions/g1_wsdpt/33demos_675_775/record_2025-10-31_04-43-03_0.707m.npz...
2026-04-12 18:35:30.812 | INFO     | gr00t.rl.utils.teleop_reset_lib.motion_loader_wsppt:__init__:178 - Motion loaded: duration: 13.74 sec, frames: 688
2026-04-12 18:35:30.813 | INFO     | gr00t.rl.utils.teleop_reset_lib.motion_loader_wsppt:from_file:184 - Loading motion from gr00t/rl/data/motions/g1_wsdpt/33demos_675_775/record_2025-10-26_23-13-41_0.695_v1.npz...
2026-04-12 18:35:30.817 | INFO     | gr00t.rl.utils.teleop_reset_lib.motion_loader_wsppt:__init__:178 - Motion loaded: duration: 13.200000000000001 sec, frames: 661
2026-04-12 18:35:30.817 | INFO     | gr00t.rl.utils.teleop_reset_lib.motion_loader_wsppt:from_file:184 - Loading motion from gr00t/rl/data/motions/g1_wsdpt/33demos_675_775/record_2025-10-31_03-09-30_0.674m.npz...
2026-04-12 18:35:30.821 | INFO     | gr00t.rl.utils.teleop_reset_lib.motion_loader_wsppt:__init__:178 - Motion loaded: duration: 14.4 sec, frames: 721
2026-04-12 18:35:30.821 | INFO     | gr00t.rl.utils.teleop_reset_lib.motion_loader_wsppt:from_file:184 - Loading motion from gr00t/rl/data/motions/g1_wsdpt/33demos_675_775/record_2025-10-27_00-31-23_0.725m_v0.npz...
2026-04-12 18:35:30.826 | INFO     | gr00t.rl.utils.teleop_reset_lib.motion_loader_wsppt:__init__:178 - Motion loaded: duration: 14.94 sec, frames: 748
2026-04-12 18:35:30.826 | INFO     | gr00t.rl.utils.teleop_reset_lib.motion_loader_wsppt:from_file:184 - Loading motion from gr00t/rl/data/motions/g1_wsdpt/33demos_675_775/record_2025-10-27_01-24-12_0.745m_v0.npz...
2026-04-12 18:35:30.830 | INFO     | gr00t.rl.utils.teleop_reset_lib.motion_loader_wsppt:__init__:178 - Motion loaded: duration: 11.26 sec, frames: 564
2026-04-12 18:35:30.830 | INFO     | gr00t.rl.utils.teleop_reset_lib.motion_loader_wsppt:from_file:184 - Loading motion from gr00t/rl/data/motions/g1_wsdpt/33demos_675_775/record_2025-10-26_22-35-27_0.685m_v0..npz...
2026-04-12 18:35:30.835 | INFO     | gr00t.rl.utils.teleop_reset_lib.motion_loader_wsppt:__init__:178 - Motion loaded: duration: 13.280000000000001 sec, frames: 665
2026-04-12 18:35:30.835 | INFO     | gr00t.rl.utils.teleop_reset_lib.motion_loader_wsppt:from_file:184 - Loading motion from gr00t/rl/data/motions/g1_wsdpt/33demos_675_775/record_2025-10-31_04-38-45_0.697m.npz...
2026-04-12 18:35:30.839 | INFO     | gr00t.rl.utils.teleop_reset_lib.motion_loader_wsppt:__init__:178 - Motion loaded: duration: 12.02 sec, frames: 602
2026-04-12 18:35:30.839 | INFO     | gr00t.rl.utils.teleop_reset_lib.motion_loader_wsppt:from_file:184 - Loading motion from gr00t/rl/data/motions/g1_wsdpt/33demos_675_775/record_2025-10-26_22-30-56_0.685m_v0..npz...
2026-04-12 18:35:30.844 | INFO     | gr00t.rl.utils.teleop_reset_lib.motion_loader_wsppt:__init__:178 - Motion loaded: duration: 15.1 sec, frames: 756
2026-04-12 18:35:30.844 | INFO     | gr00t.rl.utils.teleop_reset_lib.motion_loader_wsppt:from_file:184 - Loading motion from gr00t/rl/data/motions/g1_wsdpt/33demos_675_775/record_2025-10-27_00-03-44_0.715m_v1.npz...
2026-04-12 18:35:30.848 | INFO     | gr00t.rl.utils.teleop_reset_lib.motion_loader_wsppt:__init__:178 - Motion loaded: duration: 11.22 sec, frames: 562
2026-04-12 18:35:30.848 | INFO     | gr00t.rl.utils.teleop_reset_lib.motion_loader_wsppt:from_file:184 - Loading motion from gr00t/rl/data/motions/g1_wsdpt/33demos_675_775/record_2025-10-26_23-21-58_0.705m_v0.npz...
2026-04-12 18:35:30.852 | INFO     | gr00t.rl.utils.teleop_reset_lib.motion_loader_wsppt:__init__:178 - Motion loaded: duration: 15.14 sec, frames: 758
2026-04-12 18:35:30.853 | INFO     | gr00t.rl.utils.teleop_reset_lib.motion_loader_wsppt:from_file:184 - Loading motion from gr00t/rl/data/motions/g1_wsdpt/33demos_675_775/record_2025-10-26_22-30-18_0.685m_v0.npz...
2026-04-12 18:35:30.857 | INFO     | gr00t.rl.utils.teleop_reset_lib.motion_loader_wsppt:__init__:178 - Motion loaded: duration: 13.4 sec, frames: 671
2026-04-12 18:35:30.857 | INFO     | gr00t.rl.utils.teleop_reset_lib.motion_loader_wsppt:from_file:184 - Loading motion from gr00t/rl/data/motions/g1_wsdpt/33demos_675_775/record_2025-10-27_01-59-11_0.775m_v0.npz...
2026-04-12 18:35:30.861 | INFO     | gr00t.rl.utils.teleop_reset_lib.motion_loader_wsppt:__init__:178 - Motion loaded: duration: 11.08 sec, frames: 555
2026-04-12 18:35:30.861 | INFO     | gr00t.rl.utils.teleop_reset_lib.motion_loader_wsppt:from_file:184 - Loading motion from gr00t/rl/data/motions/g1_wsdpt/33demos_675_775/record_2025-10-27_01-21-29_0.745m_v0.npz...
2026-04-12 18:35:30.865 | INFO     | gr00t.rl.utils.teleop_reset_lib.motion_loader_wsppt:__init__:178 - Motion loaded: duration: 10.82 sec, frames: 542
2026-04-12 18:35:30.865 | INFO     | gr00t.rl.utils.teleop_reset_lib.motion_loader_wsppt:from_file:184 - Loading motion from gr00t/rl/data/motions/g1_wsdpt/33demos_675_775/record_2025-10-26_22-02-51_0.675m_v0.npz...
2026-04-12 18:35:30.869 | INFO     | gr00t.rl.utils.teleop_reset_lib.motion_loader_wsppt:__init__:178 - Motion loaded: duration: 13.3 sec, frames: 666
2026-04-12 18:35:30.869 | INFO     | gr00t.rl.utils.teleop_reset_lib.motion_loader_wsppt:from_file:184 - Loading motion from gr00t/rl/data/motions/g1_wsdpt/33demos_675_775/record_2025-10-31_03-22-53_-0.714m.npz...
2026-04-12 18:35:30.873 | INFO     | gr00t.rl.utils.teleop_reset_lib.motion_loader_wsppt:__init__:178 - Motion loaded: duration: 12.46 sec, frames: 624
2026-04-12 18:35:30.874 | INFO     | gr00t.rl.utils.teleop_reset_lib.motion_loader_wsppt:from_file:184 - Loading motion from gr00t/rl/data/motions/g1_wsdpt/33demos_675_775/record_2025-10-27_00-37-24_0.725m_v1.npz...
2026-04-12 18:35:30.877 | INFO     | gr00t.rl.utils.teleop_reset_lib.motion_loader_wsppt:__init__:178 - Motion loaded: duration: 13.42 sec, frames: 672
2026-04-12 18:35:30.878 | INFO     | gr00t.rl.utils.teleop_reset_lib.motion_loader_wsppt:from_file:184 - Loading motion from gr00t/rl/data/motions/g1_wsdpt/33demos_675_775/record_2025-10-26_22-47-09_0.685m_v1.npz...
2026-04-12 18:35:30.882 | INFO     | gr00t.rl.utils.teleop_reset_lib.motion_loader_wsppt:__init__:178 - Motion loaded: duration: 13.040000000000001 sec, frames: 653
2026-04-12 18:35:30.882 | INFO     | gr00t.rl.utils.teleop_reset_lib.motion_loader_wsppt:from_file:184 - Loading motion from gr00t/rl/data/motions/g1_wsdpt/33demos_675_775/record_2025-10-26_23-12-01_0.695_v1.npz...
2026-04-12 18:35:30.886 | INFO     | gr00t.rl.utils.teleop_reset_lib.motion_loader_wsppt:__init__:178 - Motion loaded: duration: 13.24 sec, frames: 663
2026-04-12 18:35:30.886 | INFO     | gr00t.rl.utils.teleop_reset_lib.motion_loader_wsppt:from_file:184 - Loading motion from gr00t/rl/data/motions/g1_wsdpt/33demos_675_775/record_2025-10-27_00-58-26_0.735m_v0.npz...
2026-04-12 18:35:30.890 | INFO     | gr00t.rl.utils.teleop_reset_lib.motion_loader_wsppt:__init__:178 - Motion loaded: duration: 12.32 sec, frames: 617
2026-04-12 18:35:30.890 | INFO     | gr00t.rl.utils.teleop_reset_lib.motion_loader_wsppt:from_file:184 - Loading motion from gr00t/rl/data/motions/g1_wsdpt/33demos_675_775/record_2025-10-26_22-21-45_0.675m_v1.npz...
2026-04-12 18:35:30.894 | INFO     | gr00t.rl.utils.teleop_reset_lib.motion_loader_wsppt:__init__:178 - Motion loaded: duration: 13.9 sec, frames: 696
2026-04-12 18:35:30.894 | INFO     | gr00t.rl.utils.teleop_reset_lib.motion_loader_wsppt:from_file:184 - Loading motion from gr00t/rl/data/motions/g1_wsdpt/33demos_675_775/record_2025-10-26_23-39-57_0.705m_v1.npz...
2026-04-12 18:35:30.898 | INFO     | gr00t.rl.utils.teleop_reset_lib.motion_loader_wsppt:__init__:178 - Motion loaded: duration: 14.74 sec, frames: 738
2026-04-12 18:35:30.899 | INFO     | gr00t.rl.utils.teleop_reset_lib.motion_loader_wsppt:from_file:184 - Loading motion from gr00t/rl/data/motions/g1_wsdpt/33demos_675_775/record_2025-10-31_03-59-13_0.704m.npz...
2026-04-12 18:35:30.902 | INFO     | gr00t.rl.utils.teleop_reset_lib.motion_loader_wsppt:__init__:178 - Motion loaded: duration: 12.22 sec, frames: 612
2026-04-12 18:35:30.902 | INFO     | gr00t.rl.utils.teleop_reset_lib.motion_loader_wsppt:from_file:184 - Loading motion from gr00t/rl/data/motions/g1_wsdpt/33demos_675_775/record_2025-10-26_22-34-21_0.685m_v0..npz...
2026-04-12 18:35:30.906 | INFO     | gr00t.rl.utils.teleop_reset_lib.motion_loader_wsppt:__init__:178 - Motion loaded: duration: 12.5 sec, frames: 626
2026-04-12 18:35:30.906 | INFO     | gr00t.rl.utils.teleop_reset_lib.motion_loader_wsppt:from_file:184 - Loading motion from gr00t/rl/data/motions/g1_wsdpt/33demos_675_775/record_2025-10-31_03-38-19_0.754m.npz...
2026-04-12 18:35:30.910 | INFO     | gr00t.rl.utils.teleop_reset_lib.motion_loader_wsppt:__init__:178 - Motion loaded: duration: 14.4 sec, frames: 721
2026-04-12 18:35:30.911 | INFO     | gr00t.rl.utils.teleop_reset_lib.motion_loader_wsppt:from_file:184 - Loading motion from gr00t/rl/data/motions/g1_wsdpt/33demos_675_775/record_2025-10-26_23-16-53_0.695_v1.npz...
2026-04-12 18:35:30.915 | INFO     | gr00t.rl.utils.teleop_reset_lib.motion_loader_wsppt:__init__:178 - Motion loaded: duration: 12.14 sec, frames: 608
2026-04-12 18:35:30.915 | INFO     | gr00t.rl.utils.teleop_reset_lib.motion_loader_wsppt:from_file:184 - Loading motion from gr00t/rl/data/motions/g1_wsdpt/33demos_675_775/record_2025-10-31_03-50-10_0.684m.npz...
2026-04-12 18:35:30.919 | INFO     | gr00t.rl.utils.teleop_reset_lib.motion_loader_wsppt:__init__:178 - Motion loaded: duration: 11.32 sec, frames: 567
2026-04-12 18:35:30.919 | INFO     | gr00t.rl.utils.teleop_reset_lib.motion_loader_wsppt:from_file:184 - Loading motion from gr00t/rl/data/motions/g1_wsdpt/33demos_675_775/record_2025-10-26_23-02-26_0.695m_v0.npz...
2026-04-12 18:35:30.923 | INFO     | gr00t.rl.utils.teleop_reset_lib.motion_loader_wsppt:__init__:178 - Motion loaded: duration: 12.780000000000001 sec, frames: 640
2026-04-12 18:35:30.923 | INFO     | gr00t.rl.utils.teleop_reset_lib.motion_loader_wsppt:from_file:184 - Loading motion from gr00t/rl/data/motions/g1_wsdpt/33demos_675_775/record_2025-10-26_22-13-37_0.675m_v0.npz...
2026-04-12 18:35:30.927 | INFO     | gr00t.rl.utils.teleop_reset_lib.motion_loader_wsppt:__init__:178 - Motion loaded: duration: 13.02 sec, frames: 652
2026-04-12 18:35:30.927 | INFO     | gr00t.rl.utils.teleop_reset_lib.motion_loader_wsppt:from_file:184 - Loading motion from gr00t/rl/data/motions/g1_wsdpt/33demos_675_775/record_2025-10-14_21-46-10_0.700m.npz...
2026-04-12 18:35:30.931 | INFO     | gr00t.rl.utils.teleop_reset_lib.motion_loader_wsppt:__init__:178 - Motion loaded: duration: 9.68 sec, frames: 485
2026-04-12 18:35:30.931 | INFO     | gr00t.rl.utils.teleop_reset_lib.motion_loader_wsppt:from_file:184 - Loading motion from gr00t/rl/data/motions/g1_wsdpt/33demos_675_775/record_2025-10-26_22-38-09_0.685m_v0..npz...
2026-04-12 18:35:30.936 | INFO     | gr00t.rl.utils.teleop_reset_lib.motion_loader_wsppt:__init__:178 - Motion loaded: duration: 16.44 sec, frames: 823
2026-04-12 18:35:30.936 | INFO     | gr00t.rl.utils.teleop_reset_lib.motion_loader_wsppt:from_file:184 - Loading motion from gr00t/rl/data/motions/g1_wsdpt/33demos_675_775/record_2025-10-26_22-44-19_0.685m_v1.npz...
2026-04-12 18:35:30.940 | INFO     | gr00t.rl.utils.teleop_reset_lib.motion_loader_wsppt:__init__:178 - Motion loaded: duration: 13.18 sec, frames: 660
2026-04-12 18:35:30.940 | INFO     | gr00t.rl.utils.teleop_reset_lib.motion_loader_wsppt:from_file:184 - Loading motion from gr00t/rl/data/motions/g1_wsdpt/33demos_675_775/record_2025-10-31_04-06-35_0.724m.npz...
2026-04-12 18:35:30.944 | INFO     | gr00t.rl.utils.teleop_reset_lib.motion_loader_wsppt:__init__:178 - Motion loaded: duration: 10.96 sec, frames: 549
2026-04-12 18:35:30.944 | INFO     | gr00t.rl.utils.teleop_reset_lib.motion_loader_wsppt:from_file:184 - Loading motion from gr00t/rl/data/motions/g1_wsdpt/33demos_675_775/record_2025-10-27_00-41-06_0.725m_v1.npz...
2026-04-12 18:35:30.948 | INFO     | gr00t.rl.utils.teleop_reset_lib.motion_loader_wsppt:__init__:178 - Motion loaded: duration: 12.84 sec, frames: 643
2026-04-12 18:35:30.949 | INFO     | gr00t.rl.utils.teleop_reset_lib.motion_loader_wsppt:from_file:184 - Loading motion from gr00t/rl/data/motions/g1_wsdpt/33demos_675_775/record_2025-10-26_23-24-41_0.705m_v0.npz...
2026-04-12 18:35:30.952 | INFO     | gr00t.rl.utils.teleop_reset_lib.motion_loader_wsppt:__init__:178 - Motion loaded: duration: 13.24 sec, frames: 663
2026-04-12 18:35:30.953 | INFO     | gr00t.rl.utils.teleop_reset_lib.motion_loader_wsppt:from_file:184 - Loading motion from gr00t/rl/data/motions/g1_wsdpt/33demos_675_775/record_2025-10-27_00-54-56_0.735m_v0.npz...
2026-04-12 18:35:30.957 | INFO     | gr00t.rl.utils.teleop_reset_lib.motion_loader_wsppt:__init__:178 - Motion loaded: duration: 16.38 sec, frames: 820
2026-04-12 18:35:30.957 | INFO     | gr00t.rl.utils.teleop_reset_lib.motion_loader_wsppt:from_file:184 - Loading motion from gr00t/rl/data/motions/g1_wsdpt/33demos_675_775/record_2025-10-27_01-19-35_0.745m_v0.npz...
2026-04-12 18:35:30.961 | INFO     | gr00t.rl.utils.teleop_reset_lib.motion_loader_wsppt:__init__:178 - Motion loaded: duration: 11.06 sec, frames: 554
2026-04-12 18:35:30.961 | INFO     | gr00t.rl.utils.teleop_reset_lib.motion_loader_wsppt:from_file:184 - Loading motion from gr00t/rl/data/motions/g1_wsdpt/33demos_675_775/record_2025-10-27_01-58-32_0.775m_v0.npz...
2026-04-12 18:35:30.965 | INFO     | gr00t.rl.utils.teleop_reset_lib.motion_loader_wsppt:__init__:178 - Motion loaded: duration: 11.38 sec, frames: 570
2026-04-12 18:35:30.965 | INFO     | gr00t.rl.utils.teleop_reset_lib.motion_loader_wsppt:from_file:184 - Loading motion from gr00t/rl/data/motions/g1_wsdpt/33demos_675_775/record_2025-10-31_03-31-38_0.734m.npz...
2026-04-12 18:35:30.969 | INFO     | gr00t.rl.utils.teleop_reset_lib.motion_loader_wsppt:__init__:178 - Motion loaded: duration: 13.98 sec, frames: 700
2026-04-12 18:35:30.969 | INFO     | gr00t.rl.utils.teleop_reset_lib.motion_loader_wsppt:from_file:184 - Loading motion from gr00t/rl/data/motions/g1_wsdpt/33demos_675_775/record_2025-10-31_03-15-04_0.694m.npz...
2026-04-12 18:35:30.974 | INFO     | gr00t.rl.utils.teleop_reset_lib.motion_loader_wsppt:__init__:178 - Motion loaded: duration: 12.64 sec, frames: 633
2026-04-12 18:35:30.974 | INFO     | gr00t.rl.utils.teleop_reset_lib.motion_loader_wsppt:from_file:184 - Loading motion from gr00t/rl/data/motions/g1_wsdpt/33demos_675_775/record_2025-10-14_22-05-04_0.750m.npz...
2026-04-12 18:35:30.977 | INFO     | gr00t.rl.utils.teleop_reset_lib.motion_loader_wsppt:__init__:178 - Motion loaded: duration: 9.68 sec, frames: 485
2026-04-12 18:35:30.978 | INFO     | gr00t.rl.utils.teleop_reset_lib.motion_loader_wsppt:from_file:184 - Loading motion from gr00t/rl/data/motions/g1_wsdpt/33demos_675_775/record_2025-10-26_23-27-47_0.705m_v0.npz...
2026-04-12 18:35:30.982 | INFO     | gr00t.rl.utils.teleop_reset_lib.motion_loader_wsppt:__init__:178 - Motion loaded: duration: 13.14 sec, frames: 658
2026-04-12 18:35:30.982 | INFO     | gr00t.rl.utils.teleop_reset_lib.motion_loader_wsppt:from_file:184 - Loading motion from gr00t/rl/data/motions/g1_wsdpt/33demos_675_775/record_2025-10-27_01-31-24_0.755m_v0.npz...
2026-04-12 18:35:30.986 | INFO     | gr00t.rl.utils.teleop_reset_lib.motion_loader_wsppt:__init__:178 - Motion loaded: duration: 10.78 sec, frames: 540
2026-04-12 18:35:30.986 | INFO     | gr00t.rl.utils.teleop_reset_lib.motion_loader_wsppt:from_file:184 - Loading motion from gr00t/rl/data/motions/g1_wsdpt/33demos_675_775/record_2025-10-31_04-15-39_0.667m.npz...
2026-04-12 18:35:30.989 | INFO     | gr00t.rl.utils.teleop_reset_lib.motion_loader_wsppt:__init__:178 - Motion loaded: duration: 10.48 sec, frames: 525
2026-04-12 18:35:30.990 | INFO     | gr00t.rl.utils.teleop_reset_lib.motion_loader_wsppt:from_file:184 - Loading motion from gr00t/rl/data/motions/g1_wsdpt/33demos_675_775/record_2025-10-27_01-37-10_0.755m_v1.npz...
2026-04-12 18:35:30.993 | INFO     | gr00t.rl.utils.teleop_reset_lib.motion_loader_wsppt:__init__:178 - Motion loaded: duration: 10.28 sec, frames: 515
2026-04-12 18:35:30.993 | INFO     | gr00t.rl.utils.teleop_reset_lib.motion_loader_wsppt:from_file:184 - Loading motion from gr00t/rl/data/motions/g1_wsdpt/33demos_675_775/record_2025-10-31_04-48-56_0.717m.npz...
2026-04-12 18:35:30.997 | INFO     | gr00t.rl.utils.teleop_reset_lib.motion_loader_wsppt:__init__:178 - Motion loaded: duration: 10.72 sec, frames: 537
2026-04-12 18:35:30.998 | INFO     | gr00t.rl.utils.teleop_reset_lib.motion_loader_wsppt:from_file:184 - Loading motion from gr00t/rl/data/motions/g1_wsdpt/33demos_675_775/record_2025-10-27_00-42-45_0.725m_v1.npz...
2026-04-12 18:35:31.002 | INFO     | gr00t.rl.utils.teleop_reset_lib.motion_loader_wsppt:__init__:178 - Motion loaded: duration: 13.44 sec, frames: 673
2026-04-12 18:35:31.002 | INFO     | gr00t.rl.utils.teleop_reset_lib.motion_loader_wsppt:from_file:184 - Loading motion from gr00t/rl/data/motions/g1_wsdpt/33demos_675_775/record_2025-10-31_03-44-51_0.664m..npz...
2026-04-12 18:35:31.006 | INFO     | gr00t.rl.utils.teleop_reset_lib.motion_loader_wsppt:__init__:178 - Motion loaded: duration: 13.1 sec, frames: 656
2026-04-12 18:35:31.006 | INFO     | gr00t.rl.utils.teleop_reset_lib.motion_loader_wsppt:from_file:184 - Loading motion from gr00t/rl/data/motions/g1_wsdpt/33demos_675_775/record_2025-10-31_03-45-35_0.664m..npz...
2026-04-12 18:35:31.010 | INFO     | gr00t.rl.utils.teleop_reset_lib.motion_loader_wsppt:__init__:178 - Motion loaded: duration: 14.26 sec, frames: 714
2026-04-12 18:35:31.011 | INFO     | gr00t.rl.utils.teleop_reset_lib.motion_loader_wsppt:from_file:184 - Loading motion from gr00t/rl/data/motions/g1_wsdpt/33demos_675_775/record_2025-10-26_22-37-24_0.685m_v0..npz...
2026-04-12 18:35:31.015 | INFO     | gr00t.rl.utils.teleop_reset_lib.motion_loader_wsppt:__init__:178 - Motion loaded: duration: 12.42 sec, frames: 622
2026-04-12 18:35:31.015 | INFO     | gr00t.rl.utils.teleop_reset_lib.motion_loader_wsppt:from_file:184 - Loading motion from gr00t/rl/data/motions/g1_wsdpt/33demos_675_775/record_2025-10-26_23-12-34_0.695_v1.npz...
2026-04-12 18:35:31.019 | INFO     | gr00t.rl.utils.teleop_reset_lib.motion_loader_wsppt:__init__:178 - Motion loaded: duration: 13.5 sec, frames: 676
2026-04-12 18:35:31.019 | INFO     | gr00t.rl.utils.teleop_reset_lib.motion_loader_wsppt:from_file:184 - Loading motion from gr00t/rl/data/motions/g1_wsdpt/33demos_675_775/record_2025-10-14_21-49-13_0.725m.npz...
2026-04-12 18:35:31.023 | INFO     | gr00t.rl.utils.teleop_reset_lib.motion_loader_wsppt:__init__:178 - Motion loaded: duration: 8.48 sec, frames: 425
2026-04-12 18:35:31.023 | INFO     | gr00t.rl.utils.teleop_reset_lib.motion_loader_wsppt:from_file:184 - Loading motion from gr00t/rl/data/motions/g1_wsdpt/33demos_675_775/record_2025-10-27_01-41-00_0.755m_v1.npz...
2026-04-12 18:35:31.027 | INFO     | gr00t.rl.utils.teleop_reset_lib.motion_loader_wsppt:__init__:178 - Motion loaded: duration: 11.46 sec, frames: 574
2026-04-12 18:35:31.027 | INFO     | gr00t.rl.utils.teleop_reset_lib.motion_loader_wsppt:from_file:184 - Loading motion from gr00t/rl/data/motions/g1_wsdpt/33demos_675_775/record_2025-10-31_04-02-03_0.704m.npz...
2026-04-12 18:35:31.031 | INFO     | gr00t.rl.utils.teleop_reset_lib.motion_loader_wsppt:__init__:178 - Motion loaded: duration: 10.66 sec, frames: 534
2026-04-12 18:35:31.031 | INFO     | gr00t.rl.utils.teleop_reset_lib.motion_loader_wsppt:from_file:184 - Loading motion from gr00t/rl/data/motions/g1_wsdpt/33demos_675_775/record_2025-10-31_03-52-05_0.684m.npz...
2026-04-12 18:35:31.035 | INFO     | gr00t.rl.utils.teleop_reset_lib.motion_loader_wsppt:__init__:178 - Motion loaded: duration: 11.52 sec, frames: 577
2026-04-12 18:35:31.035 | INFO     | gr00t.rl.utils.teleop_reset_lib.motion_loader_wsppt:from_file:184 - Loading motion from gr00t/rl/data/motions/g1_wsdpt/33demos_675_775/record_2025-10-26_22-43-46_0.685m_v1.npz...
2026-04-12 18:35:31.039 | INFO     | gr00t.rl.utils.teleop_reset_lib.motion_loader_wsppt:__init__:178 - Motion loaded: duration: 11.84 sec, frames: 593
2026-04-12 18:35:31.039 | INFO     | gr00t.rl.utils.teleop_reset_lib.motion_loader_wsppt:from_file:184 - Loading motion from gr00t/rl/data/motions/g1_wsdpt/33demos_675_775/record_2025-10-26_23-05-23_0.695m_v0.npz...
2026-04-12 18:35:31.043 | INFO     | gr00t.rl.utils.teleop_reset_lib.motion_loader_wsppt:__init__:178 - Motion loaded: duration: 12.32 sec, frames: 617
2026-04-12 18:35:31.044 | INFO     | gr00t.rl.utils.teleop_reset_lib.motion_loader_wsppt:from_file:184 - Loading motion from gr00t/rl/data/motions/g1_wsdpt/33demos_675_775/record_2025-10-27_00-02-14_0.715m_v1.npz...
2026-04-12 18:35:31.047 | INFO     | gr00t.rl.utils.teleop_reset_lib.motion_loader_wsppt:__init__:178 - Motion loaded: duration: 12.48 sec, frames: 625
2026-04-12 18:35:31.048 | INFO     | gr00t.rl.utils.teleop_reset_lib.motion_loader_wsppt:from_file:184 - Loading motion from gr00t/rl/data/motions/g1_wsdpt/33demos_675_775/record_2025-10-27_00-27-52_0.725m_v0.npz...
2026-04-12 18:35:31.052 | INFO     | gr00t.rl.utils.teleop_reset_lib.motion_loader_wsppt:__init__:178 - Motion loaded: duration: 13.88 sec, frames: 695
2026-04-12 18:35:31.052 | INFO     | gr00t.rl.utils.teleop_reset_lib.motion_loader_wsppt:from_file:184 - Loading motion from gr00t/rl/data/motions/g1_wsdpt/33demos_675_775/record_2025-10-14_22-00-53_0.750m.npz...
2026-04-12 18:35:31.055 | INFO     | gr00t.rl.utils.teleop_reset_lib.motion_loader_wsppt:__init__:178 - Motion loaded: duration: 10.64 sec, frames: 533
2026-04-12 18:35:31.056 | INFO     | gr00t.rl.utils.teleop_reset_lib.motion_loader_wsppt:from_file:184 - Loading motion from gr00t/rl/data/motions/g1_wsdpt/33demos_675_775/record_2025-10-26_23-29-10_0.705m_v0.npz...
2026-04-12 18:35:31.060 | INFO     | gr00t.rl.utils.teleop_reset_lib.motion_loader_wsppt:__init__:178 - Motion loaded: duration: 10.92 sec, frames: 547
2026-04-12 18:35:31.060 | INFO     | gr00t.rl.utils.teleop_reset_lib.motion_loader_wsppt:from_file:184 - Loading motion from gr00t/rl/data/motions/g1_wsdpt/33demos_675_775/record_2025-10-27_01-08-56_0.735m_v1.npz...
2026-04-12 18:35:31.064 | INFO     | gr00t.rl.utils.teleop_reset_lib.motion_loader_wsppt:__init__:178 - Motion loaded: duration: 14.1 sec, frames: 706
2026-04-12 18:35:31.065 | INFO     | gr00t.rl.utils.teleop_reset_lib.motion_loader_wsppt:from_file:184 - Loading motion from gr00t/rl/data/motions/g1_wsdpt/33demos_675_775/record_2025-10-26_23-42-08_0.705m_v1.npz...
2026-04-12 18:35:31.068 | INFO     | gr00t.rl.utils.teleop_reset_lib.motion_loader_wsppt:__init__:178 - Motion loaded: duration: 12.14 sec, frames: 608
2026-04-12 18:35:31.069 | INFO     | gr00t.rl.utils.teleop_reset_lib.motion_loader_wsppt:from_file:184 - Loading motion from gr00t/rl/data/motions/g1_wsdpt/33demos_675_775/record_2025-10-31_04-11-04_0.744m.npz...
2026-04-12 18:35:31.072 | INFO     | gr00t.rl.utils.teleop_reset_lib.motion_loader_wsppt:__init__:178 - Motion loaded: duration: 10.26 sec, frames: 514
2026-04-12 18:35:31.072 | INFO     | gr00t.rl.utils.teleop_reset_lib.motion_loader_wsppt:from_file:184 - Loading motion from gr00t/rl/data/motions/g1_wsdpt/33demos_675_775/record_2025-10-26_22-55-27_0.695m_v0.npz...
2026-04-12 18:35:31.077 | INFO     | gr00t.rl.utils.teleop_reset_lib.motion_loader_wsppt:__init__:178 - Motion loaded: duration: 13.620000000000001 sec, frames: 682
2026-04-12 18:35:31.077 | INFO     | gr00t.rl.utils.teleop_reset_lib.motion_loader_wsppt:from_file:184 - Loading motion from gr00t/rl/data/motions/g1_wsdpt/33demos_675_775/record_2025-10-26_22-25-27_0.675m_v1.npz...
2026-04-12 18:35:31.080 | INFO     | gr00t.rl.utils.teleop_reset_lib.motion_loader_wsppt:__init__:178 - Motion loaded: duration: 9.76 sec, frames: 489
2026-04-12 18:35:31.081 | INFO     | gr00t.rl.utils.teleop_reset_lib.motion_loader_wsppt:from_file:184 - Loading motion from gr00t/rl/data/motions/g1_wsdpt/33demos_675_775/record_2025-10-27_01-21-58_0.745m_v0.npz...
2026-04-12 18:35:31.084 | INFO     | gr00t.rl.utils.teleop_reset_lib.motion_loader_wsppt:__init__:178 - Motion loaded: duration: 9.98 sec, frames: 500
2026-04-12 18:35:31.084 | INFO     | gr00t.rl.utils.teleop_reset_lib.motion_loader_wsppt:from_file:184 - Loading motion from gr00t/rl/data/motions/g1_wsdpt/33demos_675_775/record_2025-10-26_22-56-54_0.695m_v0.npz...
2026-04-12 18:35:31.088 | INFO     | gr00t.rl.utils.teleop_reset_lib.motion_loader_wsppt:__init__:178 - Motion loaded: duration: 12.6 sec, frames: 631
2026-04-12 18:35:31.089 | INFO     | gr00t.rl.utils.teleop_reset_lib.motion_loader_wsppt:from_file:184 - Loading motion from gr00t/rl/data/motions/g1_wsdpt/33demos_675_775/record_2025-10-26_22-24-37_0.675m_v1.npz...
2026-04-12 18:35:31.092 | INFO     | gr00t.rl.utils.teleop_reset_lib.motion_loader_wsppt:__init__:178 - Motion loaded: duration: 11.92 sec, frames: 597
2026-04-12 18:35:31.093 | INFO     | gr00t.rl.utils.teleop_reset_lib.motion_loader_wsppt:from_file:184 - Loading motion from gr00t/rl/data/motions/g1_wsdpt/33demos_675_775/record_2025-10-14_22-17-41_0.775m.npz...
2026-04-12 18:35:31.097 | INFO     | gr00t.rl.utils.teleop_reset_lib.motion_loader_wsppt:__init__:178 - Motion loaded: duration: 10.06 sec, frames: 504
2026-04-12 18:35:31.097 | INFO     | gr00t.rl.utils.teleop_reset_lib.motion_loader_wsppt:from_file:184 - Loading motion from gr00t/rl/data/motions/g1_wsdpt/33demos_675_775/record_2025-10-27_01-27-44_0.755m_v0.npz...
2026-04-12 18:35:31.101 | INFO     | gr00t.rl.utils.teleop_reset_lib.motion_loader_wsppt:__init__:178 - Motion loaded: duration: 11.5 sec, frames: 576
2026-04-12 18:35:31.102 | INFO     | gr00t.rl.utils.teleop_reset_lib.motion_loader_wsppt:from_file:184 - Loading motion from gr00t/rl/data/motions/g1_wsdpt/33demos_675_775/record_2025-10-31_03-25-16_0.714m.npz...
2026-04-12 18:35:31.105 | INFO     | gr00t.rl.utils.teleop_reset_lib.motion_loader_wsppt:__init__:178 - Motion loaded: duration: 12.34 sec, frames: 618
2026-04-12 18:35:31.106 | INFO     | gr00t.rl.utils.teleop_reset_lib.motion_loader_wsppt:from_file:184 - Loading motion from gr00t/rl/data/motions/g1_wsdpt/33demos_675_775/record_2025-10-27_01-29-02_0.755m_v0.npz...
2026-04-12 18:35:31.110 | INFO     | gr00t.rl.utils.teleop_reset_lib.motion_loader_wsppt:__init__:178 - Motion loaded: duration: 8.92 sec, frames: 447
2026-04-12 18:35:31.110 | INFO     | gr00t.rl.utils.teleop_reset_lib.motion_loader_wsppt:from_file:184 - Loading motion from gr00t/rl/data/motions/g1_wsdpt/33demos_675_775/record_2025-10-31_04-21-43_0.677m.npz...
2026-04-12 18:35:31.114 | INFO     | gr00t.rl.utils.teleop_reset_lib.motion_loader_wsppt:__init__:178 - Motion loaded: duration: 9.92 sec, frames: 497
2026-04-12 18:35:31.115 | INFO     | gr00t.rl.utils.teleop_reset_lib.motion_loader_wsppt:from_file:184 - Loading motion from gr00t/rl/data/motions/g1_wsdpt/33demos_675_775/record_2025-10-26_23-18-08_0.695_v1.npz...
2026-04-12 18:35:31.118 | INFO     | gr00t.rl.utils.teleop_reset_lib.motion_loader_wsppt:__init__:178 - Motion loaded: duration: 11.78 sec, frames: 590
2026-04-12 18:35:31.119 | INFO     | gr00t.rl.utils.teleop_reset_lib.dataset_wsppt:__init__:41 - number of motion loaders: 295
2026-04-12 18:35:32.356 | INFO     | __main__:main:412 - Saving config file to logs_rl/wsdpt_student_debug/wsdpt_student-20260412_183504
2026-04-12 18:35:40.099 | INFO     | gr00t.rl.trl.callbacks.read_eval_locomanip_callback:on_log:34 - checking for new evaluation results
2026-04-12 18:35:40.100 | INFO     | gr00t.rl.trl.callbacks.read_eval_locomanip_callback:on_log:58 - last checked step: 1
2026-04-12 18:35:40.952 | INFO     | gr00t.rl.trl.callbacks.read_eval_locomanip_callback:on_log:34 - checking for new evaluation results
2026-04-12 18:35:40.952 | INFO     | gr00t.rl.trl.callbacks.read_eval_locomanip_callback:on_log:58 - last checked step: 2
2026-04-12 18:35:41.784 | INFO     | gr00t.rl.trl.callbacks.read_eval_locomanip_callback:on_log:34 - checking for new evaluation results
2026-04-12 18:35:41.784 | INFO     | gr00t.rl.trl.callbacks.read_eval_locomanip_callback:on_log:58 - last checked step: 3
2026-04-12 18:35:42.640 | INFO     | gr00t.rl.trl.callbacks.read_eval_locomanip_callback:on_log:34 - checking for new evaluation results
2026-04-12 18:35:42.640 | INFO     | gr00t.rl.trl.callbacks.read_eval_locomanip_callback:on_log:58 - last checked step: 4
2026-04-12 18:35:43.496 | INFO     | gr00t.rl.trl.callbacks.read_eval_locomanip_callback:on_log:34 - checking for new evaluation results
2026-04-12 18:35:43.496 | INFO     | gr00t.rl.trl.callbacks.read_eval_locomanip_callback:on_log:58 - last checked step: 5
2026-04-12 18:35:44.330 | INFO     | gr00t.rl.trl.callbacks.read_eval_locomanip_callback:on_log:34 - checking for new evaluation results
2026-04-12 18:35:44.330 | INFO     | gr00t.rl.trl.callbacks.read_eval_locomanip_callback:on_log:58 - last checked step: 6
2026-04-12 18:35:45.188 | INFO     | gr00t.rl.trl.callbacks.read_eval_locomanip_callback:on_log:34 - checking for new evaluation results
2026-04-12 18:35:45.189 | INFO     | gr00t.rl.trl.callbacks.read_eval_locomanip_callback:on_log:58 - last checked step: 7
2026-04-12 18:35:46.042 | INFO     | gr00t.rl.trl.callbacks.read_eval_locomanip_callback:on_log:34 - checking for new evaluation results
2026-04-12 18:35:46.042 | INFO     | gr00t.rl.trl.callbacks.read_eval_locomanip_callback:on_log:58 - last checked step: 8
2026-04-12 18:35:46.875 | INFO     | gr00t.rl.trl.callbacks.read_eval_locomanip_callback:on_log:34 - checking for new evaluation results
2026-04-12 18:35:46.876 | INFO     | gr00t.rl.trl.callbacks.read_eval_locomanip_callback:on_log:58 - last checked step: 9
2026-04-12 18:35:47.727 | INFO     | gr00t.rl.trl.callbacks.read_eval_locomanip_callback:on_log:34 - checking for new evaluation results
2026-04-12 18:35:47.727 | INFO     | gr00t.rl.trl.callbacks.read_eval_locomanip_callback:on_log:58 - last checked step: 10
2026-04-12 18:35:48.562 | INFO     | gr00t.rl.trl.callbacks.read_eval_locomanip_callback:on_log:34 - checking for new evaluation results
2026-04-12 18:35:48.562 | INFO     | gr00t.rl.trl.callbacks.read_eval_locomanip_callback:on_log:58 - last checked step: 11
2026-04-12 18:35:49.408 | INFO     | gr00t.rl.trl.callbacks.read_eval_locomanip_callback:on_log:34 - checking for new evaluation results
2026-04-12 18:35:49.408 | INFO     | gr00t.rl.trl.callbacks.read_eval_locomanip_callback:on_log:58 - last checked step: 12
2026-04-12 18:35:50.247 | INFO     | gr00t.rl.trl.callbacks.read_eval_locomanip_callback:on_log:34 - checking for new evaluation results
2026-04-12 18:35:50.247 | INFO     | gr00t.rl.trl.callbacks.read_eval_locomanip_callback:on_log:58 - last checked step: 13
2026-04-12 18:35:51.074 | INFO     | gr00t.rl.trl.callbacks.read_eval_locomanip_callback:on_log:34 - checking for new evaluation results
2026-04-12 18:35:51.074 | INFO     | gr00t.rl.trl.callbacks.read_eval_locomanip_callback:on_log:58 - last checked step: 14
2026-04-12 18:35:51.920 | INFO     | gr00t.rl.trl.callbacks.read_eval_locomanip_callback:on_log:34 - checking for new evaluation results
2026-04-12 18:35:51.921 | INFO     | gr00t.rl.trl.callbacks.read_eval_locomanip_callback:on_log:58 - last checked step: 15
